fam,member_id,source_file,member_ch,sib_ch,sib_rec,start,end,n,fs,lag_samples,lag_s,r,bin,same_instant,ptp_member_mV,ptp_sib_mV,amp_ratio,sib_clears_floor,member_clears_floor,sib_has_family_member,null_same_instant_frac,null_strict_frac,stored_r,stored_lag,stored_bin
F-39,163,M2_aug_concat_fs1.mat,0,1,2,1055932,1056006,74,1.0,-7,-7.0,-0.5352730927777746,propagation,False,25.504276721880956,0.18505922826125243,0.007256007699386513,True,True,False,0.8,0.0,-0.5352730927775711,-7,propagation
F-39,163,M2_aug_concat_fs1.mat,0,2,3,1055932,1056006,74,1.0,0,0.0,-0.957950971685851,artifact,True,25.504276721880956,0.5669745612127599,0.02223056812767146,True,True,False,0.7666666666666667,0.0,-0.9579509716858552,0,artifact
F-39,163,M2_aug_concat_fs1.mat,0,3,4,1055932,1056006,74,1.0,15,15.0,-0.736927225048181,propagation,False,25.504276721880956,0.34345318221812704,0.013466493716462356,True,True,False,0.7666666666666667,0.0,-0.7369272250480486,15,propagation
F-39,163,M2_aug_concat_fs1.mat,0,4,5,1055932,1056006,74,1.0,0,0.0,-0.5608450835175152,artifact,True,25.504276721880956,0.12910882051062345,0.005062241988609571,True,True,False,0.6666666666666666,0.0,-0.5608450835175444,0,artifact
F-39,163,M2_aug_concat_fs1.mat,0,5,6,1055932,1056006,74,1.0,0,0.0,-0.8923392195215233,artifact,True,25.504276721880956,0.2628337534176808,0.01030547763748921,True,True,False,0.8,0.0,-0.8923392195215543,0,artifact
F-39,163,M2_aug_concat_fs1.mat,0,6,7,1055932,1056006,74,1.0,-1,-1.0,0.3775634963651384,independent_recurrence,False,25.504276721880956,0.1372164561939826,0.0053801351706735554,True,True,False,0.6333333333333333,0.0,0.37756349636509956,-1,independent_recurrence
F-39,163,M2_aug_concat_fs1.mat,0,7,8,1055932,1056006,74,1.0,1,1.0,-0.6812488583152673,artifact,True,25.504276721880956,0.17270609442334717,0.006771652311754324,True,True,False,0.6666666666666666,0.0,-0.6812488583153095,1,artifact
F-39,163,M2_aug_concat_fs1.mat,0,8,9,1055932,1056006,74,1.0,3,3.0,-0.7557669718143621,propagation,False,25.504276721880956,0.2105578400705781,0.008255785583205095,True,True,False,0.7,0.0,-0.7557669718141913,3,propagation
F-39,163,M2_aug_concat_fs1.mat,0,9,10,1055932,1056006,74,1.0,0,0.0,0.7038001730776229,artifact,True,25.504276721880956,0.2654363903259309,0.010407524715186467,True,True,False,0.6,0.0,0.7038001730775634,0,artifact
F-39,163,M2_aug_concat_fs1.mat,0,10,11,1055932,1056006,74,1.0,-2,-2.0,-0.8982706702748089,propagation,False,25.504276721880956,3.828205860755588,0.15010054597906886,True,True,False,0.6,0.0,-0.8982706702748294,-2,propagation
F-39,163,M2_aug_concat_fs1.mat,0,11,12,1055932,1056006,74,1.0,58,58.0,-0.47331749305955173,independent_recurrence,False,25.504276721880956,0.2174393616760426,0.008525603923105737,True,True,False,0.7,0.0,-0.4733174930636109,58,independent_recurrence
F-39,163,M2_aug_concat_fs1.mat,0,12,13,1055932,1056006,74,1.0,0,0.0,-0.735983420782936,artifact,True,25.504276721880956,0.13245650806265985,0.005193501839204131,True,True,False,0.4666666666666667,0.0,-0.735983420783521,0,artifact
F-39,163,M2_aug_concat_fs1.mat,0,13,14,1055932,1056006,74,1.0,0,0.0,-0.43629349598801764,independent_recurrence,False,25.504276721880956,0.11763725699574934,0.004612452189041083,True,True,False,0.6333333333333333,0.0,-0.4362934959879723,0,independent_recurrence
F-39,163,M2_aug_concat_fs1.mat,0,14,15,1055932,1056006,74,1.0,0,0.0,0.9156474806304149,artifact,True,25.504276721880956,0.34943948125555835,0.013701211175918694,True,True,False,0.5333333333333333,0.0,0.9156474806303428,0,artifact
F-39,163,M2_aug_concat_fs1.mat,0,15,16,1055932,1056006,74,1.0,0,0.0,-0.35655532244199917,independent_recurrence,False,25.504276721880956,0.10733474345261129,0.004208499798801403,True,True,False,0.6333333333333333,0.0,-0.35655532244204524,0,independent_recurrence
F-130,526,M2_aug_concat_fs1.mat,0,1,2,1213678,1213697,19,1.0,4,4.0,0.2579162419642626,independent_recurrence,False,0.46160268881612865,0.11870786877148021,0.25716459554412474,True,True,False,0.5333333333333333,0.06666666666666667,0.2579162419655026,4,independent_recurrence
F-130,526,M2_aug_concat_fs1.mat,0,2,3,1213678,1213697,19,1.0,0,0.0,0.7772930418126066,artifact,True,0.46160268881612865,0.14993884297211935,0.3248222911280416,True,True,False,0.8,0.2,0.77729304181272,0,artifact
F-130,526,M2_aug_concat_fs1.mat,0,3,4,1213678,1213697,19,1.0,-1,-1.0,-0.3217780258959215,independent_recurrence,False,0.46160268881612865,0.13019360300893368,0.2820468904608006,True,True,False,0.7,0.13333333333333333,-0.32177802589563714,-1,independent_recurrence
F-130,526,M2_aug_concat_fs1.mat,0,4,5,1213678,1213697,19,1.0,0,0.0,0.7634625001428735,artifact,True,0.46160268881612865,0.11706161199845155,0.2535982021653279,True,True,False,0.5666666666666667,0.06666666666666667,0.7634625001428376,0,artifact
F-130,526,M2_aug_concat_fs1.mat,0,5,6,1213678,1213697,19,1.0,0,0.0,0.7174328834942866,artifact,True,0.46160268881612865,0.12538748931683585,0.27163509302429945,True,True,False,0.43333333333333335,0.06666666666666667,0.71743288349399,0,artifact
F-130,526,M2_aug_concat_fs1.mat,0,6,7,1213678,1213697,19,1.0,-1,-1.0,-0.5312957678899229,artifact,True,0.46160268881612865,0.1283793920520111,0.2781166469832865,True,True,False,0.7,0.13333333333333333,-0.5312957678891433,-1,artifact
F-130,526,M2_aug_concat_fs1.mat,0,7,8,1213678,1213697,19,1.0,0,0.0,0.3667796392594435,independent_recurrence,False,0.46160268881612865,0.12804167988133486,0.2773850390900518,True,True,False,0.43333333333333335,0.0,0.3667796392586851,0,independent_recurrence
F-130,526,M2_aug_concat_fs1.mat,0,8,9,1213678,1213697,19,1.0,0,0.0,0.4717561086610768,independent_recurrence,False,0.46160268881612865,0.11486391691528297,0.2488371920230235,True,True,False,0.6333333333333333,0.1,0.4717561086608879,0,independent_recurrence
F-130,526,M2_aug_concat_fs1.mat,0,9,10,1213678,1213697,19,1.0,0,0.0,0.8202491684474245,artifact,True,0.46160268881612865,0.13304594970691141,0.2882261150777394,True,True,False,0.43333333333333335,0.03333333333333333,0.8202491684471177,0,artifact
F-130,526,M2_aug_concat_fs1.mat,0,10,11,1213678,1213697,19,1.0,4,4.0,0.22621644242849184,independent_recurrence,False,0.46160268881612865,0.13022125451561806,0.2821067937225327,True,True,False,0.5333333333333333,0.16666666666666666,0.22621644242909505,4,independent_recurrence
F-130,526,M2_aug_concat_fs1.mat,0,11,12,1213678,1213697,19,1.0,0,0.0,0.5735910815837706,artifact,True,0.46160268881612865,0.0845820410208944,0.18323558997851974,False,True,False,0.43333333333333335,0.13333333333333333,0.5735910815871366,0,artifact
F-130,526,M2_aug_concat_fs1.mat,0,12,13,1213678,1213697,19,1.0,0,0.0,0.9558828321345887,artifact,True,0.46160268881612865,0.15582212808340046,0.3375676352385146,True,True,False,0.5333333333333333,0.06666666666666667,0.9558828321345225,0,artifact
F-130,526,M2_aug_concat_fs1.mat,0,13,14,1213678,1213697,19,1.0,0,0.0,0.5981326779799511,artifact,True,0.46160268881612865,0.08099578493238369,0.1754664496000086,False,True,False,0.4666666666666667,0.0,0.5981326779817963,0,artifact
F-130,526,M2_aug_concat_fs1.mat,0,14,15,1213678,1213697,19,1.0,8,8.0,0.28005801578233075,independent_recurrence,False,0.46160268881612865,0.1045763967322273,0.22655066633262935,True,True,False,0.3333333333333333,0.03333333333333333,0.28005801578019557,8,independent_recurrence
F-130,526,M2_aug_concat_fs1.mat,0,15,16,1213678,1213697,19,1.0,0,0.0,0.9799670347029912,artifact,True,0.46160268881612865,0.20027115172251797,0.4338604531012437,True,True,False,0.7333333333333333,0.13333333333333333,0.9799670347030224,0,artifact
F-130,528,M2_aug_concat_fs1.mat,0,1,2,1214643,1214672,29,1.0,-7,-7.0,0.2595102591109689,independent_recurrence,False,0.5136666484402213,0.0968340739919995,0.18851540057358565,False,True,False,0.5333333333333333,0.16666666666666666,0.259510259112064,-7,independent_recurrence
F-130,528,M2_aug_concat_fs1.mat,0,2,3,1214643,1214672,29,1.0,0,0.0,0.6999342408739477,artifact,True,0.5136666484402213,0.10182674131988279,0.19823506476249844,True,True,False,0.8333333333333334,0.4,0.6999342408738639,0,artifact
F-130,528,M2_aug_concat_fs1.mat,0,3,4,1214643,1214672,29,1.0,0,0.0,-0.7061032947893018,artifact,True,0.5136666484402213,0.12112488078264505,0.23580444856688246,True,True,False,0.6333333333333333,0.23333333333333334,-0.7061032947894689,0,artifact
F-130,528,M2_aug_concat_fs1.mat,0,4,5,1214643,1214672,29,1.0,0,0.0,0.9831102203331004,artifact,True,0.5136666484402213,0.21854107792842115,0.4254531194346253,True,True,False,0.7,0.16666666666666666,0.983110220333103,0,artifact
F-130,528,M2_aug_concat_fs1.mat,0,5,6,1214643,1214672,29,1.0,3,3.0,0.25503853126722187,independent_recurrence,False,0.5136666484402213,0.08754026882184007,0.17042233340953944,False,True,False,0.7,0.13333333333333333,0.25503853126782916,3,independent_recurrence
F-130,528,M2_aug_concat_fs1.mat,0,6,7,1214643,1214672,29,1.0,-2,-2.0,-0.11191213690241023,independent_recurrence,False,0.5136666484402213,0.06768681614903471,0.13177187258423276,False,True,False,0.6,0.23333333333333334,-0.11191213689909744,-2,independent_recurrence
F-130,528,M2_aug_concat_fs1.mat,0,7,8,1214643,1214672,29,1.0,0,0.0,0.7271448393326622,artifact,True,0.5136666484402213,0.11904099865364515,0.23174757211728675,True,True,False,0.4,0.0,0.7271448393329891,0,artifact
F-130,528,M2_aug_concat_fs1.mat,0,8,9,1214643,1214672,29,1.0,3,3.0,0.31338824087796197,independent_recurrence,False,0.5136666484402213,0.0972698437813051,0.18936375191317298,False,True,False,0.6,0.1,0.3133882408829559,3,independent_recurrence
F-130,528,M2_aug_concat_fs1.mat,0,9,10,1214643,1214672,29,1.0,-2,-2.0,-0.34116648926773735,independent_recurrence,False,0.5136666484402213,0.08172308724692812,0.1590975148865223,False,True,False,0.5333333333333333,0.13333333333333333,-0.34116648926650833,-2,independent_recurrence
F-130,528,M2_aug_concat_fs1.mat,0,10,11,1214643,1214672,29,1.0,25,25.0,0.2600136002348811,independent_recurrence,False,0.5136666484402213,0.12382098200805558,0.2410531857266677,True,True,False,0.5333333333333333,0.1,0.26001360023148395,25,independent_recurrence
F-130,528,M2_aug_concat_fs1.mat,0,11,12,1214643,1214672,29,1.0,11,11.0,-0.2548247153769804,independent_recurrence,False,0.5136666484402213,0.06027388082111429,0.11734046001261605,False,True,False,0.6,0.06666666666666667,-0.2548247153600388,11,independent_recurrence
F-130,528,M2_aug_concat_fs1.mat,0,12,13,1214643,1214672,29,1.0,11,11.0,-0.3610166919137338,independent_recurrence,False,0.5136666484402213,0.11948700888842723,0.23261585943190297,True,True,False,0.3333333333333333,0.03333333333333333,-0.3610166919119965,11,independent_recurrence
F-130,528,M2_aug_concat_fs1.mat,0,13,14,1214643,1214672,29,1.0,0,0.0,0.8727778160467151,artifact,True,0.5136666484402213,0.11696985705384577,0.22771549877538588,True,True,False,0.43333333333333335,0.03333333333333333,0.8727778160469754,0,artifact
F-130,528,M2_aug_concat_fs1.mat,0,14,15,1214643,1214672,29,1.0,1,1.0,-0.6521817858005281,artifact,True,0.5136666484402213,0.10766528816066057,0.2096014769259256,True,True,False,0.5333333333333333,0.06666666666666667,-0.6521817858019748,1,artifact
F-130,528,M2_aug_concat_fs1.mat,0,15,16,1214643,1214672,29,1.0,0,0.0,0.8155677521174072,artifact,True,0.5136666484402213,0.10200024315554401,0.198572836031449,True,True,False,0.7333333333333333,0.2,0.8155677521174466,0,artifact
F-130,541,M2_aug_concat_fs1.mat,0,1,2,1132900,1132914,14,1.0,1,1.0,-0.466073291704138,independent_recurrence,False,0.452575732331411,0.09316101064734994,0.20584623520894008,False,True,False,0.5,0.06666666666666667,-0.46607329170372325,1,independent_recurrence
F-130,541,M2_aug_concat_fs1.mat,0,2,3,1132900,1132914,14,1.0,0,0.0,0.9199995541452274,artifact,True,0.452575732331411,0.13001844151597197,0.2872854910849758,True,True,False,0.9333333333333333,0.13333333333333333,0.9199995541452051,0,artifact
F-130,541,M2_aug_concat_fs1.mat,0,3,4,1132900,1132914,14,1.0,2,2.0,-0.34361578608223414,independent_recurrence,False,0.452575732331411,0.08132509634697271,0.17969389549022521,False,True,False,0.7,0.13333333333333333,-0.34361578608141474,2,independent_recurrence
F-130,541,M2_aug_concat_fs1.mat,0,4,5,1132900,1132914,14,1.0,0,0.0,-0.8656082509857097,artifact,True,0.452575732331411,0.7386656555239597,1.6321371270146925,True,True,False,0.43333333333333335,0.03333333333333333,-0.8656082509857418,0,artifact
F-130,541,M2_aug_concat_fs1.mat,0,5,6,1132900,1132914,14,1.0,0,0.0,0.4791811834685813,independent_recurrence,False,0.452575732331411,0.07924244061518948,0.1750921115610371,False,True,False,0.36666666666666664,0.0,0.47918118346836425,0,independent_recurrence
F-130,541,M2_aug_concat_fs1.mat,0,6,7,1132900,1132914,14,1.0,6,6.0,0.3238138874278624,independent_recurrence,False,0.452575732331411,0.07399850069214153,0.16350523328094424,False,True,False,0.5333333333333333,0.13333333333333333,0.32381388742707895,6,independent_recurrence
F-130,541,M2_aug_concat_fs1.mat,0,7,8,1132900,1132914,14,1.0,2,2.0,-0.40854761863223665,independent_recurrence,False,0.452575732331411,0.0872636293540836,0.19281552924756118,False,True,False,0.43333333333333335,0.03333333333333333,-0.4085476186346112,2,independent_recurrence
F-130,541,M2_aug_concat_fs1.mat,0,8,9,1132900,1132914,14,1.0,0,0.0,-0.8046251988324542,artifact,True,0.452575732331411,0.15096993730617214,0.3335793912953783,True,True,False,0.6666666666666666,0.13333333333333333,-0.8046251988325609,0,artifact
F-130,541,M2_aug_concat_fs1.mat,0,9,10,1132900,1132914,14,1.0,2,2.0,-0.4065921206422813,independent_recurrence,False,0.452575732331411,0.08029559950114162,0.1774191450511601,False,True,False,0.4,0.03333333333333333,-0.4065921206427871,2,independent_recurrence
F-130,541,M2_aug_concat_fs1.mat,0,10,11,1132900,1132914,14,1.0,2,2.0,-0.5439147801737743,propagation,False,0.452575732331411,0.10781818744408156,0.2382323658598838,True,True,False,0.5666666666666667,0.1,-0.5439147801766098,2,propagation
F-130,541,M2_aug_concat_fs1.mat,0,11,12,1132900,1132914,14,1.0,0,0.0,0.3332004856321196,independent_recurrence,False,0.452575732331411,0.06776611686746037,0.14973431411880644,False,True,False,0.4666666666666667,0.0,0.33320048563243393,0,independent_recurrence
F-130,541,M2_aug_concat_fs1.mat,0,12,13,1132900,1132914,14,1.0,6,6.0,0.3001955566469308,independent_recurrence,False,0.452575732331411,0.06855456516404956,0.15147644972233862,False,True,False,0.23333333333333334,0.03333333333333333,0.3001955566423344,6,independent_recurrence
F-130,541,M2_aug_concat_fs1.mat,0,13,14,1132900,1132914,14,1.0,2,2.0,-0.37757938181214007,independent_recurrence,False,0.452575732331411,0.07532639219698467,0.16643930908302623,False,True,False,0.3333333333333333,0.0,-0.37757938181928036,2,independent_recurrence
F-130,541,M2_aug_concat_fs1.mat,0,14,15,1132900,1132914,14,1.0,0,0.0,0.37702538621125053,independent_recurrence,False,0.452575732331411,0.06720850524470734,0.14850222944674388,False,True,False,0.4666666666666667,0.03333333333333333,0.3770253862087759,0,independent_recurrence
F-130,541,M2_aug_concat_fs1.mat,0,15,16,1132900,1132914,14,1.0,-8,-8.0,0.326987178488253,independent_recurrence,False,0.452575732331411,0.07198637660849272,0.15905929431447888,False,True,False,0.6666666666666666,0.2,0.32698717846673936,-8,independent_recurrence
F-130,555,M2_aug_concat_fs1.mat,0,1,2,1135430,1135446,16,1.0,0,0.0,0.752527344290879,artifact,True,0.6970934847169588,0.1382349163195613,0.1983018337571881,True,True,False,0.6,0.0,0.7525273442909053,0,artifact
F-130,555,M2_aug_concat_fs1.mat,0,2,3,1135430,1135446,16,1.0,0,0.0,0.7667622194413527,artifact,True,0.6970934847169588,0.1276008267451516,0.18304693637606073,True,True,False,0.8,0.2,0.7667622194411952,0,artifact
F-130,555,M2_aug_concat_fs1.mat,0,3,4,1135430,1135446,16,1.0,0,0.0,-0.7834878738720712,artifact,True,0.6970934847169588,0.15966718921254142,0.2290470255612433,True,True,False,0.7333333333333333,0.06666666666666667,-0.7834878738721738,0,artifact
F-130,555,M2_aug_concat_fs1.mat,0,4,5,1135430,1135446,16,1.0,0,0.0,0.9480402668938267,artifact,True,0.6970934847169588,0.1735986480059637,0.24903209083420144,True,True,False,0.6666666666666666,0.03333333333333333,0.9480402668938481,0,artifact
F-130,555,M2_aug_concat_fs1.mat,0,5,6,1135430,1135446,16,1.0,0,0.0,0.6031086659672391,artifact,True,0.6970934847169588,0.1363080640790031,0.19553771060469505,True,True,False,0.43333333333333335,0.03333333333333333,0.6031086659670589,0,artifact
F-130,555,M2_aug_concat_fs1.mat,0,6,7,1135430,1135446,16,1.0,0,0.0,0.8526673274653942,artifact,True,0.6970934847169588,0.14494874601223273,0.20793300925927655,True,True,False,0.5666666666666667,0.03333333333333333,0.8526673274650418,0,artifact
F-130,555,M2_aug_concat_fs1.mat,0,7,8,1135430,1135446,16,1.0,10,10.0,-0.22315140238698045,independent_recurrence,False,0.6970934847169588,0.13536681580103505,0.1941874637603278,True,True,False,0.5333333333333333,0.1,-0.22315140238971715,10,independent_recurrence
F-130,555,M2_aug_concat_fs1.mat,0,8,9,1135430,1135446,16,1.0,1,1.0,-0.28036506229855507,independent_recurrence,False,0.6970934847169588,0.12002608177249385,0.17218075395042332,True,True,False,0.7,0.1,-0.28036506229858477,1,independent_recurrence
F-130,555,M2_aug_concat_fs1.mat,0,9,10,1135430,1135446,16,1.0,12,12.0,0.2853480689546449,independent_recurrence,False,0.6970934847169588,0.11713882166304757,0.16803889898728505,True,True,False,0.26666666666666666,0.03333333333333333,0.2853480689565965,12,independent_recurrence
F-130,555,M2_aug_concat_fs1.mat,0,10,11,1135430,1135446,16,1.0,1,1.0,-0.44383651881707714,independent_recurrence,False,0.6970934847169588,0.12977820308060473,0.18617044331335078,True,True,False,0.36666666666666664,0.06666666666666667,-0.4438365188168021,1,independent_recurrence
F-130,555,M2_aug_concat_fs1.mat,0,11,12,1135430,1135446,16,1.0,0,0.0,0.6331321929224278,artifact,True,0.6970934847169588,0.11545498970735935,0.1656233951953196,True,True,False,0.6666666666666666,0.03333333333333333,0.63313219292193,0,artifact
F-130,555,M2_aug_concat_fs1.mat,0,12,13,1135430,1135446,16,1.0,-4,-4.0,0.3471899864113086,independent_recurrence,False,0.6970934847169588,0.1004826107723602,0.14414510101634248,True,True,False,0.4,0.0,0.34718998641669657,-4,independent_recurrence
F-130,555,M2_aug_concat_fs1.mat,0,13,14,1135430,1135446,16,1.0,-4,-4.0,0.3640357497271979,independent_recurrence,False,0.6970934847169588,0.0937538913831304,0.1344925658302449,False,True,False,0.4666666666666667,0.0,0.3640357497237857,-4,independent_recurrence
F-130,555,M2_aug_concat_fs1.mat,0,14,15,1135430,1135446,16,1.0,-4,-4.0,0.24502880383045764,independent_recurrence,False,0.6970934847169588,0.11000274687967249,0.1578020011538868,True,True,False,0.5666666666666667,0.0,0.24502880382890269,-4,independent_recurrence
F-130,555,M2_aug_concat_fs1.mat,0,15,16,1135430,1135446,16,1.0,0,0.0,-0.8766712072217808,artifact,True,0.6970934847169588,0.4906016447280308,0.70378171003453,True,True,False,0.6666666666666666,0.16666666666666666,-0.876671207221897,0,artifact
F-130,584,M2_aug_concat_fs1.mat,0,1,2,1048111,1049154,1043,1.0,13,13.0,0.6346839537203717,propagation,False,36.12623810705196,1.0876633994195117,0.030107297532515467,True,True,False,0.6333333333333333,0.0,0.6346839537203637,13,propagation
F-130,584,M2_aug_concat_fs1.mat,0,2,3,1048111,1049154,1043,1.0,0,0.0,0.9275645814948018,artifact,True,36.12623810705196,41.23641409651941,1.1414533108685325,True,True,False,0.6,0.0,0.9275645814948015,0,artifact
F-130,584,M2_aug_concat_fs1.mat,0,3,4,1048111,1049154,1043,1.0,0,0.0,0.8876879623641364,artifact,True,36.12623810705196,20.05130810387925,0.5550344889069745,True,True,False,0.5333333333333333,0.0,0.8876879623641359,0,artifact
F-130,584,M2_aug_concat_fs1.mat,0,4,5,1048111,1049154,1043,1.0,0,0.0,0.706959030103289,artifact,True,36.12623810705196,0.4275348437063258,0.011834468965172146,True,True,False,0.6666666666666666,0.0,0.7069590301032925,0,artifact
F-130,584,M2_aug_concat_fs1.mat,0,5,6,1048111,1049154,1043,1.0,0,0.0,-0.8621496829604719,artifact,True,36.12623810705196,1.9891831038969485,0.055062005017030916,True,True,False,0.4666666666666667,0.0,-0.8621496829604735,0,artifact
F-130,584,M2_aug_concat_fs1.mat,0,6,7,1048111,1049154,1043,1.0,0,0.0,0.9349167026898432,artifact,True,36.12623810705196,1.4115867243463072,0.03907372586548835,True,True,False,0.6333333333333333,0.0,0.9349167026898425,0,artifact
F-130,584,M2_aug_concat_fs1.mat,0,7,8,1048111,1049154,1043,1.0,0,0.0,-0.8333096692831348,artifact,True,36.12623810705196,2.7107493774969953,0.07503547337157832,True,True,False,0.5666666666666667,0.0,-0.8333096692831329,0,artifact
F-130,584,M2_aug_concat_fs1.mat,0,8,9,1048111,1049154,1043,1.0,-225,-225.0,-0.541940473434328,independent_recurrence,False,36.12623810705196,1.2805785509381167,0.03544732632120208,True,True,False,0.7333333333333333,0.03333333333333333,-0.541940473434623,-225,independent_recurrence
F-130,584,M2_aug_concat_fs1.mat,0,9,10,1048111,1049154,1043,1.0,329,329.0,-0.4912377165854475,independent_recurrence,False,36.12623810705196,0.5013302529396242,0.01387717845002419,True,True,False,0.7333333333333333,0.0,-0.49123771658550247,329,independent_recurrence
F-130,584,M2_aug_concat_fs1.mat,0,10,11,1048111,1049154,1043,1.0,0,0.0,-0.9025357055265181,artifact,True,36.12623810705196,5.239556636478028,0.1450346593230046,True,True,False,0.7,0.0,-0.9025357055265181,0,artifact
F-130,584,M2_aug_concat_fs1.mat,0,11,12,1048111,1049154,1043,1.0,0,0.0,0.9134454291871806,artifact,True,36.12623810705196,1.2721850570123934,0.03521498843147077,True,True,False,0.6333333333333333,0.0,0.9134454291871813,0,artifact
F-130,584,M2_aug_concat_fs1.mat,0,12,13,1048111,1049154,1043,1.0,301,301.0,-0.4839385432299432,independent_recurrence,False,36.12623810705196,0.9311839813744882,0.025775835795997758,True,True,False,0.6666666666666666,0.03333333333333333,-0.48393854322970054,301,independent_recurrence
F-130,584,M2_aug_concat_fs1.mat,0,13,14,1048111,1049154,1043,1.0,0,0.0,0.8991696005053356,artifact,True,36.12623810705196,0.5545386658832285,0.015350025215467446,True,True,False,0.6333333333333333,0.0,0.8991696005053456,0,artifact
F-130,584,M2_aug_concat_fs1.mat,0,14,15,1048111,1049154,1043,1.0,-208,-208.0,-0.6097526041122181,independent_recurrence,False,36.12623810705196,0.4999264236457748,0.013838319455359719,True,True,False,0.5,0.0,-0.6097526041126162,-208,independent_recurrence
F-130,584,M2_aug_concat_fs1.mat,0,15,16,1048111,1049154,1043,1.0,55,55.0,-0.49433027153278086,independent_recurrence,False,36.12623810705196,0.2665460926587002,0.007378185679584212,True,True,False,0.6,0.03333333333333333,-0.49433027153244624,55,independent_recurrence
F-130,621,M2_aug_concat_fs1.mat,1,0,1,1448837,1450800,1963,1.0,0,0.0,0.8110160102294276,artifact,True,14.197150032970626,17.169603414610094,1.209369723834461,True,True,False,0.5333333333333333,0.06666666666666667,0.8110160102294276,0,artifact
F-130,621,M2_aug_concat_fs1.mat,1,2,3,1448837,1450800,1963,1.0,0,0.0,0.980039587121697,artifact,True,14.197150032970626,8.322379386244847,0.5862007069670633,True,True,False,0.43333333333333335,0.06666666666666667,0.9800395871216968,0,artifact
F-130,621,M2_aug_concat_fs1.mat,1,3,4,1448837,1450800,1963,1.0,0,0.0,0.8787811874563659,artifact,True,14.197150032970626,14.123992497744325,0.994847026688004,True,True,False,0.7,0.1,0.8787811874563656,0,artifact
F-130,621,M2_aug_concat_fs1.mat,1,4,5,1448837,1450800,1963,1.0,0,0.0,0.9736805122297901,artifact,True,14.197150032970626,5.412433641071857,0.3812338130189749,True,True,False,0.5666666666666667,0.06666666666666667,0.97368051222979,0,artifact
F-130,621,M2_aug_concat_fs1.mat,1,5,6,1448837,1450800,1963,1.0,-37,-37.0,-0.7982019097740302,propagation,False,14.197150032970626,19.914989507180508,1.4027455835101488,True,True,False,0.7,0.16666666666666666,-0.7982019097740308,-37,propagation
F-130,621,M2_aug_concat_fs1.mat,1,6,7,1448837,1450800,1963,1.0,0,0.0,-0.8998608291099982,artifact,True,14.197150032970626,17.929546898526496,1.26289761373853,True,True,False,0.6666666666666666,0.03333333333333333,-0.8998608291099981,0,artifact
F-130,621,M2_aug_concat_fs1.mat,1,7,8,1448837,1450800,1963,1.0,0,0.0,-0.9146938642203043,artifact,True,14.197150032970626,9.14400471542308,0.6440732607732947,True,True,False,0.6666666666666666,0.16666666666666666,-0.9146938642203042,0,artifact
F-130,621,M2_aug_concat_fs1.mat,1,8,9,1448837,1450800,1963,1.0,0,0.0,-0.9182567234222339,artifact,True,14.197150032970626,8.540614871330263,0.6015724882456015,True,True,False,0.6666666666666666,0.23333333333333334,-0.9182567234222337,0,artifact
F-130,621,M2_aug_concat_fs1.mat,1,9,10,1448837,1450800,1963,1.0,0,0.0,0.7879987832321806,artifact,True,14.197150032970626,13.746734858343416,0.9682742540875322,True,True,False,0.7333333333333333,0.13333333333333333,0.7879987832321805,0,artifact
F-130,621,M2_aug_concat_fs1.mat,1,10,11,1448837,1450800,1963,1.0,0,0.0,0.6828355454753924,artifact,True,14.197150032970626,10.580389638594625,0.7452474344515166,True,True,False,0.5333333333333333,0.06666666666666667,0.6828355454753903,0,artifact
F-130,621,M2_aug_concat_fs1.mat,1,11,12,1448837,1450800,1963,1.0,0,0.0,0.823276567185842,artifact,True,14.197150032970626,13.651847756644656,0.9615907224295305,True,True,False,0.7666666666666667,0.1,0.8232765671858425,0,artifact
F-130,621,M2_aug_concat_fs1.mat,1,12,13,1448837,1450800,1963,1.0,-381,-381.0,-0.5225693308983534,independent_recurrence,False,14.197150032970626,1.591195334448912,0.11207850383729225,True,True,False,0.6,0.0,-0.5225693308986875,-381,independent_recurrence
F-130,621,M2_aug_concat_fs1.mat,1,13,14,1448837,1450800,1963,1.0,-370,-370.0,-0.6209348247038748,independent_recurrence,False,14.197150032970626,1.1000078756978837,0.07748089392189912,True,True,False,0.6666666666666666,0.06666666666666667,-0.6209348247042914,-370,independent_recurrence
F-130,621,M2_aug_concat_fs1.mat,1,14,15,1448837,1450800,1963,1.0,-241,-241.0,-0.7243310153262713,independent_recurrence,False,14.197150032970626,1.3476598034108065,0.09492467152076865,True,True,False,0.3333333333333333,0.03333333333333333,-0.7243310153261107,-241,independent_recurrence
F-130,621,M2_aug_concat_fs1.mat,1,15,16,1448837,1450800,1963,1.0,0,0.0,-0.4737767474816139,independent_recurrence,False,14.197150032970626,13.619993913194321,0.9593470437069446,True,True,False,0.4,0.03333333333333333,-0.4737767474816134,0,independent_recurrence
F-39,770,M2_aug_concat_fs1.mat,1,0,1,1117856,1118700,844,1.0,0,0.0,-0.7784525755399466,artifact,True,8.386471736706426,1.2789681947706981,0.15250372682624463,True,True,False,0.4,0.03333333333333333,-0.778452575539948,0,artifact
F-39,770,M2_aug_concat_fs1.mat,1,2,3,1117856,1118700,844,1.0,-28,-28.0,0.7120100953707308,propagation,False,8.386471736706426,15.383133635579838,1.8342795538498022,True,True,False,0.5,0.03333333333333333,0.7120100953707308,-28,propagation
F-39,770,M2_aug_concat_fs1.mat,1,3,4,1117856,1118700,844,1.0,0,0.0,0.746624685610879,artifact,True,8.386471736706426,3.2069046138318527,0.38239020108965194,True,True,False,0.36666666666666664,0.03333333333333333,0.7466246856108785,0,artifact
F-39,770,M2_aug_concat_fs1.mat,1,4,5,1117856,1118700,844,1.0,29,29.0,0.8459152094379148,propagation,False,8.386471736706426,10.543428260882138,1.2571947526794864,True,True,False,0.4,0.0,0.8459152094379145,29,propagation
F-39,770,M2_aug_concat_fs1.mat,1,5,6,1117856,1118700,844,1.0,614,614.0,-0.6869064215353596,independent_recurrence,False,8.386471736706426,6.741758673166714,0.8038849810533516,True,True,False,0.5666666666666667,0.03333333333333333,-0.6869064215353641,614,independent_recurrence
F-39,770,M2_aug_concat_fs1.mat,1,6,7,1117856,1118700,844,1.0,259,259.0,0.8255734241320783,independent_recurrence,False,8.386471736706426,1.58880852135826,0.18944898060101542,True,True,False,0.36666666666666664,0.0,0.8255734241321004,259,independent_recurrence
F-39,770,M2_aug_concat_fs1.mat,1,7,8,1117856,1118700,844,1.0,0,0.0,0.6996049577210062,artifact,True,8.386471736706426,1.7421345832260613,0.20773152738367667,True,True,False,0.5333333333333333,0.0,0.6996049577210034,0,artifact
F-39,770,M2_aug_concat_fs1.mat,1,8,9,1117856,1118700,844,1.0,616,616.0,-0.658872348200859,independent_recurrence,False,8.386471736706426,1.2530722144290394,0.149415899053772,True,True,False,0.6666666666666666,0.0,-0.6588723482008518,616,independent_recurrence
F-39,770,M2_aug_concat_fs1.mat,1,9,10,1117856,1118700,844,1.0,0,0.0,-0.8912714054089171,artifact,True,8.386471736706426,0.8396923349771441,0.10012462467403628,True,True,False,0.5666666666666667,0.0,-0.8912714054089212,0,artifact
F-39,770,M2_aug_concat_fs1.mat,1,10,11,1117856,1118700,844,1.0,520,520.0,-0.6144495566919077,independent_recurrence,False,8.386471736706426,1.723186365530637,0.20547214843501932,True,True,False,0.5333333333333333,0.0,-0.6144495566913126,520,independent_recurrence
F-39,770,M2_aug_concat_fs1.mat,1,11,12,1117856,1118700,844,1.0,747,747.0,0.45778932395703387,independent_recurrence,False,8.386471736706426,4.443749968600514,0.5298712149891158,True,True,False,0.4,0.0,0.45778932395697797,747,independent_recurrence
F-39,770,M2_aug_concat_fs1.mat,1,12,13,1117856,1118700,844,1.0,622,622.0,-0.6615607500144407,independent_recurrence,False,8.386471736706426,1.0472641506507898,0.12487541644802302,True,True,False,0.23333333333333334,0.0,-0.6615607500147189,622,independent_recurrence
F-39,770,M2_aug_concat_fs1.mat,1,13,14,1117856,1118700,844,1.0,623,623.0,-0.679003444057837,independent_recurrence,False,8.386471736706426,0.8314711487500972,0.09914433326125253,True,True,False,0.6,0.0,-0.6790034440573973,623,independent_recurrence
F-39,770,M2_aug_concat_fs1.mat,1,14,15,1117856,1118700,844,1.0,-50,-50.0,-0.7679490118939162,propagation,False,8.386471736706426,0.896716444140111,0.10692415980075473,True,True,False,0.4,0.0,-0.7679490118941165,-50,propagation
F-39,770,M2_aug_concat_fs1.mat,1,15,16,1117856,1118700,844,1.0,301,301.0,0.7072562674246892,independent_recurrence,False,8.386471736706426,0.452918684738961,0.05400586789753296,True,True,False,0.4,0.0,0.7072562674257288,301,independent_recurrence
F-130,807,M2_aug_concat_fs1.mat,6,0,1,2320344,2320908,564,1.0,1,1.0,-0.7450554309165279,artifact,True,3.119444853650066,0.5409216597354316,0.17340318073021826,True,True,False,0.7,0.26666666666666666,-0.7450554309165287,1,artifact
F-130,807,M2_aug_concat_fs1.mat,6,1,2,2320344,2320908,564,1.0,0,0.0,0.9370672967582424,artifact,True,3.119444853650066,0.3607689452816203,0.11565165027985161,True,True,False,0.7,0.23333333333333334,0.9370672967582325,0,artifact
F-130,807,M2_aug_concat_fs1.mat,6,2,3,2320344,2320908,564,1.0,11,11.0,0.881956180979261,propagation,False,3.119444853650066,5.333646064754021,1.7098061722466789,True,True,False,0.6333333333333333,0.23333333333333334,0.8819561809792594,11,propagation
F-130,807,M2_aug_concat_fs1.mat,6,3,4,2320344,2320908,564,1.0,0,0.0,0.8997135111055911,artifact,True,3.119444853650066,8.334644836260168,2.6718359282767223,True,True,False,0.5333333333333333,0.16666666666666666,0.8997135111055914,0,artifact
F-130,807,M2_aug_concat_fs1.mat,6,4,5,2320344,2320908,564,1.0,0,0.0,-0.9610320887940299,artifact,True,3.119444853650066,1.88676307120204,0.6048393735809551,True,True,False,0.8,0.13333333333333333,-0.9610320887940305,0,artifact
F-130,807,M2_aug_concat_fs1.mat,6,5,6,2320344,2320908,564,1.0,0,0.0,0.9754600843729606,artifact,True,3.119444853650066,3.4702419571253813,1.1124549783481017,True,True,False,0.6333333333333333,0.2,0.9754600843729597,0,artifact
F-130,807,M2_aug_concat_fs1.mat,6,7,8,2320344,2320908,564,1.0,0,0.0,0.9615353218638553,artifact,True,3.119444853650066,3.534695483532005,1.1331168362845248,True,True,False,0.4666666666666667,0.1,0.9615353218638553,0,artifact
F-130,807,M2_aug_concat_fs1.mat,6,8,9,2320344,2320908,564,1.0,0,0.0,0.9684681316801321,artifact,True,3.119444853650066,3.3873809790461564,1.085892246206109,True,True,False,0.7,0.3333333333333333,0.9684681316801313,0,artifact
F-130,807,M2_aug_concat_fs1.mat,6,9,10,2320344,2320908,564,1.0,16,16.0,-0.8598959556556258,propagation,False,3.119444853650066,0.49107409664338775,0.1574235544086575,True,True,False,0.5666666666666667,0.26666666666666666,-0.8598959556555901,16,propagation
F-130,807,M2_aug_concat_fs1.mat,6,10,11,2320344,2320908,564,1.0,16,16.0,-0.833413937411382,propagation,False,3.119444853650066,0.7449150863958494,0.23879732495486286,True,True,False,0.6,0.2,-0.8334139374113702,16,propagation
F-130,807,M2_aug_concat_fs1.mat,6,11,12,2320344,2320908,564,1.0,1,1.0,-0.8064485426493939,artifact,True,3.119444853650066,0.8530929546036532,0.2734758890209097,True,True,False,0.5333333333333333,0.06666666666666667,-0.806448542649368,1,artifact
F-130,807,M2_aug_concat_fs1.mat,6,12,13,2320344,2320908,564,1.0,1,1.0,-0.934855822850144,artifact,True,3.119444853650066,0.8537287894509973,0.2736797185089034,True,True,False,0.5666666666666667,0.13333333333333333,-0.9348558228501376,1,artifact
F-130,807,M2_aug_concat_fs1.mat,6,13,14,2320344,2320908,564,1.0,1,1.0,-0.9348774344771641,artifact,True,3.119444853650066,0.6942733738960669,0.2225631182688474,True,True,False,0.5666666666666667,0.03333333333333333,-0.9348774344771619,1,artifact
F-130,807,M2_aug_concat_fs1.mat,6,14,15,2320344,2320908,564,1.0,1,1.0,-0.6469561577370546,artifact,True,3.119444853650066,0.2031539865920422,0.06512504503945037,True,True,False,0.6,0.13333333333333333,-0.6469561577368459,1,artifact
F-130,807,M2_aug_concat_fs1.mat,6,15,16,2320344,2320908,564,1.0,47,47.0,-0.8548560371413324,propagation,False,3.119444853650066,1.1655196036667803,0.3736304561701113,True,True,False,0.4,0.13333333333333333,-0.8548560371413527,47,propagation
F-130,808,M2_aug_concat_fs1.mat,6,0,1,2324789,2325360,571,1.0,0,0.0,-0.7574879208711859,artifact,True,3.836200443577809,0.5528723166206646,0.14411976765870754,True,True,False,0.8,0.16666666666666666,-0.7574879208711872,0,artifact
F-130,808,M2_aug_concat_fs1.mat,6,1,2,2324789,2325360,571,1.0,0,0.0,0.968272252932362,artifact,True,3.836200443577809,0.627722787775042,0.16363138397158417,True,True,False,0.6666666666666666,0.1,0.9682722529323583,0,artifact
F-130,808,M2_aug_concat_fs1.mat,6,2,3,2324789,2325360,571,1.0,71,71.0,0.8492458792584586,independent_recurrence,False,3.836200443577809,5.65724111089537,1.4746990398706015,True,True,False,0.6,0.2,0.8492458792584561,71,independent_recurrence
F-130,808,M2_aug_concat_fs1.mat,6,3,4,2324789,2325360,571,1.0,0,0.0,0.9871541408119675,artifact,True,3.836200443577809,2.5836016476163195,0.6734793151753924,True,True,False,0.7666666666666667,0.16666666666666666,0.9871541408119675,0,artifact
F-130,808,M2_aug_concat_fs1.mat,6,4,5,2324789,2325360,571,1.0,0,0.0,-0.9149654695268772,artifact,True,3.836200443577809,0.6717259260142328,0.17510188424558745,True,True,False,0.6666666666666666,0.06666666666666667,-0.9149654695268793,0,artifact
F-130,808,M2_aug_concat_fs1.mat,6,5,6,2324789,2325360,571,1.0,0,0.0,0.9910895031388,artifact,True,3.836200443577809,4.163377225888553,1.0852866754808057,True,True,False,0.7333333333333333,0.26666666666666666,0.9910895031387995,0,artifact
F-130,808,M2_aug_concat_fs1.mat,6,7,8,2324789,2325360,571,1.0,0,0.0,0.9861633399964833,artifact,True,3.836200443577809,4.776187032484813,1.2450306241115836,True,True,False,0.5,0.1,0.9861633399964833,0,artifact
F-130,808,M2_aug_concat_fs1.mat,6,8,9,2324789,2325360,571,1.0,0,0.0,0.9847863819622422,artifact,True,3.836200443577809,4.175586173239026,1.0884692378964147,True,True,False,0.7,0.3,0.9847863819622424,0,artifact
F-130,808,M2_aug_concat_fs1.mat,6,9,10,2324789,2325360,571,1.0,1,1.0,-0.8793614843955713,artifact,True,3.836200443577809,0.6178915191326269,0.1610686219921173,True,True,False,0.6666666666666666,0.16666666666666666,-0.8793614843955926,1,artifact
F-130,808,M2_aug_concat_fs1.mat,6,10,11,2324789,2325360,571,1.0,1,1.0,-0.8309725978876656,artifact,True,3.836200443577809,1.024411176681042,0.2670379694043388,True,True,False,0.7666666666666667,0.06666666666666667,-0.830972597887683,1,artifact
F-130,808,M2_aug_concat_fs1.mat,6,11,12,2324789,2325360,571,1.0,1,1.0,-0.6718189486801965,artifact,True,3.836200443577809,0.6605557612510893,0.1721901060610446,True,True,False,0.6666666666666666,0.1,-0.6718189486801803,1,artifact
F-130,808,M2_aug_concat_fs1.mat,6,12,13,2324789,2325360,571,1.0,0,0.0,-0.9611250027857778,artifact,True,3.836200443577809,0.9728537530554604,0.253598258840754,True,True,False,0.7,0.0,-0.9611250027857738,0,artifact
F-130,808,M2_aug_concat_fs1.mat,6,13,14,2324789,2325360,571,1.0,0,0.0,-0.9748508390179477,artifact,True,3.836200443577809,0.9535801228307719,0.24857411307252267,True,True,False,0.8333333333333334,0.13333333333333333,-0.9748508390179437,0,artifact
F-130,808,M2_aug_concat_fs1.mat,6,14,15,2324789,2325360,571,1.0,0,0.0,-0.954455792747302,artifact,True,3.836200443577809,1.5440164396568434,0.4024858613010393,True,True,False,0.7,0.03333333333333333,-0.9544557927472976,0,artifact
F-130,808,M2_aug_concat_fs1.mat,6,15,16,2324789,2325360,571,1.0,0,0.0,-0.9116946697812895,artifact,True,3.836200443577809,10.220738711555896,2.664286932312532,True,True,False,0.6666666666666666,0.13333333333333333,-0.9116946697812891,0,artifact
F-130,828,M2_aug_concat_fs1.mat,6,0,1,2381974,2382991,1017,1.0,-98,-98.0,0.6577189717046512,independent_recurrence,False,1.206228200524265,1.4524684182362648,1.2041406573026363,True,True,False,0.7333333333333333,0.1,0.6577189717046342,-98,independent_recurrence
F-130,828,M2_aug_concat_fs1.mat,6,1,2,2381974,2382991,1017,1.0,-1,-1.0,-0.9887154803398971,artifact,True,1.206228200524265,1.190450075462877,0.9869194526752647,True,True,False,0.6666666666666666,0.2,-0.9887154803398998,-1,artifact
F-130,828,M2_aug_concat_fs1.mat,6,2,3,2381974,2382991,1017,1.0,0,0.0,0.6905652253616644,artifact,True,1.206228200524265,5.742424436095234,4.760645152881846,True,True,False,0.5333333333333333,0.06666666666666667,0.6905652253616601,0,artifact
F-130,828,M2_aug_concat_fs1.mat,6,3,4,2381974,2382991,1017,1.0,-1,-1.0,-0.7294350057477994,artifact,True,1.206228200524265,0.829169582333634,0.6874068952900045,True,True,False,0.7666666666666667,0.1,-0.729435005747802,-1,artifact
F-130,828,M2_aug_concat_fs1.mat,6,4,5,2381974,2382991,1017,1.0,0,0.0,0.9933813410738453,artifact,True,1.206228200524265,3.3703134707334357,2.794092750665745,True,True,False,0.6666666666666666,0.2,0.9933813410738456,0,artifact
F-130,828,M2_aug_concat_fs1.mat,6,5,6,2381974,2382991,1017,1.0,40,40.0,-0.7858176089829609,propagation,False,1.206228200524265,0.3404977151349158,0.28228300000524337,True,True,False,0.8333333333333334,0.2,-0.7858176089829809,40,propagation
F-130,828,M2_aug_concat_fs1.mat,6,7,8,2381974,2382991,1017,1.0,0,0.0,0.9708805373804024,artifact,True,1.206228200524265,3.0523671921769164,2.530505579997434,True,True,False,0.7666666666666667,0.16666666666666666,0.9708805373804045,0,artifact
F-130,828,M2_aug_concat_fs1.mat,6,8,9,2381974,2382991,1017,1.0,1,1.0,-0.9874793221741924,artifact,True,1.206228200524265,1.0082499628617825,0.8358699974213545,True,True,False,0.7333333333333333,0.13333333333333333,-0.9874793221741921,1,artifact
F-130,828,M2_aug_concat_fs1.mat,6,9,10,2381974,2382991,1017,1.0,-1,-1.0,-0.5685809830689992,artifact,True,1.206228200524265,0.6949712791642924,0.5761524053758947,True,True,False,0.8,0.3333333333333333,-0.5685809830689981,-1,artifact
F-130,828,M2_aug_concat_fs1.mat,6,10,11,2381974,2382991,1017,1.0,0,0.0,0.9088951493157044,artifact,True,1.206228200524265,0.28353585810327786,0.2350598816874321,True,True,False,0.6333333333333333,0.13333333333333333,0.9088951493157107,0,artifact
F-130,828,M2_aug_concat_fs1.mat,6,11,12,2381974,2382991,1017,1.0,0,0.0,0.8995374211023839,artifact,True,1.206228200524265,0.5175980300755327,0.4291045673203198,True,True,False,0.8,0.2,0.899537421102383,0,artifact
F-130,828,M2_aug_concat_fs1.mat,6,12,13,2381974,2382991,1017,1.0,1,1.0,-0.9075865332811056,artifact,True,1.206228200524265,0.32748176105087623,0.27149237673977633,True,True,False,0.7,0.1,-0.9075865332810639,1,artifact
F-130,828,M2_aug_concat_fs1.mat,6,13,14,2381974,2382991,1017,1.0,-263,-263.0,0.4765031457939146,independent_recurrence,False,1.206228200524265,0.8195316303304025,0.6794167388676604,True,True,False,0.8666666666666667,0.4,0.4765031457938727,-263,independent_recurrence
F-130,828,M2_aug_concat_fs1.mat,6,14,15,2381974,2382991,1017,1.0,387,387.0,0.5393560618124479,independent_recurrence,False,1.206228200524265,0.25560694280693497,0.21190595833843057,True,True,False,0.6333333333333333,0.3,0.5393560618144454,387,independent_recurrence
F-130,828,M2_aug_concat_fs1.mat,6,15,16,2381974,2382991,1017,1.0,1,1.0,-0.3496402246282189,independent_recurrence,False,1.206228200524265,2.31899141966187,1.922514677284085,True,True,False,0.7333333333333333,0.13333333333333333,-0.34964022462819216,1,independent_recurrence
F-130,830,M2_aug_concat_fs1.mat,6,0,1,2388746,2389620,874,1.0,0,0.0,0.9140888638126503,artifact,True,0.7058797520855933,0.7128588916452259,1.0098871508058023,True,True,False,0.7666666666666667,0.0,0.9140888638126407,0,artifact
F-130,830,M2_aug_concat_fs1.mat,6,1,2,2388746,2389620,874,1.0,1,1.0,-0.9095499361227176,artifact,True,0.7058797520855933,1.3631677834035827,1.9311614752738908,True,True,False,0.8333333333333334,0.2,-0.9095499361227182,1,artifact
F-130,830,M2_aug_concat_fs1.mat,6,2,3,2388746,2389620,874,1.0,11,11.0,-0.3801833061566446,independent_recurrence,False,0.7058797520855933,14.994559145041194,21.24237039062,True,True,False,0.7,0.0,-0.38018330615665163,11,independent_recurrence
F-130,830,M2_aug_concat_fs1.mat,6,3,4,2388746,2389620,874,1.0,257,257.0,-0.5172053511967873,independent_recurrence,False,0.7058797520855933,1.6799296161084385,2.3799090583699507,True,True,False,0.7333333333333333,0.1,-0.5172053511966502,257,independent_recurrence
F-130,830,M2_aug_concat_fs1.mat,6,4,5,2388746,2389620,874,1.0,0,0.0,-0.9835934030831696,artifact,True,0.7058797520855933,2.9891159623280146,4.234596549194631,True,True,False,0.8333333333333334,0.06666666666666667,-0.9835934030831711,0,artifact
F-130,830,M2_aug_concat_fs1.mat,6,5,6,2388746,2389620,874,1.0,0,0.0,0.9740745509258454,artifact,True,0.7058797520855933,0.38459388499427405,0.5448433445752657,True,True,False,0.7333333333333333,0.1,0.9740745509258355,0,artifact
F-130,830,M2_aug_concat_fs1.mat,6,7,8,2388746,2389620,874,1.0,2,2.0,-0.5801944449254466,propagation,False,0.7058797520855933,1.629960948652979,2.309119851982004,True,True,False,0.8666666666666667,0.13333333333333333,-0.580194444925453,2,propagation
F-130,830,M2_aug_concat_fs1.mat,6,8,9,2388746,2389620,874,1.0,0,0.0,0.9946138164131827,artifact,True,0.7058797520855933,0.8663942198238601,1.2273963338146625,True,True,False,0.8333333333333334,0.06666666666666667,0.9946138164131847,0,artifact
F-130,830,M2_aug_concat_fs1.mat,6,9,10,2388746,2389620,874,1.0,1,1.0,-0.9272480736423032,artifact,True,0.7058797520855933,0.5421990354705031,0.7681181304160107,True,True,False,0.7333333333333333,0.23333333333333334,-0.9272480736423127,1,artifact
F-130,830,M2_aug_concat_fs1.mat,6,10,11,2388746,2389620,874,1.0,0,0.0,0.7372192207419175,artifact,True,0.7058797520855933,1.0648718335855847,1.508573989322279,True,True,False,0.7333333333333333,0.26666666666666666,0.737219220741925,0,artifact
F-130,830,M2_aug_concat_fs1.mat,6,11,12,2388746,2389620,874,1.0,1,1.0,-0.9662433727798483,artifact,True,0.7058797520855933,1.0655085748262536,1.5094760427368834,True,True,False,0.8,0.2,-0.9662433727798487,1,artifact
F-130,830,M2_aug_concat_fs1.mat,6,12,13,2388746,2389620,874,1.0,1,1.0,-0.9832505643525247,artifact,True,0.7058797520855933,0.7868839722550547,1.1147564013985756,True,True,False,0.7666666666666667,0.3333333333333333,-0.983250564352533,1,artifact
F-130,830,M2_aug_concat_fs1.mat,6,13,14,2388746,2389620,874,1.0,0,0.0,-0.9824809193576348,artifact,True,0.7058797520855933,1.794210915171334,2.5418081619003177,True,True,False,0.6666666666666666,0.26666666666666666,-0.9824809193576362,0,artifact
F-130,830,M2_aug_concat_fs1.mat,6,14,15,2388746,2389620,874,1.0,-296,-296.0,-0.2837729001415482,independent_recurrence,False,0.7058797520855933,0.16798250010788252,0.23797608531985964,True,True,False,0.7333333333333333,0.26666666666666666,-0.28377290013211615,-296,independent_recurrence
F-130,830,M2_aug_concat_fs1.mat,6,15,16,2388746,2389620,874,1.0,1,1.0,-0.8909484091242134,artifact,True,0.7058797520855933,0.6504198390648526,0.9214315003980794,True,True,False,0.7,0.16666666666666666,-0.8909484091242197,1,artifact
F-130,832,M2_aug_concat_fs1.mat,6,0,1,2391279,2391552,273,1.0,0,0.0,0.9638484900221835,artifact,True,0.5262820379857658,0.35820693018678185,0.6806368151148456,True,True,False,0.8,0.3,0.9638484900221815,0,artifact
F-130,832,M2_aug_concat_fs1.mat,6,1,2,2391279,2391552,273,1.0,0,0.0,0.9906618973518778,artifact,True,0.5262820379857658,0.6284971164967601,1.1942211041482644,True,True,False,0.7333333333333333,0.1,0.9906618973518799,0,artifact
F-130,832,M2_aug_concat_fs1.mat,6,2,3,2391279,2391552,273,1.0,0,0.0,0.9765050735246074,artifact,True,0.5262820379857658,1.4350558665300923,2.726781008948107,True,True,False,0.7333333333333333,0.26666666666666666,0.9765050735246049,0,artifact
F-130,832,M2_aug_concat_fs1.mat,6,3,4,2391279,2391552,273,1.0,0,0.0,0.9148426433929654,artifact,True,0.5262820379857658,1.2553640434026647,2.3853446494341846,True,True,False,0.6666666666666666,0.13333333333333333,0.9148426433929612,0,artifact
F-130,832,M2_aug_concat_fs1.mat,6,4,5,2391279,2391552,273,1.0,0,0.0,0.9925491271265412,artifact,True,0.5262820379857658,1.114107826161785,2.1169406245096245,True,True,False,0.9333333333333333,0.36666666666666664,0.9925491271265471,0,artifact
F-130,832,M2_aug_concat_fs1.mat,6,5,6,2391279,2391552,273,1.0,0,0.0,0.9239620950142723,artifact,True,0.5262820379857658,0.2095178341812698,0.39810941483611223,True,True,False,0.7,0.23333333333333334,0.9239620950142579,0,artifact
F-130,832,M2_aug_concat_fs1.mat,6,7,8,2391279,2391552,273,1.0,200,200.0,0.12556239857455173,independent_recurrence,False,0.5262820379857658,0.1624227101406177,0.30862294058572964,True,True,False,0.7666666666666667,0.3333333333333333,0.1255623985743875,200,independent_recurrence
F-130,832,M2_aug_concat_fs1.mat,6,8,9,2391279,2391552,273,1.0,-2,-2.0,-0.7720800733961241,propagation,False,0.5262820379857658,0.6909355776774646,1.3128617885608935,True,True,False,0.8333333333333334,0.4,-0.7720800733961024,-2,propagation
F-130,832,M2_aug_concat_fs1.mat,6,9,10,2391279,2391552,273,1.0,0,0.0,0.9231406533272982,artifact,True,0.5262820379857658,0.1972781708604998,0.3748525631152845,True,True,False,0.8333333333333334,0.3333333333333333,0.9231406533272234,0,artifact
F-130,832,M2_aug_concat_fs1.mat,6,10,11,2391279,2391552,273,1.0,1,1.0,-0.6043716065299343,artifact,True,0.5262820379857658,1.7571312879927063,3.338763554837931,True,True,False,0.7666666666666667,0.3333333333333333,-0.6043716065299357,1,artifact
F-130,832,M2_aug_concat_fs1.mat,6,11,12,2391279,2391552,273,1.0,-2,-2.0,-0.5928089901782728,propagation,False,0.5262820379857658,0.2608993428730173,0.4957405422224837,True,True,False,0.7333333333333333,0.16666666666666666,-0.5928089901784226,-2,propagation
F-130,832,M2_aug_concat_fs1.mat,6,12,13,2391279,2391552,273,1.0,78,78.0,0.2689055760200044,independent_recurrence,False,0.5262820379857658,0.11012297382740144,0.20924706883190247,True,True,False,0.7333333333333333,0.2,0.26890557603392523,78,independent_recurrence
F-130,832,M2_aug_concat_fs1.mat,6,13,14,2391279,2391552,273,1.0,0,0.0,0.6889950349939017,artifact,True,0.5262820379857658,0.14067304615309695,0.267295928797976,True,True,False,0.8,0.26666666666666666,0.6889950349938233,0,artifact
F-130,832,M2_aug_concat_fs1.mat,6,14,15,2391279,2391552,273,1.0,0,0.0,0.9866526572125471,artifact,True,0.5262820379857658,0.4439181926477431,0.8434986577667499,True,True,False,0.6,0.23333333333333334,0.9866526572125562,0,artifact
F-130,832,M2_aug_concat_fs1.mat,6,15,16,2391279,2391552,273,1.0,0,0.0,0.3843775208023693,independent_recurrence,False,0.5262820379857658,0.3203686043189009,0.6087393853399303,True,True,False,0.7,0.16666666666666666,0.38437752080248205,0,independent_recurrence
F-130,840,M2_aug_concat_fs1.mat,6,0,1,2415939,2416920,981,1.0,0,0.0,0.9527350459160123,artifact,True,0.9949578457410553,1.484880294367997,1.4924052317634042,True,True,False,0.5666666666666667,0.03333333333333333,0.9527350459160148,0,artifact
F-130,840,M2_aug_concat_fs1.mat,6,1,2,2415939,2416920,981,1.0,1,1.0,-0.9297191887853243,artifact,True,0.9949578457410553,0.5544621926114814,0.5572720442226495,True,True,False,0.7333333333333333,0.3333333333333333,-0.9297191887853229,1,artifact
F-130,840,M2_aug_concat_fs1.mat,6,2,3,2415939,2416920,981,1.0,0,0.0,-0.49901466429841324,independent_recurrence,False,0.9949578457410553,35.483448008521805,35.66326770567184,True,True,False,0.8,0.03333333333333333,-0.49901466429841684,0,independent_recurrence
F-130,840,M2_aug_concat_fs1.mat,6,3,4,2415939,2416920,981,1.0,-137,-137.0,-0.4831992837354992,independent_recurrence,False,0.9949578457410553,7.543121969658614,7.581348297264208,True,True,False,0.7,0.03333333333333333,-0.4831992837353525,-137,independent_recurrence
F-130,840,M2_aug_concat_fs1.mat,6,4,5,2415939,2416920,981,1.0,0,0.0,-0.8798556872392524,artifact,True,0.9949578457410553,5.0935575872211984,5.119370241688443,True,True,False,0.6666666666666666,0.16666666666666666,-0.8798556872392562,0,artifact
F-130,840,M2_aug_concat_fs1.mat,6,5,6,2415939,2416920,981,1.0,0,0.0,0.973338295961055,artifact,True,0.9949578457410553,1.0791582024276067,1.084627059374398,True,True,False,0.8333333333333334,0.3,0.9733382959610599,0,artifact
F-130,840,M2_aug_concat_fs1.mat,6,7,8,2415939,2416920,981,1.0,0,0.0,0.597067264109489,artifact,True,0.9949578457410553,0.6219586206550503,0.6251105243477012,True,True,False,0.7333333333333333,0.26666666666666666,0.5970672641094923,0,artifact
F-130,840,M2_aug_concat_fs1.mat,6,8,9,2415939,2416920,981,1.0,0,0.0,0.7921035241063392,artifact,True,0.9949578457410553,0.8721732255028201,0.8765931433539439,True,True,False,0.8,0.36666666666666664,0.7921035241063417,0,artifact
F-130,840,M2_aug_concat_fs1.mat,6,9,10,2415939,2416920,981,1.0,0,0.0,0.9021006721266208,artifact,True,0.9949578457410553,1.050149059684145,1.05547090681212,True,True,False,0.7666666666666667,0.36666666666666664,0.9021006721266213,0,artifact
F-130,840,M2_aug_concat_fs1.mat,6,10,11,2415939,2416920,981,1.0,0,0.0,0.9211509711050241,artifact,True,0.9949578457410553,0.7524617841281724,0.7562750395397212,True,True,False,0.7333333333333333,0.2,0.9211509711050098,0,artifact
F-130,840,M2_aug_concat_fs1.mat,6,11,12,2415939,2416920,981,1.0,1,1.0,-0.8654028718734755,artifact,True,0.9949578457410553,0.42698887358301363,0.4291527278374168,True,True,False,0.9,0.26666666666666666,-0.8654028718734667,1,artifact
F-130,840,M2_aug_concat_fs1.mat,6,12,13,2415939,2416920,981,1.0,1,1.0,-0.9286453923346656,artifact,True,0.9949578457410553,0.37029077267879984,0.372167297603451,True,True,False,0.5666666666666667,0.13333333333333333,-0.9286453923347009,1,artifact
F-130,840,M2_aug_concat_fs1.mat,6,13,14,2415939,2416920,981,1.0,0,0.0,0.8452936233328182,artifact,True,0.9949578457410553,0.8959877630668416,0.9005283660027831,True,True,False,0.7666666666666667,0.26666666666666666,0.8452936233327963,0,artifact
F-130,840,M2_aug_concat_fs1.mat,6,14,15,2415939,2416920,981,1.0,0,0.0,0.9964662062598623,artifact,True,0.9949578457410553,0.8771771237911707,0.8816223999297577,True,True,False,0.7666666666666667,0.23333333333333334,0.9964662062598648,0,artifact
F-130,840,M2_aug_concat_fs1.mat,6,15,16,2415939,2416920,981,1.0,1,1.0,-0.3310782852763527,independent_recurrence,False,0.9949578457410553,2.175781887177436,2.186808111007849,True,True,False,0.6,0.13333333333333333,-0.33107828527634686,1,independent_recurrence
F-130,841,M2_aug_concat_fs1.mat,6,0,1,2417151,2417508,357,1.0,-7,-7.0,-0.5783737411212293,propagation,False,0.7895902903526348,0.20873697994096574,0.2643611281589377,True,True,False,0.8333333333333334,0.26666666666666666,-0.5783737411212647,-7,propagation
F-130,841,M2_aug_concat_fs1.mat,6,1,2,2417151,2417508,357,1.0,-1,-1.0,-0.8289836268671505,artifact,True,0.7895902903526348,0.2617500351234412,0.33150108141089524,True,True,False,0.8333333333333334,0.36666666666666664,-0.8289836268671289,-1,artifact
F-130,841,M2_aug_concat_fs1.mat,6,2,3,2417151,2417508,357,1.0,0,0.0,0.9861416778122416,artifact,True,0.7895902903526348,11.076835885708306,14.028586750682226,True,True,False,0.9,0.3,0.9861416778122489,0,artifact
F-130,841,M2_aug_concat_fs1.mat,6,3,4,2417151,2417508,357,1.0,-41,-41.0,0.5917799406035168,propagation,False,0.7895902903526348,1.4433224528044093,1.8279384516744939,True,True,False,0.6333333333333333,0.16666666666666666,0.5917799406035505,-41,propagation
F-130,841,M2_aug_concat_fs1.mat,6,4,5,2417151,2417508,357,1.0,0,0.0,-0.9799736203279786,artifact,True,0.7895902903526348,1.7224092623349634,2.1813962043096136,True,True,False,0.7,0.3,-0.9799736203279775,0,artifact
F-130,841,M2_aug_concat_fs1.mat,6,5,6,2417151,2417508,357,1.0,0,0.0,0.33001135165724693,independent_recurrence,False,0.7895902903526348,0.13824507082745185,0.1750845628632426,True,True,False,0.7333333333333333,0.3,0.33001135165703227,0,independent_recurrence
F-130,841,M2_aug_concat_fs1.mat,6,7,8,2417151,2417508,357,1.0,-135,-135.0,0.23629419463741635,independent_recurrence,False,0.7895902903526348,0.2173484003296835,0.2752673164618256,True,True,False,0.8,0.3333333333333333,0.23629419463696041,-135,independent_recurrence
F-130,841,M2_aug_concat_fs1.mat,6,8,9,2417151,2417508,357,1.0,0,0.0,0.7008490376555682,artifact,True,0.7895902903526348,0.18337031239548196,0.23223476103484997,True,True,False,0.8333333333333334,0.26666666666666666,0.7008490376555091,0,artifact
F-130,841,M2_aug_concat_fs1.mat,6,9,10,2417151,2417508,357,1.0,-2,-2.0,-0.45213307893190224,independent_recurrence,False,0.7895902903526348,0.14452917206290294,0.18304324892135582,True,True,False,0.9,0.43333333333333335,-0.45213307893184795,-2,independent_recurrence
F-130,841,M2_aug_concat_fs1.mat,6,10,11,2417151,2417508,357,1.0,-2,-2.0,-0.647680080872652,propagation,False,0.7895902903526348,0.8993560929734485,1.1390161504794996,True,True,False,0.6666666666666666,0.3,-0.647680080872644,-2,propagation
F-130,841,M2_aug_concat_fs1.mat,6,11,12,2417151,2417508,357,1.0,81,81.0,-0.3924357981033939,independent_recurrence,False,0.7895902903526348,0.19080510117100857,0.24165076939559893,True,True,False,0.7,0.2,-0.39243579810178636,81,independent_recurrence
F-130,841,M2_aug_concat_fs1.mat,6,12,13,2417151,2417508,357,1.0,-1,-1.0,-0.913542384685117,artifact,True,0.7895902903526348,0.21850763905968051,0.2767354686721058,True,True,False,0.7,0.2,-0.9135423846850412,-1,artifact
F-130,841,M2_aug_concat_fs1.mat,6,13,14,2417151,2417508,357,1.0,0,0.0,-0.9520016594679217,artifact,True,0.7895902903526348,0.6757057241479743,0.8557675194387215,True,True,False,0.8666666666666667,0.26666666666666666,-0.95200165946794,0,artifact
F-130,841,M2_aug_concat_fs1.mat,6,14,15,2417151,2417508,357,1.0,-1,-1.0,-0.9330586194252187,artifact,True,0.7895902903526348,0.288690644576036,0.3656208138617122,True,True,False,0.7333333333333333,0.36666666666666664,-0.9330586194252118,-1,artifact
F-130,841,M2_aug_concat_fs1.mat,6,15,16,2417151,2417508,357,1.0,-1,-1.0,-0.39512797227736457,independent_recurrence,False,0.7895902903526348,0.1091215355645545,0.13820019939178874,True,True,False,0.6666666666666666,0.1,-0.3951279722782016,-1,independent_recurrence
F-130,842,M2_aug_concat_fs1.mat,6,0,1,2422348,2423362,1014,1.0,-1,-1.0,-0.9581971252028785,artifact,True,0.9167107288508305,1.6795480140567065,1.8321461298507469,True,True,False,0.6333333333333333,0.1,-0.9581971252028778,-1,artifact
F-130,842,M2_aug_concat_fs1.mat,6,1,2,2422348,2423362,1014,1.0,252,252.0,0.6165219968058857,independent_recurrence,False,0.9167107288508305,0.6512164308400088,0.7103837779408998,True,True,False,0.7333333333333333,0.23333333333333334,0.6165219968062523,252,independent_recurrence
F-130,842,M2_aug_concat_fs1.mat,6,2,3,2422348,2423362,1014,1.0,23,23.0,-0.5885730847557616,propagation,False,0.9167107288508305,35.50045864339825,38.725911594708705,True,True,False,0.6666666666666666,0.03333333333333333,-0.5885730847557593,23,propagation
F-130,842,M2_aug_concat_fs1.mat,6,3,4,2422348,2423362,1014,1.0,0,0.0,-0.94269914551448,artifact,True,0.9167107288508305,2.0738137861633277,2.262233571502995,True,True,False,0.6333333333333333,0.06666666666666667,-0.9426991455144785,0,artifact
F-130,842,M2_aug_concat_fs1.mat,6,4,5,2422348,2423362,1014,1.0,0,0.0,-0.9779880566294441,artifact,True,0.9167107288508305,64.96003863802514,70.86209050859227,True,True,False,0.6333333333333333,0.06666666666666667,-0.9779880566294459,0,artifact
F-130,842,M2_aug_concat_fs1.mat,6,5,6,2422348,2423362,1014,1.0,0,0.0,0.9963512220999183,artifact,True,0.9167107288508305,0.9868710480138816,1.0765348511312862,True,True,False,0.7333333333333333,0.23333333333333334,0.996351222099919,0,artifact
F-130,842,M2_aug_concat_fs1.mat,6,7,8,2422348,2423362,1014,1.0,0,0.0,0.9890586848709109,artifact,True,0.9167107288508305,1.6905433593467478,1.8441404754430852,True,True,False,0.6666666666666666,0.16666666666666666,0.9890586848709111,0,artifact
F-130,842,M2_aug_concat_fs1.mat,6,8,9,2422348,2423362,1014,1.0,0,0.0,0.9797628800662029,artifact,True,0.9167107288508305,0.8938551364233263,0.9750678248784592,True,True,False,0.8,0.1,0.9797628800662036,0,artifact
F-130,842,M2_aug_concat_fs1.mat,6,9,10,2422348,2423362,1014,1.0,1,1.0,-0.9819665151604765,artifact,True,0.9167107288508305,1.6013097730453865,1.7467994239063342,True,True,False,0.6,0.16666666666666666,-0.9819665151604763,1,artifact
F-130,842,M2_aug_concat_fs1.mat,6,10,11,2422348,2423362,1014,1.0,-1,-1.0,-0.9881325844831326,artifact,True,0.9167107288508305,1.3417188523071673,1.4636229402366852,True,True,False,0.6333333333333333,0.3,-0.9881325844831286,-1,artifact
F-130,842,M2_aug_concat_fs1.mat,6,11,12,2422348,2423362,1014,1.0,0,0.0,0.9829378145003609,artifact,True,0.9167107288508305,2.475056196673904,2.6999315255932297,True,True,False,0.7,0.16666666666666666,0.9829378145003631,0,artifact
F-130,842,M2_aug_concat_fs1.mat,6,12,13,2422348,2423362,1014,1.0,-1,-1.0,-0.9866238749325269,artifact,True,0.9167107288508305,1.370119895408152,1.494604407134741,True,True,False,0.7666666666666667,0.3333333333333333,-0.9866238749325298,-1,artifact
F-130,842,M2_aug_concat_fs1.mat,6,13,14,2422348,2423362,1014,1.0,0,0.0,-0.9588272550725069,artifact,True,0.9167107288508305,2.060344629448082,2.2475406522523054,True,True,False,0.6666666666666666,0.23333333333333334,-0.9588272550725071,0,artifact
F-130,842,M2_aug_concat_fs1.mat,6,14,15,2422348,2423362,1014,1.0,0,0.0,-0.9872959216313265,artifact,True,0.9167107288508305,2.7081469016679875,2.954200072538547,True,True,False,0.6666666666666666,0.23333333333333334,-0.9872959216313274,0,artifact
F-130,842,M2_aug_concat_fs1.mat,6,15,16,2422348,2423362,1014,1.0,0,0.0,-0.9842475695718488,artifact,True,0.9167107288508305,1.3775492775648672,1.5027087981087932,True,True,False,0.6,0.1,-0.9842475695718509,0,artifact
F-130,845,M2_aug_concat_fs1.mat,6,0,1,2438403,2438676,273,1.0,0,0.0,0.9856799191278496,artifact,True,0.6367409951544687,0.3027870309613263,0.475526208090108,True,True,False,0.7,0.26666666666666666,0.9856799191278515,0,artifact
F-130,845,M2_aug_concat_fs1.mat,6,1,2,2438403,2438676,273,1.0,1,1.0,-0.8073765822423411,artifact,True,0.6367409951544687,0.2277794507587032,0.357727007514956,True,True,False,0.7,0.13333333333333333,-0.807376582242342,1,artifact
F-130,845,M2_aug_concat_fs1.mat,6,2,3,2438403,2438676,273,1.0,0,0.0,0.9920178474266224,artifact,True,0.6367409951544687,7.1853241394452425,11.284532006145035,True,True,False,0.8,0.3333333333333333,0.9920178474266216,0,artifact
F-130,845,M2_aug_concat_fs1.mat,6,3,4,2438403,2438676,273,1.0,-88,-88.0,0.49349498050179447,independent_recurrence,False,0.6367409951544687,0.5068732573630541,0.7960430712335247,True,True,False,0.8333333333333334,0.13333333333333333,0.4934949805015488,-88,independent_recurrence
F-130,845,M2_aug_concat_fs1.mat,6,4,5,2438403,2438676,273,1.0,-45,-45.0,0.4396465970375142,independent_recurrence,False,0.6367409951544687,0.2633125069169182,0.41353157550824965,True,True,False,0.7,0.2,0.4396465970377684,-45,independent_recurrence
F-130,845,M2_aug_concat_fs1.mat,6,5,6,2438403,2438676,273,1.0,0,0.0,0.9884420918888536,artifact,True,0.6367409951544687,0.4734917165008028,0.7436174521571949,True,True,False,0.7666666666666667,0.3333333333333333,0.9884420918888536,0,artifact
F-130,845,M2_aug_concat_fs1.mat,6,7,8,2438403,2438676,273,1.0,0,0.0,0.9620567191862693,artifact,True,0.6367409951544687,0.2930368102029206,0.46021351292424956,True,True,False,0.8666666666666667,0.3,0.9620567191863207,0,artifact
F-130,845,M2_aug_concat_fs1.mat,6,8,9,2438403,2438676,273,1.0,0,0.0,0.9761267200833862,artifact,True,0.6367409951544687,0.28800210643703394,0.4523065243618667,True,True,False,0.8333333333333334,0.3,0.9761267200833776,0,artifact
F-130,845,M2_aug_concat_fs1.mat,6,9,10,2438403,2438676,273,1.0,0,0.0,0.7974406339473763,artifact,True,0.6367409951544687,0.14586420394948618,0.2290793353333573,True,True,False,0.7333333333333333,0.3,0.7974406339474389,0,artifact
F-130,845,M2_aug_concat_fs1.mat,6,10,11,2438403,2438676,273,1.0,0,0.0,0.6843969613641052,artifact,True,0.6367409951544687,0.14388541872449423,0.22597165852276982,True,True,False,0.5666666666666667,0.16666666666666666,0.6843969613640668,0,artifact
F-130,845,M2_aug_concat_fs1.mat,6,11,12,2438403,2438676,273,1.0,-34,-34.0,-0.5344640872662038,propagation,False,0.6367409951544687,0.2743070219439687,0.4307984314366689,True,True,False,0.6666666666666666,0.23333333333333334,-0.5344640872653443,-34,propagation
F-130,845,M2_aug_concat_fs1.mat,6,12,13,2438403,2438676,273,1.0,0,0.0,0.863633753822021,artifact,True,0.6367409951544687,0.14703068706285194,0.2309112938883154,True,True,False,0.7,0.13333333333333333,0.8636337538220211,0,artifact
F-130,845,M2_aug_concat_fs1.mat,6,13,14,2438403,2438676,273,1.0,0,0.0,0.984331131017489,artifact,True,0.6367409951544687,0.3733181177703955,0.5862950879734565,True,True,False,0.7666666666666667,0.2,0.984331131017484,0,artifact
F-130,845,M2_aug_concat_fs1.mat,6,14,15,2438403,2438676,273,1.0,0,0.0,0.9692630596828488,artifact,True,0.6367409951544687,0.2373994853323893,0.37283524563201387,True,True,False,0.7666666666666667,0.16666666666666666,0.9692630596828944,0,artifact
F-130,845,M2_aug_concat_fs1.mat,6,15,16,2438403,2438676,273,1.0,0,0.0,0.9214815676095967,artifact,True,0.6367409951544687,0.16563609230297516,0.2601310321833339,True,True,False,0.6666666666666666,0.03333333333333333,0.9214815676095013,0,artifact
F-130,846,M2_aug_concat_fs1.mat,6,0,1,2440083,2440356,273,1.0,-1,-1.0,-0.9543941061934483,artifact,True,0.5810429506332184,0.4017122390896475,0.6913641042402511,True,True,False,0.7,0.2,-0.9543941061934496,-1,artifact
F-130,846,M2_aug_concat_fs1.mat,6,1,2,2440083,2440356,273,1.0,-1,-1.0,-0.8412342647183854,artifact,True,0.5810429506332184,0.2762357789115413,0.4754136998142746,True,True,False,0.6333333333333333,0.2,-0.8412342647184066,-1,artifact
F-130,846,M2_aug_concat_fs1.mat,6,2,3,2440083,2440356,273,1.0,27,27.0,0.7152803700142626,propagation,False,0.5810429506332184,6.006817252024348,10.337991787832795,True,True,False,0.8,0.13333333333333333,0.7152803700142419,27,propagation
F-130,846,M2_aug_concat_fs1.mat,6,3,4,2440083,2440356,273,1.0,110,110.0,0.40405273766742794,independent_recurrence,False,0.5810429506332184,0.24284279445873835,0.4179429320914903,True,True,False,0.8,0.16666666666666666,0.4040527376667122,110,independent_recurrence
F-130,846,M2_aug_concat_fs1.mat,6,4,5,2440083,2440356,273,1.0,1,1.0,-0.8552719279963854,artifact,True,0.5810429506332184,0.7423145867552421,1.2775554474006963,True,True,False,0.7666666666666667,0.26666666666666666,-0.8552719279963905,1,artifact
F-130,846,M2_aug_concat_fs1.mat,6,5,6,2440083,2440356,273,1.0,0,0.0,0.9930022443878991,artifact,True,0.5810429506332184,0.39394182048499715,0.677990878394929,True,True,False,0.7666666666666667,0.36666666666666664,0.9930022443879015,0,artifact
F-130,846,M2_aug_concat_fs1.mat,6,7,8,2440083,2440356,273,1.0,0,0.0,0.9964982971390574,artifact,True,0.5810429506332184,0.5259891143894038,0.9052499713079434,True,True,False,0.8666666666666667,0.3333333333333333,0.9964982971390581,0,artifact
F-130,846,M2_aug_concat_fs1.mat,6,8,9,2440083,2440356,273,1.0,0,0.0,0.9828766489996913,artifact,True,0.5810429506332184,0.3287006957593803,0.5657080864696208,True,True,False,0.6333333333333333,0.13333333333333333,0.9828766489996763,0,artifact
F-130,846,M2_aug_concat_fs1.mat,6,9,10,2440083,2440356,273,1.0,-1,-1.0,-0.8553083022875309,artifact,True,0.5810429506332184,0.3489900957529244,0.6006270196938045,True,True,False,0.6666666666666666,0.3,-0.855308302287619,-1,artifact
F-130,846,M2_aug_concat_fs1.mat,6,10,11,2440083,2440356,273,1.0,-1,-1.0,-0.8234043661832627,artifact,True,0.5810429506332184,0.22026329748950957,0.3790826431152249,True,True,False,0.7,0.26666666666666666,-0.8234043661831665,-1,artifact
F-130,846,M2_aug_concat_fs1.mat,6,11,12,2440083,2440356,273,1.0,1,1.0,-0.8105085750375045,artifact,True,0.5810429506332184,0.33275557781053067,0.5726867135172966,True,True,False,0.6333333333333333,0.2,-0.8105085750375549,1,artifact
F-130,846,M2_aug_concat_fs1.mat,6,12,13,2440083,2440356,273,1.0,-1,-1.0,-0.8827001033186461,artifact,True,0.5810429506332184,0.1881426743520933,0.32380166414041534,True,True,False,0.7666666666666667,0.23333333333333334,-0.8827001033185455,-1,artifact
F-130,846,M2_aug_concat_fs1.mat,6,13,14,2440083,2440356,273,1.0,-1,-1.0,-0.9262623021958439,artifact,True,0.5810429506332184,0.27769752658014113,0.47792943065139576,True,True,False,0.5666666666666667,0.2,-0.9262623021958413,-1,artifact
F-130,846,M2_aug_concat_fs1.mat,6,14,15,2440083,2440356,273,1.0,0,0.0,0.7184171512185851,artifact,True,0.5810429506332184,0.1221529217209536,0.21023045127357937,True,True,False,0.7,0.26666666666666666,0.7184171512181453,0,artifact
F-130,846,M2_aug_concat_fs1.mat,6,15,16,2440083,2440356,273,1.0,-8,-8.0,-0.7371043417418247,propagation,False,0.5810429506332184,0.13691236367503734,0.23563208799939964,True,True,False,0.6666666666666666,0.1,-0.7371043417422823,-8,propagation
F-130,847,M2_aug_concat_fs1.mat,6,0,1,2446739,2447753,1014,1.0,-1,-1.0,-0.9638634045044454,artifact,True,1.0393589061222883,1.4669251818889393,1.4113750055424499,True,True,False,0.7,0.16666666666666666,-0.9638634045044456,-1,artifact
F-130,847,M2_aug_concat_fs1.mat,6,1,2,2446739,2447753,1014,1.0,1,1.0,-0.9785669937372553,artifact,True,1.0393589061222883,0.6475751162436154,0.6230524532277625,True,True,False,0.8,0.3,-0.9785669937372555,1,artifact
F-130,847,M2_aug_concat_fs1.mat,6,2,3,2446739,2447753,1014,1.0,-105,-105.0,0.7984916440836962,independent_recurrence,False,1.0393589061222883,10.490543691241271,10.093283108892685,True,True,False,0.7666666666666667,0.1,0.7984916440836927,-105,independent_recurrence
F-130,847,M2_aug_concat_fs1.mat,6,3,4,2446739,2447753,1014,1.0,1,1.0,-0.9395286363705849,artifact,True,1.0393589061222883,1.6778641989733387,1.6143260899483027,True,True,False,0.7,0.03333333333333333,-0.9395286363705856,1,artifact
F-130,847,M2_aug_concat_fs1.mat,6,4,5,2446739,2447753,1014,1.0,0,0.0,0.9712134366615656,artifact,True,1.0393589061222883,4.383570211242727,4.217571221472718,True,True,False,0.6333333333333333,0.1,0.9712134366615648,0,artifact
F-130,847,M2_aug_concat_fs1.mat,6,5,6,2446739,2447753,1014,1.0,0,0.0,0.9990467177010087,artifact,True,1.0393589061222883,1.109996203710125,1.0679623729317673,True,True,False,0.8666666666666667,0.26666666666666666,0.9990467177010092,0,artifact
F-130,847,M2_aug_concat_fs1.mat,6,7,8,2446739,2447753,1014,1.0,0,0.0,0.9850372360717323,artifact,True,1.0393589061222883,1.8463323483229033,1.7764146123607358,True,True,False,0.8333333333333334,0.3,0.9850372360717311,0,artifact
F-130,847,M2_aug_concat_fs1.mat,6,8,9,2446739,2447753,1014,1.0,0,0.0,0.93190743181321,artifact,True,1.0393589061222883,0.7480510050181692,0.7197234762812101,True,True,False,0.7666666666666667,0.2,0.9319074318132106,0,artifact
F-130,847,M2_aug_concat_fs1.mat,6,9,10,2446739,2447753,1014,1.0,-1,-1.0,-0.9896528387705535,artifact,True,1.0393589061222883,1.6504914275533338,1.5879898828318129,True,True,False,0.7,0.3333333333333333,-0.9896528387705545,-1,artifact
F-130,847,M2_aug_concat_fs1.mat,6,10,11,2446739,2447753,1014,1.0,-1,-1.0,-0.9903805502261689,artifact,True,1.0393589061222883,1.4982027324235787,1.4414681238583662,True,True,False,0.6333333333333333,0.23333333333333334,-0.9903805502261661,-1,artifact
F-130,847,M2_aug_concat_fs1.mat,6,11,12,2446739,2447753,1014,1.0,0,0.0,-0.9808420861243631,artifact,True,1.0393589061222883,1.5456957180895188,1.4871626239835734,True,True,False,0.6666666666666666,0.23333333333333334,-0.9808420861243589,0,artifact
F-130,847,M2_aug_concat_fs1.mat,6,12,13,2446739,2447753,1014,1.0,-1,-1.0,-0.9910000972817111,artifact,True,1.0393589061222883,1.0955903477747597,1.054102044367199,True,True,False,0.8,0.36666666666666664,-0.991000097281709,-1,artifact
F-130,847,M2_aug_concat_fs1.mat,6,13,14,2446739,2447753,1014,1.0,-1,-1.0,-0.9476439204026447,artifact,True,1.0393589061222883,0.8178485100647777,0.7868778583098529,True,True,False,0.8333333333333334,0.36666666666666664,-0.9476439204026453,-1,artifact
F-130,847,M2_aug_concat_fs1.mat,6,14,15,2446739,2447753,1014,1.0,-15,-15.0,-0.8571237520124099,propagation,False,1.0393589061222883,0.9979845303028014,0.9601924074775582,True,True,False,0.6666666666666666,0.26666666666666666,-0.8571237520124112,-15,propagation
F-130,847,M2_aug_concat_fs1.mat,6,15,16,2446739,2447753,1014,1.0,0,0.0,-0.9741105919665431,artifact,True,1.0393589061222883,1.3953266348275974,1.3424877841605052,True,True,False,0.5666666666666667,0.06666666666666667,-0.9741105919665455,0,artifact
F-119,1054,M2_aug_concat_fs1.mat,15,0,1,169546,169644,98,1.0,0,0.0,0.9445180224744849,artifact,True,6.600785491973056,2.200387566119602,0.3333523818938523,True,True,False,0.7333333333333333,0.0,0.9445180224744872,0,artifact
F-119,1054,M2_aug_concat_fs1.mat,15,1,2,169546,169644,98,1.0,22,22.0,0.5714559054849051,propagation,False,6.600785491973056,0.33454710948689126,0.05068292400862295,True,True,False,0.7666666666666667,0.06666666666666667,0.5714559054851587,22,propagation
F-119,1054,M2_aug_concat_fs1.mat,15,2,3,169546,169644,98,1.0,0,0.0,0.9754890971402556,artifact,True,6.600785491973056,0.7995400925607328,0.121128022344162,True,True,False,0.9333333333333333,0.03333333333333333,0.9754890971402574,0,artifact
F-119,1054,M2_aug_concat_fs1.mat,15,3,4,169546,169644,98,1.0,0,0.0,0.9867214088563958,artifact,True,6.600785491973056,1.0819020547252194,0.16390504676161283,True,True,False,0.8666666666666667,0.0,0.9867214088563966,0,artifact
F-119,1054,M2_aug_concat_fs1.mat,15,4,5,169546,169644,98,1.0,0,0.0,-0.9436792740958325,artifact,True,6.600785491973056,0.6459578393087213,0.09786075310192159,True,True,False,0.9,0.03333333333333333,-0.9436792740958198,0,artifact
F-119,1054,M2_aug_concat_fs1.mat,15,5,6,169546,169644,98,1.0,30,30.0,0.2781538170850732,independent_recurrence,False,6.600785491973056,0.21680212947308064,0.032844898495296475,True,True,False,0.6666666666666666,0.03333333333333333,0.27815381708436554,30,independent_recurrence
F-119,1054,M2_aug_concat_fs1.mat,15,6,7,169546,169644,98,1.0,0,0.0,0.9074866835394415,artifact,True,6.600785491973056,4.983674202647535,0.7550122949318647,True,True,False,0.6666666666666666,0.1,0.9074866835394402,0,artifact
F-119,1054,M2_aug_concat_fs1.mat,15,7,8,169546,169644,98,1.0,0,0.0,0.9889086230071886,artifact,True,6.600785491973056,2.9828500940154754,0.4518932023533861,True,True,False,0.7,0.03333333333333333,0.9889086230071853,0,artifact
F-119,1054,M2_aug_concat_fs1.mat,15,8,9,169546,169644,98,1.0,61,61.0,0.531289759835035,independent_recurrence,False,6.600785491973056,0.8709699266826192,0.13194943658474736,True,True,False,0.7666666666666667,0.0,0.531289759834848,61,independent_recurrence
F-119,1054,M2_aug_concat_fs1.mat,15,9,10,169546,169644,98,1.0,0,0.0,0.9673788194779418,artifact,True,6.600785491973056,0.5413483204636123,0.08201271214189942,True,True,False,0.8333333333333334,0.0,0.9673788194779478,0,artifact
F-119,1054,M2_aug_concat_fs1.mat,15,10,11,169546,169644,98,1.0,14,14.0,-0.52702850006268,propagation,False,6.600785491973056,0.40050480226273066,0.060675324588227886,True,True,False,0.8666666666666667,0.0,-0.5270285000620796,14,propagation
F-119,1054,M2_aug_concat_fs1.mat,15,11,12,169546,169644,98,1.0,0,0.0,0.7450660701382829,artifact,True,6.600785491973056,0.2270335809143944,0.034394933934829515,True,True,False,0.6666666666666666,0.0,0.745066070138293,0,artifact
F-119,1054,M2_aug_concat_fs1.mat,15,12,13,169546,169644,98,1.0,5,5.0,-0.5229664707429162,propagation,False,6.600785491973056,0.627259675143705,0.09502803505832597,True,True,False,0.7333333333333333,0.0,-0.5229664707429734,5,propagation
F-119,1054,M2_aug_concat_fs1.mat,15,13,14,169546,169644,98,1.0,0,0.0,0.9403022289408715,artifact,True,6.600785491973056,0.35288931724107897,0.05346171568068878,True,True,False,0.7333333333333333,0.0,0.9403022289409204,0,artifact
F-119,1054,M2_aug_concat_fs1.mat,15,14,15,169546,169644,98,1.0,0,0.0,0.44243515903518615,independent_recurrence,False,6.600785491973056,0.1815726473032555,0.027507733363560827,True,True,False,0.7333333333333333,0.0,0.4424351590350855,0,independent_recurrence
F-119,1055,M2_aug_concat_fs1.mat,15,0,1,169577,169684,107,1.0,0,0.0,0.9628886554422663,artifact,True,5.664076128233319,2.385126713341961,0.4210972203309537,True,True,False,0.7666666666666667,0.06666666666666667,0.9628886554422674,0,artifact
F-119,1055,M2_aug_concat_fs1.mat,15,1,2,169577,169684,107,1.0,0,0.0,0.9274723239625122,artifact,True,5.664076128233319,0.40320272199971896,0.07118596446645604,True,True,False,0.6,0.03333333333333333,0.9274723239625142,0,artifact
F-119,1055,M2_aug_concat_fs1.mat,15,2,3,169577,169684,107,1.0,0,0.0,0.9779810393120811,artifact,True,5.664076128233319,0.8051690470890662,0.14215364145188605,True,True,False,0.8666666666666667,0.06666666666666667,0.9779810393120814,0,artifact
F-119,1055,M2_aug_concat_fs1.mat,15,3,4,169577,169684,107,1.0,0,0.0,0.9325350808336709,artifact,True,5.664076128233319,1.414177740611592,0.24967491760261493,True,True,False,0.8333333333333334,0.13333333333333333,0.932535080833668,0,artifact
F-119,1055,M2_aug_concat_fs1.mat,15,4,5,169577,169684,107,1.0,0,0.0,-0.9446185841212505,artifact,True,5.664076128233319,0.624096973443784,0.11018513157563191,True,True,False,0.8,0.0,-0.9446185841212503,0,artifact
F-119,1055,M2_aug_concat_fs1.mat,15,5,6,169577,169684,107,1.0,0,0.0,0.6396674557083099,artifact,True,5.664076128233319,0.24193671971488584,0.042714242223709,True,True,False,0.9,0.06666666666666667,0.6396674557083295,0,artifact
F-119,1055,M2_aug_concat_fs1.mat,15,6,7,169577,169684,107,1.0,0,0.0,0.9418004749448865,artifact,True,5.664076128233319,5.404024992150198,0.9540876340296942,True,True,False,0.7333333333333333,0.03333333333333333,0.9418004749448904,0,artifact
F-119,1055,M2_aug_concat_fs1.mat,15,7,8,169577,169684,107,1.0,0,0.0,0.9902484685937792,artifact,True,5.664076128233319,2.7698283709203224,0.4890167978346469,True,True,False,0.8666666666666667,0.03333333333333333,0.990248468593776,0,artifact
F-119,1055,M2_aug_concat_fs1.mat,15,8,9,169577,169684,107,1.0,30,30.0,0.609730531594924,propagation,False,5.664076128233319,0.8709699266826192,0.1537708722418396,True,True,False,0.7666666666666667,0.0,0.609730531595093,30,propagation
F-119,1055,M2_aug_concat_fs1.mat,15,9,10,169577,169684,107,1.0,0,0.0,0.6318823950473418,artifact,True,5.664076128233319,0.3562632562213821,0.06289874079296744,True,True,False,0.7666666666666667,0.0,0.6318823950473594,0,artifact
F-119,1055,M2_aug_concat_fs1.mat,15,10,11,169577,169684,107,1.0,0,0.0,-0.811549956162389,artifact,True,5.664076128233319,0.42341400071700264,0.07475429198531441,True,True,False,0.7666666666666667,0.0,-0.8115499561624668,0,artifact
F-119,1055,M2_aug_concat_fs1.mat,15,11,12,169577,169684,107,1.0,0,0.0,0.617889330749295,artifact,True,5.664076128233319,0.18251371386350002,0.03222303332996124,True,True,False,0.6666666666666666,0.0,0.6178893307495555,0,artifact
F-119,1055,M2_aug_concat_fs1.mat,15,12,13,169577,169684,107,1.0,0,0.0,-0.9391154957094098,artifact,True,5.664076128233319,0.8321932796957299,0.14692480483225764,True,True,False,0.7333333333333333,0.03333333333333333,-0.9391154957094046,0,artifact
F-119,1055,M2_aug_concat_fs1.mat,15,13,14,169577,169684,107,1.0,0,0.0,0.9430302659859291,artifact,True,5.664076128233319,0.35289409884126144,0.062303911679826345,True,True,False,0.5666666666666667,0.03333333333333333,0.9430302659859585,0,artifact
F-119,1055,M2_aug_concat_fs1.mat,15,14,15,169577,169684,107,1.0,0,0.0,0.7338861479055686,artifact,True,5.664076128233319,0.22338901247439935,0.03943962041062407,True,True,False,0.8333333333333334,0.0,0.7338861479053486,0,artifact
F-119,1193,Fig2A_dt0p1.csv,0,1,467,704,715,11,10.0,0,0.0,0.9277481578282324,artifact,True,0.05195676095969998,0.1336903812779,2.5731084618919247,True,False,False,0.9333333333333333,0.0,0.9277481578282323,0,artifact
F-119,1193,Fig2A_dt0p1.csv,0,2,468,704,715,11,10.0,0,0.0,0.9637514652372734,artifact,True,0.05195676095969998,0.11998891086039998,2.3093993667824835,True,False,False,0.9333333333333333,0.0,0.963751465237273,0,artifact
F-119,1193,Fig2A_dt0p1.csv,0,3,469,704,715,11,10.0,0,0.0,0.9836861855290177,artifact,True,0.05195676095969998,0.1115841424461816,2.1476346944092866,True,False,False,0.9666666666666667,0.0,0.9836861855290177,0,artifact
F-119,1193,Fig2A_dt0p1.csv,0,4,470,704,715,11,10.0,0,0.0,-0.8480121429367166,artifact,True,0.05195676095969998,0.14807871355089997,2.8500374314279626,True,False,False,0.9333333333333333,0.0,-0.848012142936716,0,artifact
F-39,1238,Fig2A_dt0p1.csv,0,1,467,2220,2231,11,10.0,0,0.0,0.8055892635088383,artifact,True,0.12978151741830002,0.2418652207903,1.863633787010996,True,True,True,0.9666666666666667,0.06666666666666667,,,
F-39,1238,Fig2A_dt0p1.csv,0,2,468,2220,2231,11,10.0,0,0.0,-0.8439493763788998,artifact,True,0.12978151741830002,0.11398324668140003,0.8782702571893929,True,True,True,0.9333333333333333,0.03333333333333333,,,
F-39,1238,Fig2A_dt0p1.csv,0,3,469,2220,2231,11,10.0,4,0.4,0.6333300316024075,artifact,True,0.12978151741830002,0.04612031538259999,0.3553689022909878,False,True,True,0.9333333333333333,0.16666666666666666,,,
F-39,1238,Fig2A_dt0p1.csv,0,4,470,2220,2231,11,10.0,0,0.0,-0.9291166512096257,artifact,True,0.12978151741830002,0.1530719631581,1.1794588798398182,True,True,True,1.0,0.1,,,
F-39,1253,Fig2A_dt0p1.csv,0,1,467,2528,2540,12,10.0,1,0.1,-0.7962112733474874,artifact,True,0.1536852606971001,0.3722405349072,2.422096518682119,True,True,True,1.0,0.13333333333333333,,,
F-39,1253,Fig2A_dt0p1.csv,0,2,468,2528,2540,12,10.0,2,0.2,-0.8179255027303428,artifact,True,0.1536852606971001,0.09276558724779971,0.6036075732118019,False,True,True,0.7666666666666667,0.0,,,
F-39,1253,Fig2A_dt0p1.csv,0,3,469,2528,2540,12,10.0,2,0.2,-0.6858432822299675,artifact,True,0.1536852606971001,0.052906857378633904,0.3442545963006081,False,True,True,0.9666666666666667,0.13333333333333333,,,
F-39,1253,Fig2A_dt0p1.csv,0,4,470,2528,2540,12,10.0,0,0.0,0.8543162721248146,artifact,True,0.1536852606971001,0.10102157401529999,0.6573276679694384,True,True,True,0.9666666666666667,0.03333333333333333,,,
F-39,1278,Fig2A_dt0p1.csv,0,1,467,3246,3266,20,10.0,1,0.1,-0.805510717994256,artifact,True,0.30986499049690003,0.13979326960755517,0.45114251010862005,True,True,True,1.0,0.23333333333333334,,,
F-39,1278,Fig2A_dt0p1.csv,0,2,468,3246,3266,20,10.0,0,0.0,-0.8113997538536653,artifact,True,0.30986499049690003,0.11525756609133553,0.37196059453669905,True,True,True,0.9,0.03333333333333333,,,
F-39,1278,Fig2A_dt0p1.csv,0,3,469,3246,3266,20,10.0,0,0.0,-0.8646051740344335,artifact,True,0.30986499049690003,0.22863556908417948,0.7378554405824908,True,True,True,1.0,0.2,,,
F-39,1278,Fig2A_dt0p1.csv,0,4,470,3246,3266,20,10.0,0,0.0,0.9037766193829734,artifact,True,0.30986499049690003,0.1270528323553,0.4100264187688898,True,True,True,0.9666666666666667,0.36666666666666664,,,
F-130,1295,Fig2A_dt0p1.csv,0,1,467,3695,3730,35,10.0,0,0.0,0.9301985775525509,artifact,True,0.37825783095099996,0.5425470753829,1.434331376613806,True,True,False,0.8,0.06666666666666667,0.9301985775525511,0,artifact
F-130,1295,Fig2A_dt0p1.csv,0,2,468,3695,3730,35,10.0,0,0.0,0.5578880521488989,artifact,True,0.37825783095099996,0.09451632623960005,0.24987275478731283,False,True,False,0.8333333333333334,0.2,0.5578880521488986,0,artifact
F-130,1295,Fig2A_dt0p1.csv,0,3,469,3695,3730,35,10.0,9,0.9,0.561948960280163,artifact,True,0.37825783095099996,0.31839439552260007,0.8417390717916038,True,True,True,0.7333333333333333,0.2,,,
F-130,1295,Fig2A_dt0p1.csv,0,4,470,3695,3730,35,10.0,8,0.8,0.5794977994306572,artifact,True,0.37825783095099996,0.5699127571710999,1.5066780130850144,True,True,True,0.9666666666666667,0.13333333333333333,,,
F-119,1305,Fig2A_dt0p1.csv,0,1,467,3986,4064,78,10.0,0,0.0,0.8825860824818866,artifact,True,0.4841893044015978,1.2475050105871,2.5764819653108044,True,True,True,0.4666666666666667,0.0,,,
F-119,1305,Fig2A_dt0p1.csv,0,2,468,3986,4064,78,10.0,0,0.0,0.47820730916105575,independent_recurrence,False,0.4841893044015978,0.2290804906653,0.47312174924726413,True,True,True,0.8,0.43333333333333335,,,
F-119,1305,Fig2A_dt0p1.csv,0,3,469,3986,4064,78,10.0,0,0.0,0.8453608346303153,artifact,True,0.4841893044015978,0.5167786799491,1.067307095078812,True,True,False,0.5,0.0,0.8453608346303153,0,artifact
F-119,1305,Fig2A_dt0p1.csv,0,4,470,3986,4064,78,10.0,0,0.0,0.7616938716251048,artifact,True,0.4841893044015978,0.7480653406569,1.5449852647642075,True,True,False,0.5333333333333333,0.03333333333333333,0.7616938716251049,0,artifact
F-130,1342,Fig2A_dt0p1.csv,0,1,467,5072,5095,23,10.0,-7,-0.7,-0.5411760697346301,artifact,True,0.3625648037738014,0.38258922620269986,1.0552299126127846,True,True,False,0.8333333333333334,0.23333333333333334,-0.5411760697346302,-7,artifact
F-130,1342,Fig2A_dt0p1.csv,0,2,468,5072,5095,23,10.0,0,0.0,0.9578728166184497,artifact,True,0.3625648037738014,0.0726691160395001,0.2004306962041391,False,True,True,0.9333333333333333,0.1,,,
F-130,1342,Fig2A_dt0p1.csv,0,3,469,5072,5095,23,10.0,0,0.0,0.8926462603829995,artifact,True,0.3625648037738014,0.0904627096234322,0.24950769815999704,False,True,False,0.9666666666666667,0.3,0.8926462603829995,0,artifact
F-130,1342,Fig2A_dt0p1.csv,0,4,470,5072,5095,23,10.0,-1,-0.1,0.8832469287012641,artifact,True,0.3625648037738014,0.2918705003365477,0.8050160889820989,True,True,True,0.9666666666666667,0.26666666666666666,,,
F-39,1347,Fig2A_dt0p1.csv,0,1,467,5176,5192,16,10.0,3,0.3,-0.8155323684738354,artifact,True,0.47172098144795954,0.33275929580520003,0.7054155080907932,True,True,True,1.0,0.1,,,
F-39,1347,Fig2A_dt0p1.csv,0,2,468,5176,5192,16,10.0,1,0.1,-0.7253055011787302,artifact,True,0.47172098144795954,0.03642305782330002,0.077213139240698,False,True,True,0.9,0.03333333333333333,,,
F-39,1347,Fig2A_dt0p1.csv,0,3,469,5176,5192,16,10.0,-1,-0.1,-0.800510492356118,artifact,True,0.47172098144795954,0.08989730209499996,0.19057304133273426,False,True,False,1.0,0.2,-0.8005104923561183,-1,artifact
F-39,1347,Fig2A_dt0p1.csv,0,4,470,5176,5192,16,10.0,0,0.0,-0.8483230740554105,artifact,True,0.47172098144795954,0.1229335526659973,0.26060649727440494,True,True,True,1.0,0.13333333333333333,,,
F-119,1355,Fig2A_dt0p1.csv,0,1,467,5449,5460,11,10.0,0,0.0,0.9524434653720348,artifact,True,0.060319892809200026,0.0718390123733852,1.1909671756317888,False,False,False,0.8666666666666667,0.0,0.9524434653720348,0,artifact
F-119,1355,Fig2A_dt0p1.csv,0,2,468,5449,5460,11,10.0,-2,-0.2,-0.6409841404876273,artifact,True,0.060319892809200026,0.027855439613800048,0.4617952439323884,False,False,False,0.9333333333333333,0.03333333333333333,-0.6409841404876256,-2,artifact
F-119,1355,Fig2A_dt0p1.csv,0,3,469,5449,5460,11,10.0,0,0.0,0.950443378114636,artifact,True,0.060319892809200026,0.22328117281980003,3.7016175331423176,True,False,False,0.9333333333333333,0.03333333333333333,0.950443378114636,0,artifact
F-119,1355,Fig2A_dt0p1.csv,0,4,470,5449,5460,11,10.0,0,0.0,0.922563937275271,artifact,True,0.060319892809200026,0.1432550291664,2.374921812602271,True,False,False,0.9333333333333333,0.03333333333333333,0.922563937275271,0,artifact
F-119,1364,Fig2A_dt0p1.csv,0,1,467,5650,5702,52,10.0,0,0.0,-0.8915533834338714,artifact,True,0.3624347077811001,0.7318369693085,2.019224300533899,True,True,False,0.6666666666666666,0.0,-0.8915533834338712,0,artifact
F-119,1364,Fig2A_dt0p1.csv,0,2,468,5650,5702,52,10.0,0,0.0,0.5235991014578549,artifact,True,0.3624347077811001,0.10205960849060003,0.2815944673605626,True,True,True,0.8666666666666667,0.26666666666666666,,,
F-119,1364,Fig2A_dt0p1.csv,0,3,469,5650,5702,52,10.0,-13,-1.3,0.5780422051843199,propagation,False,0.3624347077811001,0.4617663564861,1.2740677053616876,True,True,False,0.6,0.03333333333333333,0.57804220518432,-13,propagation
F-119,1364,Fig2A_dt0p1.csv,0,4,470,5650,5702,52,10.0,0,0.0,0.8222350159221179,artifact,True,0.3624347077811001,0.327975424902,0.9049227843269566,True,True,False,0.7333333333333333,0.13333333333333333,0.8222350159221177,0,artifact
F-39,1407,Fig2A_dt0p1.csv,0,1,467,6750,6762,12,10.0,-2,-0.2,-0.6050750937732738,artifact,True,0.1382175027454,0.170252747453,1.2317741535716333,True,True,False,1.0,0.06666666666666667,-0.6050750937732733,-2,artifact
F-39,1407,Fig2A_dt0p1.csv,0,2,468,6750,6762,12,10.0,0,0.0,0.650232856065609,artifact,True,0.1382175027454,0.02993955390159997,0.21661188566508363,False,True,False,0.9,0.13333333333333333,0.6502328560656084,0,artifact
F-39,1407,Fig2A_dt0p1.csv,0,3,469,6750,6762,12,10.0,0,0.0,0.980356840106028,artifact,True,0.1382175027454,0.1328908529961256,0.9614618290486248,True,True,False,1.0,0.23333333333333334,0.9803568401060279,0,artifact
F-39,1407,Fig2A_dt0p1.csv,0,4,470,6750,6762,12,10.0,0,0.0,-0.8509992867880461,artifact,True,0.1382175027454,0.09399002014340008,0.6800153256750122,False,True,False,0.9333333333333333,0.13333333333333333,-0.8509992867880465,0,artifact
F-130,1443,Fig2A_dt0p1.csv,0,1,467,7646,7668,22,10.0,-5,-0.5,-0.6172161829502296,artifact,True,0.3611762962967999,0.14933447338720007,0.41346698251892783,True,True,False,0.9,0.16666666666666666,-0.6172161829502307,-5,artifact
F-130,1443,Fig2A_dt0p1.csv,0,2,468,7646,7668,22,10.0,0,0.0,-0.9133613767445484,artifact,True,0.3611762962967999,0.09626791378640001,0.26653995506751355,False,True,True,0.9333333333333333,0.1,,,
F-130,1443,Fig2A_dt0p1.csv,0,3,469,7646,7668,22,10.0,5,0.5,0.6326566347879651,artifact,True,0.3611762962967999,0.6680098632852001,1.8495396019462387,True,True,False,0.9,0.13333333333333333,0.6326566347879651,5,artifact
F-130,1443,Fig2A_dt0p1.csv,0,4,470,7646,7668,22,10.0,0,0.0,-0.839127174442512,artifact,True,0.3611762962967999,0.4406633382843823,1.2200782354838235,True,True,True,1.0,0.2,,,
F-39,1448,Fig2A_dt0p1.csv,0,1,467,7750,7770,20,10.0,1,0.1,-0.922478550702684,artifact,True,0.6027971866756,0.1843116582967,0.30576064781119944,True,True,False,1.0,0.23333333333333334,-0.922478550702684,1,artifact
F-39,1448,Fig2A_dt0p1.csv,0,2,468,7750,7770,20,10.0,0,0.0,0.9696798685346988,artifact,True,0.6027971866756,0.3011844521515387,0.4996447541710633,True,True,True,0.8,0.0,,,
F-39,1448,Fig2A_dt0p1.csv,0,3,469,7750,7770,20,10.0,-2,-0.2,-0.6575226027008361,artifact,True,0.6027971866756,0.1968354114254,0.3265367121418377,True,True,True,0.9333333333333333,0.1,,,
F-39,1448,Fig2A_dt0p1.csv,0,4,470,7750,7770,20,10.0,0,0.0,-0.9210181936869187,artifact,True,0.6027971866756,0.4268646218614,0.7081397048575154,True,True,True,1.0,0.06666666666666667,,,
F-39,1451,Fig2A_dt0p1.csv,0,1,467,7950,7968,18,10.0,0,0.0,-0.7860518929098245,artifact,True,0.23859690242700005,0.1773645369223318,0.7433647927453602,True,True,True,0.9666666666666667,0.06666666666666667,,,
F-39,1451,Fig2A_dt0p1.csv,0,2,468,7950,7968,18,10.0,0,0.0,0.8936836013959901,artifact,True,0.23859690242700005,0.09029373078929992,0.3784363077258547,False,True,True,0.9,0.1,,,
F-39,1451,Fig2A_dt0p1.csv,0,3,469,7950,7968,18,10.0,0,0.0,0.5685969294239919,artifact,True,0.23859690242700005,0.5091987121767927,2.1341379833402683,True,True,True,0.9666666666666667,0.23333333333333334,,,
F-39,1451,Fig2A_dt0p1.csv,0,4,470,7950,7968,18,10.0,0,0.0,0.889441774732562,artifact,True,0.23859690242700005,0.13799637846380008,0.578366177683387,True,True,True,1.0,0.3333333333333333,,,
F-130,1490,Fig2A_dt0p1.csv,0,1,467,9154,9210,56,10.0,-11,-1.1,-0.6096467862158218,propagation,False,0.27767654060850006,1.0962204992948001,3.9478326000912567,True,True,True,0.7,0.0,,,
F-130,1490,Fig2A_dt0p1.csv,0,2,468,9154,9210,56,10.0,-11,-1.1,-0.7119797689159483,propagation,False,0.27767654060850006,0.14160940631179997,0.5099797267766203,True,True,True,0.7666666666666667,0.43333333333333335,,,
F-130,1490,Fig2A_dt0p1.csv,0,3,469,9154,9210,56,10.0,0,0.0,-0.7984234610892356,artifact,True,0.27767654060850006,0.8412459064780999,3.029589408722086,True,True,False,0.5,0.03333333333333333,-0.7984234610892356,0,artifact
F-130,1490,Fig2A_dt0p1.csv,0,4,470,9154,9210,56,10.0,-15,-1.5,-0.5730822380731952,propagation,False,0.27767654060850006,0.3497548221108,1.2595764170222938,True,True,True,0.6333333333333333,0.1,,,
F-130,1529,Fig2A_dt0p1.csv,0,1,467,10334,10356,22,10.0,3,0.3,-0.7466298604055965,artifact,True,0.15546789796240001,0.10363376827679999,0.6665927155062189,True,True,True,0.9333333333333333,0.03333333333333333,,,
F-130,1529,Fig2A_dt0p1.csv,0,2,468,10334,10356,22,10.0,0,0.0,0.9729592315630016,artifact,True,0.15546789796240001,0.15233149569149984,0.9798260456852725,True,True,True,0.8666666666666667,0.26666666666666666,,,
F-130,1529,Fig2A_dt0p1.csv,0,3,469,10334,10356,22,10.0,0,0.0,0.949614979572117,artifact,True,0.15546789796240001,0.27736185015410003,1.7840457984527462,True,True,True,0.8666666666666667,0.06666666666666667,,,
F-130,1529,Fig2A_dt0p1.csv,0,4,470,10334,10356,22,10.0,0,0.0,0.9330451003346674,artifact,True,0.15546789796240001,0.1416510389381349,0.9111272538874442,True,True,True,0.9333333333333333,0.23333333333333334,,,
F-119,1540,Fig2A_dt0p1.csv,0,1,467,10636,10646,10,10.0,-2,-0.2,-0.5922473772854364,artifact,True,0.08698008640189991,0.07212486790960004,0.8292112699950666,False,False,True,1.0,0.1,,,
F-119,1540,Fig2A_dt0p1.csv,0,2,468,10636,10646,10,10.0,0,0.0,0.9932006853627915,artifact,True,0.08698008640189991,0.05818397240440004,0.6689344056932223,False,False,True,0.9,0.13333333333333333,,,
F-119,1540,Fig2A_dt0p1.csv,0,3,469,10636,10646,10,10.0,7,0.7,0.5051968411495912,artifact,True,0.08698008640189991,0.041946312359500026,0.482251904943886,False,False,True,1.0,0.13333333333333333,,,
F-119,1540,Fig2A_dt0p1.csv,0,4,470,10636,10646,10,10.0,0,0.0,0.9904736261138393,artifact,True,0.08698008640189991,0.0779197649106218,0.89583453102801,False,False,False,0.9,0.16666666666666666,0.9904736261138389,0,artifact
F-119,1546,Fig2A_dt0p1.csv,0,1,467,10896,10906,10,10.0,0,0.0,0.8121085921626703,artifact,True,0.0605181527974684,0.03657774617260001,0.6044094950322101,False,False,True,0.9666666666666667,0.0,,,
F-119,1546,Fig2A_dt0p1.csv,0,2,468,10896,10906,10,10.0,0,0.0,0.9986450218482819,artifact,True,0.0605181527974684,0.05515144409880002,0.9113206789931486,False,False,True,0.9333333333333333,0.0,,,
F-119,1546,Fig2A_dt0p1.csv,0,3,469,10896,10906,10,10.0,0,0.0,-0.675567332998066,artifact,True,0.0605181527974684,0.0528869373505214,0.8739020427063294,False,False,False,1.0,0.0,-0.6755673329980662,0,artifact
F-119,1546,Fig2A_dt0p1.csv,0,4,470,10896,10906,10,10.0,0,0.0,0.9338644364471526,artifact,True,0.0605181527974684,0.0689636131273,1.1395525134102389,False,False,True,0.9333333333333333,0.03333333333333333,,,
F-39,1549,Fig2A_dt0p1.csv,0,1,467,10960,10971,11,10.0,2,0.2,0.6645789639407697,artifact,True,0.1784119393191,0.3100391481264463,1.737771302244092,True,True,False,1.0,0.26666666666666666,0.6645789639407698,2,artifact
F-39,1549,Fig2A_dt0p1.csv,0,2,468,10960,10971,11,10.0,0,0.0,0.9693181149230448,artifact,True,0.1784119393191,1.3035173186520999,7.3062224626160495,True,True,True,0.7666666666666667,0.03333333333333333,,,
F-39,1549,Fig2A_dt0p1.csv,0,3,469,10960,10971,11,10.0,3,0.3,-0.5701872676910852,artifact,True,0.1784119393191,0.039144116532199985,0.21940301014378016,False,True,False,0.9333333333333333,0.23333333333333334,-0.5701872676910849,3,artifact
F-39,1549,Fig2A_dt0p1.csv,0,4,470,10960,10971,11,10.0,2,0.2,0.4927310721661003,independent_recurrence,False,0.1784119393191,0.038949613613300016,0.21831282010581365,False,True,False,0.9666666666666667,0.26666666666666666,0.49273107216610074,2,independent_recurrence
F-119,1552,Fig2A_dt0p1.csv,0,1,467,11078,11088,10,10.0,0,0.0,0.6930333279014735,artifact,True,0.1351469800045999,0.1362240381309,1.0079695315889667,True,True,True,0.9666666666666667,0.16666666666666666,,,
F-119,1552,Fig2A_dt0p1.csv,0,2,468,11078,11088,10,10.0,0,0.0,0.9932885282109221,artifact,True,0.1351469800045999,0.14342530857680025,1.0612542623735919,True,True,True,0.8666666666666667,0.16666666666666666,,,
F-119,1552,Fig2A_dt0p1.csv,0,3,469,11078,11088,10,10.0,0,0.0,0.9808525845007139,artifact,True,0.1351469800045999,0.1128346377024119,0.8349031380395731,True,True,False,1.0,0.2,0.9808525845007139,0,artifact
F-119,1552,Fig2A_dt0p1.csv,0,4,470,11078,11088,10,10.0,2,0.2,-0.5214579558882619,artifact,True,0.1351469800045999,0.0440011038915,0.32557963108019405,False,True,True,0.8666666666666667,0.3333333333333333,,,
F-39,1557,Fig2A_dt0p1.csv,0,1,467,11406,11422,16,10.0,0,0.0,0.8508544579501033,artifact,True,0.2635771241514214,0.24049225472779995,0.9124170221602405,True,True,False,0.9333333333333333,0.26666666666666666,0.8508544579501036,0,artifact
F-39,1557,Fig2A_dt0p1.csv,0,2,468,11406,11422,16,10.0,0,0.0,0.9650781812060736,artifact,True,0.2635771241514214,0.08291561468739994,0.3145781901761932,False,True,False,0.7666666666666667,0.1,0.965078181206074,0,artifact
F-39,1557,Fig2A_dt0p1.csv,0,3,469,11406,11422,16,10.0,0,0.0,-0.8846276987344069,artifact,True,0.2635771241514214,0.07897303871249642,0.2996202305748184,False,True,False,1.0,0.16666666666666666,-0.884627698734407,0,artifact
F-39,1557,Fig2A_dt0p1.csv,0,4,470,11406,11422,16,10.0,3,0.3,-0.7327407548105771,artifact,True,0.2635771241514214,0.06838372243419999,0.2594448310124003,False,True,False,0.8666666666666667,0.3,-0.7327407548105771,3,artifact
F-39,1558,Fig2A_dt0p1.csv,0,1,467,11494,11515,21,10.0,1,0.1,0.7472776571375048,artifact,True,1.0704594752985002,0.09694715119889996,0.09056592373276533,False,True,False,0.9666666666666667,0.03333333333333333,0.7472776571375046,1,artifact
F-39,1558,Fig2A_dt0p1.csv,0,2,468,11494,11515,21,10.0,0,0.0,-0.9204936932974365,artifact,True,1.0704594752985002,0.24819704515210006,0.23186029072505498,True,True,False,0.9666666666666667,0.0,-0.9204936932974365,0,artifact
F-39,1558,Fig2A_dt0p1.csv,0,3,469,11494,11515,21,10.0,0,0.0,-0.9067875077674712,artifact,True,1.0704594752985002,0.23966132987779992,0.22388641084331548,True,True,False,0.9666666666666667,0.0,-0.9067875077674712,0,artifact
F-39,1558,Fig2A_dt0p1.csv,0,4,470,11494,11515,21,10.0,4,0.4,-0.8211068028936294,artifact,True,1.0704594752985002,0.2358416870512,0.22031818344681847,True,True,False,0.8666666666666667,0.03333333333333333,-0.8211068028936294,4,artifact
F-39,1560,Fig2A_dt0p1.csv,0,1,467,11580,11592,12,10.0,0,0.0,0.9818195031866644,artifact,True,0.15603470466770003,0.3035142625431001,1.9451715128982396,True,True,False,1.0,0.1,0.9818195031866646,0,artifact
F-39,1560,Fig2A_dt0p1.csv,0,2,468,11580,11592,12,10.0,0,0.0,-0.8781393744980813,artifact,True,0.15603470466770003,0.07213398337065743,0.4622944845781448,False,True,False,1.0,0.0,-0.8781393744980813,0,artifact
F-39,1560,Fig2A_dt0p1.csv,0,3,469,11580,11592,12,10.0,1,0.1,0.8462499665746414,artifact,True,0.15603470466770003,0.399264553909707,2.5588189163430175,True,True,False,0.9333333333333333,0.06666666666666667,0.8462499665746414,1,artifact
F-39,1560,Fig2A_dt0p1.csv,0,4,470,11580,11592,12,10.0,0,0.0,-0.8727072484305785,artifact,True,0.15603470466770003,0.09041927355809998,0.5794818130406423,False,True,False,0.9666666666666667,0.23333333333333334,-0.8727072484305783,0,artifact
F-119,1561,Fig2A_dt0p1.csv,0,1,467,11598,11608,10,10.0,0,0.0,0.9473779933301145,artifact,True,0.07797833569919999,0.11243615275450003,1.4418896190375292,True,False,False,0.9666666666666667,0.03333333333333333,0.9473779933301145,0,artifact
F-119,1561,Fig2A_dt0p1.csv,0,2,468,11598,11608,10,10.0,0,0.0,0.8986353892205845,artifact,True,0.07797833569919999,0.0298117749415941,0.38230842803047865,False,False,True,0.9333333333333333,0.06666666666666667,,,
F-119,1561,Fig2A_dt0p1.csv,0,3,469,11598,11608,10,10.0,0,0.0,-0.6868503551260533,artifact,True,0.07797833569919999,0.0542472615511861,0.6956709330197034,False,False,False,0.9666666666666667,0.0,-0.6868503551260536,0,artifact
F-119,1561,Fig2A_dt0p1.csv,0,4,470,11598,11608,10,10.0,0,0.0,-0.8841306391094081,artifact,True,0.07797833569919999,0.1637028353696,2.0993373852076136,True,False,True,0.9333333333333333,0.06666666666666667,,,
F-39,1662,Fig2A_dt0p1.csv,1,0,466,2138,2148,10,10.0,0,0.0,0.9641644782518994,artifact,True,0.37411370094109997,0.11853562647813559,0.3168438530317223,True,True,True,1.0,0.0,,,
F-39,1662,Fig2A_dt0p1.csv,1,2,468,2138,2148,10,10.0,1,0.1,0.8881814324909545,artifact,True,0.37411370094109997,0.11251711188629998,0.3007564588071971,True,True,True,0.8666666666666667,0.0,,,
F-39,1662,Fig2A_dt0p1.csv,1,3,469,2138,2148,10,10.0,1,0.1,-0.8109885058908297,artifact,True,0.37411370094109997,0.13404062487400004,0.3582884682833448,True,True,True,1.0,0.06666666666666667,,,
F-39,1662,Fig2A_dt0p1.csv,1,4,470,2138,2148,10,10.0,1,0.1,0.7044215046532883,artifact,True,0.37411370094109997,0.14683052759950005,0.3924756757909192,True,True,True,1.0,0.1,,,
F-39,1701,Fig2A_dt0p1.csv,1,0,466,3070,3090,20,10.0,2,0.2,-0.8578842337236496,artifact,True,0.30929725443699996,0.125251502839,0.40495510723814776,True,True,True,0.9,0.23333333333333334,,,
F-39,1701,Fig2A_dt0p1.csv,1,2,468,3070,3090,20,10.0,4,0.4,-0.7364171345699951,artifact,True,0.30929725443699996,0.0843688919742,0.2727760779117582,False,True,True,0.9333333333333333,0.1,,,
F-39,1701,Fig2A_dt0p1.csv,1,3,469,3070,3090,20,10.0,0,0.0,0.8439985431393892,artifact,True,0.30929725443699996,0.1269166908313,0.41033888600893276,True,True,False,0.9333333333333333,0.26666666666666666,0.8439985431393893,0,artifact
F-39,1701,Fig2A_dt0p1.csv,1,4,470,3070,3090,20,10.0,5,0.5,0.7228935661088356,artifact,True,0.30929725443699996,0.15247460582480002,0.49297109378595283,True,True,True,0.9333333333333333,0.2,,,
F-119,1757,Fig2A_dt0p1.csv,1,0,466,4304,4334,30,10.0,0,0.0,-0.7811361278491892,artifact,True,0.36014598484010013,0.9670744092294,2.6852289069910573,True,True,True,0.9,0.03333333333333333,,,
F-119,1757,Fig2A_dt0p1.csv,1,2,468,4304,4334,30,10.0,0,0.0,0.8757447018583204,artifact,True,0.36014598484010013,0.09215324223170002,0.25587746666845335,False,True,True,0.9,0.16666666666666666,,,
F-119,1757,Fig2A_dt0p1.csv,1,3,469,4304,4334,30,10.0,0,0.0,0.9023031271067963,artifact,True,0.36014598484010013,0.42382769050079994,1.176821923168111,True,True,False,0.9,0.03333333333333333,0.9023031271067965,0,artifact
F-119,1757,Fig2A_dt0p1.csv,1,4,470,4304,4334,30,10.0,0,0.0,0.9071598726016684,artifact,True,0.36014598484010013,0.5660554213716084,1.5717388092579436,True,True,False,0.7333333333333333,0.03333333333333333,0.9071598726016685,0,artifact
F-39,1812,Fig2A_dt0p1.csv,1,0,466,5384,5396,12,10.0,0,0.0,0.9884486618087539,artifact,True,0.20515141092409994,0.6117857979027,2.9821184029245744,True,True,True,1.0,0.23333333333333334,,,
F-39,1812,Fig2A_dt0p1.csv,1,2,468,5384,5396,12,10.0,1,0.1,-0.780501957347433,artifact,True,0.20515141092409994,0.0493095846644,0.24035703406711206,False,True,True,0.8,0.06666666666666667,,,
F-39,1812,Fig2A_dt0p1.csv,1,3,469,5384,5396,12,10.0,0,0.0,-0.9054771268755166,artifact,True,0.20515141092409994,0.17712513118319995,0.8633873410148327,True,True,False,0.9666666666666667,0.26666666666666666,-0.9054771268755167,0,artifact
F-39,1812,Fig2A_dt0p1.csv,1,4,470,5384,5396,12,10.0,3,0.3,0.7587623431061951,artifact,True,0.20515141092409994,0.15694936856258554,0.765041623918698,True,True,True,0.9666666666666667,0.2,,,
F-39,1964,Fig2A_dt0p1.csv,1,0,466,8434,8446,12,10.0,2,0.2,-0.44172096968836017,independent_recurrence,False,0.4944152163679001,0.023242302260000014,0.04700968232884068,False,True,True,1.0,0.06666666666666667,,,
F-39,1964,Fig2A_dt0p1.csv,1,2,468,8434,8446,12,10.0,0,0.0,0.8429478750683589,artifact,True,0.4944152163679001,0.04965138418539994,0.10042446620100334,False,True,True,0.9666666666666667,0.03333333333333333,,,
F-39,1964,Fig2A_dt0p1.csv,1,3,469,8434,8446,12,10.0,0,0.0,-0.8804373122756771,artifact,True,0.4944152163679001,0.25250879921119995,0.5107221437604486,True,True,True,1.0,0.16666666666666666,,,
F-39,1964,Fig2A_dt0p1.csv,1,4,470,8434,8446,12,10.0,0,0.0,0.9694719049430591,artifact,True,0.4944152163679001,0.10207272309460003,0.20645141920277496,True,True,False,0.9333333333333333,0.0,0.9694719049430592,0,artifact
F-39,1977,Fig2A_dt0p1.csv,1,0,466,8764,8780,16,10.0,0,0.0,-0.8224626590836135,artifact,True,0.25140661145309995,0.20210213053019999,0.803885503893768,True,True,False,0.9333333333333333,0.16666666666666666,-0.8224626590836133,0,artifact
F-39,1977,Fig2A_dt0p1.csv,1,2,468,8764,8780,16,10.0,0,0.0,-0.66735704195575,artifact,True,0.25140661145309995,0.04022566922799997,0.1600024318990676,False,True,True,0.9333333333333333,0.1,,,
F-39,1977,Fig2A_dt0p1.csv,1,3,469,8764,8780,16,10.0,-1,-0.1,0.803979472747607,artifact,True,0.25140661145309995,0.4507730633367,1.7930040134238552,True,True,False,0.9,0.1,0.8039794727476068,-1,artifact
F-39,1977,Fig2A_dt0p1.csv,1,4,470,8764,8780,16,10.0,2,0.2,-0.7918900334805032,artifact,True,0.25140661145309995,0.07079760421475692,0.28160597609408633,False,True,False,0.9666666666666667,0.13333333333333333,-0.7918900334805032,2,artifact
F-119,1990,Fig2A_dt0p1.csv,1,0,466,9076,9110,34,10.0,12,1.2,-0.47756299202907754,independent_recurrence,False,0.45026742200220005,0.2197677134528311,0.488082643144805,True,True,False,0.8,0.1,-0.47756299202907754,12,independent_recurrence
F-119,1990,Fig2A_dt0p1.csv,1,2,468,9076,9110,34,10.0,0,0.0,0.7959251942700647,artifact,True,0.45026742200220005,0.10072336281010008,0.22369675861117028,True,True,True,0.9,0.1,,,
F-119,1990,Fig2A_dt0p1.csv,1,3,469,9076,9110,34,10.0,0,0.0,0.899837935642263,artifact,True,0.45026742200220005,0.6949038342177001,1.5433135960129594,True,True,False,0.6666666666666666,0.03333333333333333,0.8998379356422631,0,artifact
F-119,1990,Fig2A_dt0p1.csv,1,4,470,9076,9110,34,10.0,11,1.1,0.6067306863213046,propagation,False,0.45026742200220005,0.23745903437599997,0.5273733403142804,True,True,False,0.8666666666666667,0.03333333333333333,0.606730686321305,11,propagation
F-130,1994,Fig2A_dt0p1.csv,1,0,466,9190,9246,56,10.0,-5,-0.5,-0.7125053362257507,artifact,True,0.5512268423499002,0.25547972332320007,0.4634747506744786,True,True,True,0.5,0.1,,,
F-130,1994,Fig2A_dt0p1.csv,1,2,468,9190,9246,56,10.0,0,0.0,0.9583428782856347,artifact,True,0.5512268423499002,0.19015045218049997,0.3449586224246295,True,True,True,0.6666666666666666,0.13333333333333333,,,
F-130,1994,Fig2A_dt0p1.csv,1,3,469,9190,9246,56,10.0,0,0.0,0.929883599194161,artifact,True,0.5512268423499002,0.8233166029278,1.4936076033924095,True,True,False,0.6666666666666666,0.06666666666666667,0.929883599194161,0,artifact
F-130,1994,Fig2A_dt0p1.csv,1,4,470,9190,9246,56,10.0,0,0.0,0.7000287306493875,artifact,True,0.5512268423499002,0.3372208930257001,0.61176428126779,True,True,True,0.6666666666666666,0.13333333333333333,,,
F-130,2036,Fig2A_dt0p1.csv,1,0,466,10100,10146,46,10.0,-12,-1.2,-0.7172106182422265,propagation,False,0.4885604436241999,0.71085452072,1.4549981071877125,True,True,True,0.8,0.13333333333333333,,,
F-130,2036,Fig2A_dt0p1.csv,1,2,468,10100,10146,46,10.0,11,1.1,-0.5826012457125742,propagation,False,0.4885604436241999,0.5466674347248002,1.1189351120396804,True,True,True,0.7666666666666667,0.13333333333333333,,,
F-130,2036,Fig2A_dt0p1.csv,1,3,469,10100,10146,46,10.0,-15,-1.5,0.4244754856999607,independent_recurrence,False,0.4885604436241999,0.20366675249340016,0.41687114696101013,True,True,True,0.7666666666666667,0.06666666666666667,,,
F-130,2036,Fig2A_dt0p1.csv,1,4,470,10100,10146,46,10.0,-1,-0.1,0.8379454747376528,artifact,True,0.4885604436241999,0.3005466551371,0.6151678038189274,True,True,True,0.8666666666666667,0.0,,,
F-119,2081,Fig2A_dt0p1.csv,1,0,466,11068,11096,28,10.0,0,0.0,0.9283980616531143,artifact,True,0.4058244096278001,0.3528758920524,0.8695285046457368,True,True,True,0.9,0.13333333333333333,,,
F-119,2081,Fig2A_dt0p1.csv,1,2,468,11068,11096,28,10.0,0,0.0,0.9177805413190697,artifact,True,0.4058244096278001,0.44384101024279987,1.093677461762013,True,True,True,0.9333333333333333,0.0,,,
F-119,2081,Fig2A_dt0p1.csv,1,3,469,11068,11096,28,10.0,0,0.0,0.9037025631564644,artifact,True,0.4058244096278001,0.19997373828654288,0.492759266181026,True,True,False,0.9333333333333333,0.0,0.9037025631564644,0,artifact
F-119,2081,Fig2A_dt0p1.csv,1,4,470,11068,11096,28,10.0,-2,-0.2,0.7656966792630907,artifact,True,0.4058244096278001,0.1343796231149,0.33112750225681503,True,True,True,0.9666666666666667,0.1,,,
F-130,2104,Fig2A_dt0p1.csv,1,0,466,11640,11680,40,10.0,1,0.1,-0.6629561947971915,artifact,True,0.4270382490996,0.2288330325027,0.5358607407771764,True,True,False,0.8666666666666667,0.16666666666666666,-0.6629561947971915,1,artifact
F-130,2104,Fig2A_dt0p1.csv,1,2,468,11640,11680,40,10.0,0,0.0,0.9111000309923535,artifact,True,0.4270382490996,0.1669108425751431,0.3908568914542682,True,True,True,0.8666666666666667,0.2,,,
F-130,2104,Fig2A_dt0p1.csv,1,3,469,11640,11680,40,10.0,-9,-0.9,0.6275092884987725,artifact,True,0.4270382490996,0.5260245370537,1.2317972410265596,True,True,False,0.8333333333333334,0.06666666666666667,0.6275092884987725,-9,artifact
F-130,2104,Fig2A_dt0p1.csv,1,4,470,11640,11680,40,10.0,0,0.0,-0.9626551275064733,artifact,True,0.4270382490996,0.7482239461887998,1.7521239555623234,True,True,False,0.8666666666666667,0.23333333333333334,-0.9626551275064733,0,artifact
F-130,2133,Fig2A_dt0p1.csv,2,0,466,230,310,80,10.0,0,0.0,0.972710171366522,artifact,True,0.6308387923738001,0.9431511843486,1.495074804768412,True,True,False,0.5666666666666667,0.13333333333333333,0.9727101713665218,0,artifact
F-130,2133,Fig2A_dt0p1.csv,2,1,467,230,310,80,10.0,3,0.3,-0.39735810625365564,independent_recurrence,False,0.6308387923738001,0.9535203849667,1.5115119686579082,True,True,False,0.5,0.03333333333333333,-0.39735810625365564,3,independent_recurrence
F-130,2133,Fig2A_dt0p1.csv,2,3,469,230,310,80,10.0,-21,-2.1,0.46459300500313977,independent_recurrence,False,0.6308387923738001,0.4057588924194423,0.6432053597918437,True,True,True,0.5333333333333333,0.03333333333333333,,,
F-130,2133,Fig2A_dt0p1.csv,2,4,470,230,310,80,10.0,0,0.0,0.9164313121360413,artifact,True,0.6308387923738001,0.5598193105980496,0.8874205539762235,True,True,False,0.5,0.06666666666666667,0.9164313121360413,0,artifact
F-39,2211,Fig2A_dt0p1.csv,2,0,466,2106,2136,30,10.0,8,0.8,0.6757257644680408,artifact,True,0.5425819847195,0.10774710908810001,0.19858217213717905,True,True,True,0.8666666666666667,0.1,,,
F-39,2211,Fig2A_dt0p1.csv,2,1,467,2106,2136,30,10.0,13,1.3,-0.5503046567162705,propagation,False,0.5425819847195,0.2197489777452,0.40500603398913837,True,True,True,0.8333333333333334,0.13333333333333333,,,
F-39,2211,Fig2A_dt0p1.csv,2,3,469,2106,2136,30,10.0,-1,-0.1,-0.7762257828519592,artifact,True,0.5425819847195,0.167246287262699,0.30824150445975596,True,True,True,0.9333333333333333,0.16666666666666666,,,
F-39,2211,Fig2A_dt0p1.csv,2,4,470,2106,2136,30,10.0,0,0.0,0.893672457691342,artifact,True,0.5425819847195,0.12142196708089999,0.22378547482307545,True,True,True,0.9666666666666667,0.2,,,
F-119,2230,Fig2A_dt0p1.csv,2,0,466,2810,2820,10,10.0,0,0.0,0.9799870123763776,artifact,True,0.07241155725359993,0.12072679166656577,1.6672309814268476,True,False,False,1.0,0.06666666666666667,0.9799870123763774,0,artifact
F-119,2230,Fig2A_dt0p1.csv,2,1,467,2810,2820,10,10.0,1,0.1,0.7600700901201772,artifact,True,0.07241155725359993,0.1364059189997,1.883758949168554,True,False,False,1.0,0.03333333333333333,0.760070090120178,1,artifact
F-119,2230,Fig2A_dt0p1.csv,2,3,469,2810,2820,10,10.0,0,0.0,-0.9484239136077124,artifact,True,0.07241155725359993,0.41404333640799995,5.717917858856928,True,False,True,0.9333333333333333,0.03333333333333333,,,
F-119,2230,Fig2A_dt0p1.csv,2,4,470,2810,2820,10,10.0,0,0.0,0.954126654789556,artifact,True,0.07241155725359993,0.07250434851739995,1.0012814427326158,False,False,False,0.9666666666666667,0.03333333333333333,0.954126654789556,0,artifact
F-39,2254,Fig2A_dt0p1.csv,2,0,466,3326,3337,11,10.0,0,0.0,-0.820295929374081,artifact,True,0.11090050481550001,0.056191586861500026,0.5066846806061284,False,True,True,0.9666666666666667,0.13333333333333333,,,
F-39,2254,Fig2A_dt0p1.csv,2,1,467,3326,3337,11,10.0,1,0.1,0.8620293471239383,artifact,True,0.11090050481550001,0.1395187782377136,1.2580535901962258,True,True,True,0.9666666666666667,0.06666666666666667,,,
F-39,2254,Fig2A_dt0p1.csv,2,3,469,3326,3337,11,10.0,0,0.0,-0.8029809802479384,artifact,True,0.11090050481550001,0.052645228407976905,0.4747068419170888,False,True,True,0.9333333333333333,0.13333333333333333,,,
F-39,2254,Fig2A_dt0p1.csv,2,4,470,3326,3337,11,10.0,0,0.0,-0.8435100684892783,artifact,True,0.11090050481550001,0.1001267348683614,0.9028519305204027,True,True,True,1.0,0.1,,,
F-119,2297,Fig2A_dt0p1.csv,2,0,466,3876,3886,10,10.0,0,0.0,0.9283598734402684,artifact,True,0.04557007843499994,0.033362403636800014,0.7321120520867074,False,False,True,1.0,0.0,,,
F-119,2297,Fig2A_dt0p1.csv,2,1,467,3876,3886,10,10.0,0,0.0,-0.8619548657958639,artifact,True,0.04557007843499994,0.49145913619189985,10.784689275725196,True,False,True,1.0,0.0,,,
F-119,2297,Fig2A_dt0p1.csv,2,3,469,3876,3886,10,10.0,0,0.0,0.9848995687392351,artifact,True,0.04557007843499994,0.09076605221220002,1.9917905636626572,False,False,False,1.0,0.0,0.9848995687392348,0,artifact
F-119,2297,Fig2A_dt0p1.csv,2,4,470,3876,3886,10,10.0,0,0.0,-0.7994815058772178,artifact,True,0.04557007843499994,0.10092157860039996,2.214645707585342,True,False,False,1.0,0.0,-0.7994815058772177,0,artifact
F-119,2313,Fig2A_dt0p1.csv,2,0,466,4162,4172,10,10.0,-1,-0.1,-0.6812139687109513,artifact,True,0.05498252717219998,0.14657018622100004,2.6657593559124035,True,False,True,0.9666666666666667,0.0,,,
F-119,2313,Fig2A_dt0p1.csv,2,1,467,4162,4172,10,10.0,2,0.2,-0.5590986804015229,artifact,True,0.05498252717219998,0.0898096144592001,1.6334209989643627,False,False,True,0.9333333333333333,0.0,,,
F-119,2313,Fig2A_dt0p1.csv,2,3,469,4162,4172,10,10.0,0,0.0,0.8778986417282976,artifact,True,0.05498252717219998,0.12101287141399997,2.20093323529854,True,False,False,0.9,0.0,0.8778986417282976,0,artifact
F-119,2313,Fig2A_dt0p1.csv,2,4,470,4162,4172,10,10.0,0,0.0,0.9787178307969551,artifact,True,0.05498252717219998,0.059664730969000046,1.085158031789551,False,False,False,0.8666666666666667,0.0,0.9787178307969556,0,artifact
F-130,2325,Fig2A_dt0p1.csv,2,0,466,4284,4315,31,10.0,3,0.3,-0.741175315639086,artifact,True,0.10643584372050002,0.17818093946415853,1.6740689342592214,True,True,False,0.9333333333333333,0.0,-0.7411753156390858,3,artifact
F-130,2325,Fig2A_dt0p1.csv,2,1,467,4284,4315,31,10.0,-1,-0.1,-0.786526026717416,artifact,True,0.10643584372050002,0.48019284820209995,4.511570833816885,True,True,False,0.8,0.0,-0.7865260267174159,-1,artifact
F-130,2325,Fig2A_dt0p1.csv,2,3,469,4284,4315,31,10.0,8,0.8,0.6373056267615018,artifact,True,0.10643584372050002,0.3274628492399999,3.076621914135577,True,True,True,0.9666666666666667,0.03333333333333333,,,
F-130,2325,Fig2A_dt0p1.csv,2,4,470,4284,4315,31,10.0,0,0.0,0.9312059587964197,artifact,True,0.10643584372050002,0.6682430665429999,6.2783649115217495,True,True,False,1.0,0.0,0.9312059587964194,0,artifact
F-130,2348,Fig2A_dt0p1.csv,2,0,466,4599,4625,26,10.0,0,0.0,0.9756102757348807,artifact,True,0.08797798600640006,0.24206187647557548,2.75139142714595,True,False,True,0.9666666666666667,0.13333333333333333,,,
F-130,2348,Fig2A_dt0p1.csv,2,1,467,4599,4625,26,10.0,-8,-0.8,0.5488088070519748,artifact,True,0.08797798600640006,0.2027402489661,2.304442942707866,True,False,False,0.8666666666666667,0.0,0.5488088070519734,-8,artifact
F-130,2348,Fig2A_dt0p1.csv,2,3,469,4599,4625,26,10.0,0,0.0,-0.8200635487190389,artifact,True,0.08797798600640006,0.2728711901526,3.1015848684323104,True,False,True,0.9333333333333333,0.03333333333333333,,,
F-130,2348,Fig2A_dt0p1.csv,2,4,470,4599,4625,26,10.0,3,0.3,0.7169579613541299,artifact,True,0.08797798600640006,1.2783581774119002,14.530432389290027,True,False,False,1.0,0.06666666666666667,0.7169579613541294,3,artifact
F-119,2354,Fig2A_dt0p1.csv,2,0,466,4734,4744,10,10.0,-1,-0.1,0.7314997868194292,artifact,True,0.0633713454921001,0.05591117814510002,0.8822785394712809,False,False,False,0.9666666666666667,0.03333333333333333,0.7314997868194297,-1,artifact
F-119,2354,Fig2A_dt0p1.csv,2,1,467,4734,4744,10,10.0,0,0.0,-0.5885049979099126,artifact,True,0.0633713454921001,0.23624929596070005,3.728014517068301,True,False,True,0.9333333333333333,0.0,,,
F-119,2354,Fig2A_dt0p1.csv,2,3,469,4734,4744,10,10.0,0,0.0,0.9713854588912703,artifact,True,0.0633713454921001,0.1461301141554,2.3059335890795727,True,False,False,1.0,0.06666666666666667,0.9713854588912699,0,artifact
F-119,2354,Fig2A_dt0p1.csv,2,4,470,4734,4744,10,10.0,0,0.0,-0.9219916833352564,artifact,True,0.0633713454921001,0.5847403801819999,9.227204750684896,True,False,False,1.0,0.06666666666666667,-0.9219916833352559,0,artifact
F-39,2409,Fig2A_dt0p1.csv,2,0,466,5574,5598,24,10.0,0,0.0,-0.9151997087321693,artifact,True,0.30767265932710003,0.2223566105837,0.7227051343138784,True,True,True,0.9666666666666667,0.3,,,
F-39,2409,Fig2A_dt0p1.csv,2,1,467,5574,5598,24,10.0,9,0.9,0.6964224127073683,artifact,True,0.30767265932710003,0.40500959936909997,1.3163652573318738,True,True,True,0.9,0.3,,,
F-39,2409,Fig2A_dt0p1.csv,2,3,469,5574,5598,24,10.0,1,0.1,0.8878314923703465,artifact,True,0.30767265932710003,0.2446117850609001,0.7950390704064568,True,True,False,0.9333333333333333,0.1,0.8878314923703469,1,artifact
F-39,2409,Fig2A_dt0p1.csv,2,4,470,5574,5598,24,10.0,4,0.4,0.8103808365086484,artifact,True,0.30767265932710003,0.1310504010582934,0.4259410028336905,True,True,True,0.9,0.13333333333333333,,,
F-130,2422,Fig2A_dt0p1.csv,2,0,466,5784,5805,21,10.0,2,0.2,-0.5496726982914564,artifact,True,0.0814436549998,0.19825354787776708,2.4342417819811,True,False,False,1.0,0.06666666666666667,-0.5496726982914562,2,artifact
F-130,2422,Fig2A_dt0p1.csv,2,1,467,5784,5805,21,10.0,0,0.0,0.9619365134684165,artifact,True,0.0814436549998,0.3389715094969275,4.162037048776359,True,False,False,0.9,0.0,0.9619365134684166,0,artifact
F-130,2422,Fig2A_dt0p1.csv,2,3,469,5784,5805,21,10.0,0,0.0,0.9410754338778392,artifact,True,0.0814436549998,0.3831025327576,4.703896611203669,True,False,True,0.8666666666666667,0.03333333333333333,,,
F-130,2422,Fig2A_dt0p1.csv,2,4,470,5784,5805,21,10.0,0,0.0,0.9376490640906626,artifact,True,0.0814436549998,0.13392443244879237,1.6443814125129976,True,False,True,0.9333333333333333,0.1,,,
F-39,2436,Fig2A_dt0p1.csv,2,0,466,6038,6048,10,10.0,0,0.0,-0.9344294587584132,artifact,True,0.16757394154950012,0.17537843963150013,1.0465734589151179,True,True,False,0.9666666666666667,0.2,-0.9344294587584138,0,artifact
F-39,2436,Fig2A_dt0p1.csv,2,1,467,6038,6048,10,10.0,-1,-0.1,0.6377306490535124,artifact,True,0.16757394154950012,0.13162048792203962,0.7854472282801792,True,True,False,1.0,0.06666666666666667,0.6377306490535124,-1,artifact
F-39,2436,Fig2A_dt0p1.csv,2,3,469,6038,6048,10,10.0,0,0.0,-0.8199877570252431,artifact,True,0.16757394154950012,0.20047131475570001,1.1963155661435716,True,True,False,1.0,0.13333333333333333,-0.8199877570252431,0,artifact
F-39,2436,Fig2A_dt0p1.csv,2,4,470,6038,6048,10,10.0,0,0.0,-0.7676338180326006,artifact,True,0.16757394154950012,0.13525164325469996,0.8071162019826789,True,True,True,1.0,0.2,,,
F-119,2438,Fig2A_dt0p1.csv,2,0,466,6112,6122,10,10.0,0,0.0,0.9579497998265971,artifact,True,0.06216588053759997,0.19814817533609996,3.187410419068277,True,False,True,0.9,0.03333333333333333,,,
F-119,2438,Fig2A_dt0p1.csv,2,1,467,6112,6122,10,10.0,0,0.0,0.8395514695527752,artifact,True,0.06216588053759997,0.11512510121889996,1.8519017220269005,True,False,False,0.9666666666666667,0.03333333333333333,0.8395514695527737,0,artifact
F-119,2438,Fig2A_dt0p1.csv,2,3,469,6112,6122,10,10.0,0,0.0,0.9431221494992738,artifact,True,0.06216588053759997,0.05417163531210001,0.871404616867531,False,False,False,0.9666666666666667,0.06666666666666667,0.9431221494992729,0,artifact
F-119,2438,Fig2A_dt0p1.csv,2,4,470,6112,6122,10,10.0,0,0.0,-0.9116957855898982,artifact,True,0.06216588053759997,0.4302829124898999,6.921528477822343,True,False,False,0.8666666666666667,0.03333333333333333,-0.9116957855898986,0,artifact
F-130,2446,Fig2A_dt0p1.csv,2,0,466,6302,6316,14,10.0,0,0.0,0.8126533035304462,artifact,True,0.09203972815240002,0.0618448544356359,0.6719365178179662,False,False,False,0.9666666666666667,0.1,0.8126533035304463,0,artifact
F-130,2446,Fig2A_dt0p1.csv,2,1,467,6302,6316,14,10.0,0,0.0,-0.8935848908651101,artifact,True,0.09203972815240002,0.1934042294185,2.1013124799571323,True,False,False,0.9,0.1,-0.8935848908651105,0,artifact
F-130,2446,Fig2A_dt0p1.csv,2,3,469,6302,6316,14,10.0,0,0.0,-0.8509254208167886,artifact,True,0.09203972815240002,0.1651368086251,1.7941905298944965,True,False,True,0.9666666666666667,0.1,,,
F-130,2446,Fig2A_dt0p1.csv,2,4,470,6302,6316,14,10.0,-2,-0.2,-0.6971302460550044,artifact,True,0.09203972815240002,0.14456699943950013,1.57070215592255,True,False,False,0.9666666666666667,0.2,-0.6971302460550056,-2,artifact
F-130,2486,Fig2A_dt0p1.csv,2,0,466,7200,7218,18,10.0,0,0.0,0.9755183044679873,artifact,True,0.1573616566763001,0.236443654173451,1.5025493450404255,True,True,True,0.8333333333333334,0.23333333333333334,,,
F-130,2486,Fig2A_dt0p1.csv,2,1,467,7200,7218,18,10.0,0,0.0,-0.9024103498789429,artifact,True,0.1573616566763001,0.2233969526765802,1.4196403202345387,True,True,False,0.9333333333333333,0.13333333333333333,-0.9024103498789425,0,artifact
F-130,2486,Fig2A_dt0p1.csv,2,3,469,7200,7218,18,10.0,6,0.6,0.49382087079797365,independent_recurrence,False,0.1573616566763001,0.6526347328889001,4.147355503706971,True,True,False,0.9,0.26666666666666666,0.49382087079797393,6,independent_recurrence
F-130,2486,Fig2A_dt0p1.csv,2,4,470,7200,7218,18,10.0,-2,-0.2,-0.768856279655641,artifact,True,0.1573616566763001,0.092204044277,0.5859371731619972,False,True,False,0.9333333333333333,0.2,-0.7688562796556414,-2,artifact
F-119,2488,Fig2A_dt0p1.csv,2,0,466,7230,7240,10,10.0,0,0.0,0.9925558411171025,artifact,True,0.08496190573669993,0.13921201745235862,1.638522773768538,True,False,False,0.9333333333333333,0.16666666666666666,0.9925558411171027,0,artifact
F-119,2488,Fig2A_dt0p1.csv,2,1,467,7230,7240,10,10.0,0,0.0,0.825416676344172,artifact,True,0.08496190573669993,0.1490264813359,1.7540388253264767,True,False,False,0.9666666666666667,0.1,0.825416676344172,0,artifact
F-119,2488,Fig2A_dt0p1.csv,2,3,469,7230,7240,10,10.0,-2,-0.2,-0.6463028525945116,artifact,True,0.08496190573669993,0.5330670971784206,6.274189503592529,True,False,False,0.9,0.06666666666666667,-0.6463028525945113,-2,artifact
F-119,2488,Fig2A_dt0p1.csv,2,4,470,7230,7240,10,10.0,-4,-0.4,0.45409902547694203,independent_recurrence,False,0.08496190573669993,0.029419798261499985,0.34627046093661107,False,False,True,1.0,0.23333333333333334,,,
F-130,2490,Fig2A_dt0p1.csv,2,0,466,7218,7255,37,10.0,0,0.0,0.8850671965550069,artifact,True,0.3403825365195001,0.2620706356782,0.769929733640099,True,True,True,0.8333333333333334,0.26666666666666666,,,
F-130,2490,Fig2A_dt0p1.csv,2,1,467,7218,7255,37,10.0,-13,-1.3,0.5185578965972562,propagation,False,0.3403825365195001,0.629204371001,1.8485213061597643,True,True,False,0.7333333333333333,0.1,0.5185578965972566,-13,propagation
F-130,2490,Fig2A_dt0p1.csv,2,3,469,7218,7255,37,10.0,15,1.5,0.526553507203958,propagation,False,0.3403825365195001,0.5907388429318,1.7355145448184803,True,True,False,0.6666666666666666,0.23333333333333334,0.5265535072039574,15,propagation
F-130,2490,Fig2A_dt0p1.csv,2,4,470,7218,7255,37,10.0,-5,-0.5,0.5751787456423871,artifact,True,0.3403825365195001,0.09428720530669998,0.27700365086532097,False,True,True,0.8333333333333334,0.23333333333333334,,,
F-119,2491,Fig2A_dt0p1.csv,2,0,466,7256,7266,10,10.0,0,0.0,0.8736451108147879,artifact,True,0.04867511501130006,0.05175299514309997,1.0632331352701554,False,False,False,0.9666666666666667,0.0,0.8736451108147879,0,artifact
F-119,2491,Fig2A_dt0p1.csv,2,1,467,7256,7266,10,10.0,3,0.3,-0.5773449978359306,artifact,True,0.04867511501130006,0.0784576960581036,1.6118646261008203,False,False,False,1.0,0.0,-0.5773449978359295,3,artifact
F-119,2491,Fig2A_dt0p1.csv,2,3,469,7256,7266,10,10.0,0,0.0,-0.7801676514306355,artifact,True,0.04867511501130006,0.551724582969168,11.33483881529779,True,False,False,0.9666666666666667,0.0,-0.7801676514306364,0,artifact
F-119,2491,Fig2A_dt0p1.csv,2,4,470,7256,7266,10,10.0,0,0.0,0.9815266605674298,artifact,True,0.04867511501130006,0.09723061917669998,1.9975426694755136,False,False,False,1.0,0.0,0.9815266605674301,0,artifact
F-119,2498,Fig2A_dt0p1.csv,2,0,466,7334,7344,10,10.0,0,0.0,0.9976762601081777,artifact,True,0.10079012103599994,0.12129637534028709,1.2034550022711332,True,True,False,0.9666666666666667,0.13333333333333333,0.9976762601081781,0,artifact
F-119,2498,Fig2A_dt0p1.csv,2,1,467,7334,7344,10,10.0,0,0.0,-0.8233718796878193,artifact,True,0.10079012103599994,0.20400556969560002,2.0240631482398346,True,True,False,0.9333333333333333,0.2,-0.8233718796878193,0,artifact
F-119,2498,Fig2A_dt0p1.csv,2,3,469,7334,7344,10,10.0,0,0.0,0.9957565394243408,artifact,True,0.10079012103599994,0.2010007174898,1.9942501846783884,True,True,False,0.9666666666666667,0.3,0.9957565394243408,0,artifact
F-119,2498,Fig2A_dt0p1.csv,2,4,470,7334,7344,10,10.0,0,0.0,0.9128842392091938,artifact,True,0.10079012103599994,0.0576188295391,0.5716713994074862,False,True,False,0.9333333333333333,0.23333333333333334,0.912884239209194,0,artifact
F-119,2505,Fig2A_dt0p1.csv,2,0,466,7412,7422,10,10.0,0,0.0,-0.7459323403423547,artifact,True,0.05887863852780001,0.08105716457869999,1.3766820464170246,False,False,False,1.0,0.1,-0.7459323403423544,0,artifact
F-119,2505,Fig2A_dt0p1.csv,2,1,467,7412,7422,10,10.0,-2,-0.2,-0.7706136487591305,artifact,True,0.05887863852780001,0.0435090949519,0.7389623136641796,False,False,False,1.0,0.0,-0.7706136487591315,-2,artifact
F-119,2505,Fig2A_dt0p1.csv,2,3,469,7412,7422,10,10.0,0,0.0,0.9706779871096256,artifact,True,0.05887863852780001,0.12235169215149759,2.0780319520079984,True,False,False,1.0,0.0,0.9706779871096254,0,artifact
F-119,2505,Fig2A_dt0p1.csv,2,4,470,7412,7422,10,10.0,0,0.0,0.5266934344394446,artifact,True,0.05887863852780001,0.02906278978339999,0.4936049900283915,False,False,False,1.0,0.06666666666666667,0.5266934344394445,0,artifact
F-130,2518,Fig2A_dt0p1.csv,2,0,466,7534,7565,31,10.0,6,0.6,-0.5874782459586758,artifact,True,0.1542688951417544,0.17434218060987372,1.1301188126723434,True,True,True,0.9333333333333333,0.26666666666666666,,,
F-130,2518,Fig2A_dt0p1.csv,2,1,467,7534,7565,31,10.0,5,0.5,0.6047187430464536,artifact,True,0.1542688951417544,0.22578237986189997,1.4635638613631954,True,True,False,0.8666666666666667,0.03333333333333333,0.6047187430464546,5,artifact
F-130,2518,Fig2A_dt0p1.csv,2,3,469,7534,7565,31,10.0,13,1.3,0.5253762116418896,propagation,False,0.1542688951417544,0.583558980150739,3.7827390908226777,True,True,False,0.9666666666666667,0.16666666666666666,0.5253762116418899,13,propagation
F-130,2518,Fig2A_dt0p1.csv,2,4,470,7534,7565,31,10.0,0,0.0,-0.9018120337250011,artifact,True,0.1542688951417544,0.48722761048139995,3.1583010303774905,True,True,True,0.8666666666666667,0.13333333333333333,,,
F-39,2555,Fig2A_dt0p1.csv,2,0,466,8000,8016,16,10.0,12,1.2,-0.5865626331680522,propagation,False,0.07143564942089997,0.05417449345539993,0.7583677602789465,False,False,True,0.8666666666666667,0.03333333333333333,,,
F-39,2555,Fig2A_dt0p1.csv,2,1,467,8000,8016,16,10.0,3,0.3,-0.6469839778422991,artifact,True,0.07143564942089997,0.253153474851296,3.5437974863182355,True,False,True,0.9,0.0,,,
F-39,2555,Fig2A_dt0p1.csv,2,3,469,8000,8016,16,10.0,0,0.0,0.7380405299819874,artifact,True,0.07143564942089997,0.5616025583363,7.861656790257885,True,False,True,0.8333333333333334,0.0,,,
F-39,2555,Fig2A_dt0p1.csv,2,4,470,8000,8016,16,10.0,0,0.0,-0.7312906123301604,artifact,True,0.07143564942089997,0.11914998200710003,1.6679344693161038,True,False,True,0.9666666666666667,0.03333333333333333,,,
F-119,2572,Fig2A_dt0p1.csv,2,0,466,8218,8228,10,10.0,0,0.0,0.9466584331363659,artifact,True,0.04273619562410014,0.09224172431919991,2.158398120659627,False,False,False,0.9333333333333333,0.0,0.9466584331363659,0,artifact
F-119,2572,Fig2A_dt0p1.csv,2,1,467,8218,8228,10,10.0,0,0.0,0.8854385344641844,artifact,True,0.04273619562410014,0.1897388119494,4.439768425301783,True,False,False,0.9666666666666667,0.0,0.8854385344641841,0,artifact
F-119,2572,Fig2A_dt0p1.csv,2,3,469,8218,8228,10,10.0,0,0.0,-0.6896023039097157,artifact,True,0.04273619562410014,0.10124925851400002,2.3691687347318,True,False,False,0.9666666666666667,0.0,-0.6896023039097156,0,artifact
F-119,2572,Fig2A_dt0p1.csv,2,4,470,8218,8228,10,10.0,-2,-0.2,-0.596996237899101,artifact,True,0.04273619562410014,0.04041659328950009,0.9457227696399827,False,False,False,0.9666666666666667,0.0,-0.5969962378991027,-2,artifact
F-39,2577,Fig2A_dt0p1.csv,2,0,466,8278,8298,20,10.0,0,0.0,0.8838095072303188,artifact,True,0.07480052487369993,0.4915365016051,6.571297493367264,True,False,True,0.9666666666666667,0.03333333333333333,,,
F-39,2577,Fig2A_dt0p1.csv,2,1,467,8278,8298,20,10.0,6,0.6,0.6934386405211337,artifact,True,0.07480052487369993,0.36679200705500004,4.903602049241304,True,False,True,0.9666666666666667,0.0,,,
F-39,2577,Fig2A_dt0p1.csv,2,3,469,8278,8298,20,10.0,3,0.3,0.7745347414386375,artifact,True,0.07480052487369993,0.6528726114178001,8.72818222225272,True,False,True,0.9666666666666667,0.03333333333333333,,,
F-39,2577,Fig2A_dt0p1.csv,2,4,470,8278,8298,20,10.0,3,0.3,-0.7397117578002907,artifact,True,0.07480052487369993,0.06878146516600003,0.9195318519774691,False,False,False,1.0,0.1,-0.7397117578002911,3,artifact
F-119,2580,Fig2A_dt0p1.csv,2,0,466,8291,8345,54,10.0,0,0.0,0.9249714216774394,artifact,True,0.10550410820579992,0.43156510636279993,4.090505229625507,True,True,False,0.6666666666666666,0.0,0.9249714216774394,0,artifact
F-119,2580,Fig2A_dt0p1.csv,2,1,467,8291,8345,54,10.0,3,0.3,0.757292784048533,artifact,True,0.10550410820579992,0.46951728686700006,4.450227530013747,True,True,False,0.6,0.0,0.7572927840485333,3,artifact
F-119,2580,Fig2A_dt0p1.csv,2,3,469,8291,8345,54,10.0,0,0.0,0.5676194864679684,artifact,True,0.10550410820579992,0.8046679813333044,7.626887663594024,True,True,False,0.5,0.0,0.5676194864679688,0,artifact
F-119,2580,Fig2A_dt0p1.csv,2,4,470,8291,8345,54,10.0,0,0.0,0.9497675216849699,artifact,True,0.10550410820579992,0.2871906017378999,2.722079799752405,True,True,False,0.6666666666666666,0.0,0.9497675216849699,0,artifact
F-39,2610,Fig2A_dt0p1.csv,2,0,466,8854,8874,20,10.0,0,0.0,0.8962881885618124,artifact,True,0.07253196208299995,0.06131080362009629,0.8452936038037544,False,False,False,0.9666666666666667,0.13333333333333333,0.8962881885618124,0,artifact
F-39,2610,Fig2A_dt0p1.csv,2,1,467,8854,8874,20,10.0,0,0.0,0.8870846964123202,artifact,True,0.07253196208299995,0.3732483167517,5.145984005293881,True,False,True,0.9333333333333333,0.0,,,
F-39,2610,Fig2A_dt0p1.csv,2,3,469,8854,8874,20,10.0,2,0.2,-0.8066806923620892,artifact,True,0.07253196208299995,0.22943181699709997,3.1631822772773748,True,False,False,0.9333333333333333,0.0,-0.8066806923620898,2,artifact
F-39,2610,Fig2A_dt0p1.csv,2,4,470,8854,8874,20,10.0,1,0.1,0.7684306354217565,artifact,True,0.07253196208299995,0.2731721184815,3.766230922705539,True,False,False,1.0,0.06666666666666667,0.7684306354217566,1,artifact
F-119,2615,Fig2A_dt0p1.csv,2,0,466,8946,8956,10,10.0,0,0.0,-0.8145218676278487,artifact,True,0.049907668166900065,0.1549769104940416,3.1052725199616904,True,False,False,0.9666666666666667,0.0,-0.8145218676278484,0,artifact
F-119,2615,Fig2A_dt0p1.csv,2,1,467,8946,8956,10,10.0,-1,-0.1,-0.7195518686159057,artifact,True,0.049907668166900065,0.08330308475509995,1.6691439976021263,False,False,True,0.9333333333333333,0.0,,,
F-119,2615,Fig2A_dt0p1.csv,2,3,469,8946,8956,10,10.0,-2,-0.2,-0.6932785814190907,artifact,True,0.049907668166900065,0.05226830475770006,1.0473000778739172,False,False,False,0.9333333333333333,0.0,-0.6932785814190917,-2,artifact
F-119,2615,Fig2A_dt0p1.csv,2,4,470,8946,8956,10,10.0,0,0.0,0.9836559963162262,artifact,True,0.049907668166900065,0.10030854696359998,2.009882461912475,True,False,False,1.0,0.0,0.9836559963162262,0,artifact
F-130,2641,Fig2A_dt0p1.csv,2,0,466,9190,9255,65,10.0,-15,-1.5,-0.5132441550466998,propagation,False,0.21393560671699985,0.25547972332320007,1.194189818346396,True,True,True,0.8666666666666667,0.03333333333333333,,,
F-130,2641,Fig2A_dt0p1.csv,2,1,467,9190,9255,65,10.0,-4,-0.4,0.8084068545518945,artifact,True,0.21393560671699985,0.5512268423499002,2.5766016737881263,True,True,True,0.5,0.0,,,
F-130,2641,Fig2A_dt0p1.csv,2,3,469,9190,9255,65,10.0,0,0.0,0.9279866389087532,artifact,True,0.21393560671699985,0.8957560914121618,4.1870360205961115,True,True,False,0.6666666666666666,0.1,0.9279866389087531,0,artifact
F-130,2641,Fig2A_dt0p1.csv,2,4,470,9190,9255,65,10.0,-13,-1.3,0.5725238105927858,propagation,False,0.21393560671699985,0.3372208930257001,1.576272871078378,True,True,True,0.6333333333333333,0.03333333333333333,,,
F-130,2649,Fig2A_dt0p1.csv,2,0,466,9316,9360,44,10.0,0,0.0,-0.5601331096054024,artifact,True,0.18283387385689998,2.2500420227214,12.306483340622417,True,True,True,0.8333333333333334,0.13333333333333333,,,
F-130,2649,Fig2A_dt0p1.csv,2,1,467,9316,9360,44,10.0,-9,-0.9,0.5857456269278617,artifact,True,0.18283387385689998,0.19524837016560004,1.0679004171755209,True,True,True,0.8,0.0,,,
F-130,2649,Fig2A_dt0p1.csv,2,3,469,9316,9360,44,10.0,0,0.0,-0.8559358432914805,artifact,True,0.18283387385689998,0.6642353661467391,3.632999466316736,True,True,False,0.7,0.06666666666666667,-0.8559358432914806,0,artifact
F-130,2649,Fig2A_dt0p1.csv,2,4,470,9316,9360,44,10.0,0,0.0,-0.8819763264534927,artifact,True,0.18283387385689998,0.6992949855405358,3.8247561613656917,True,True,True,0.8333333333333334,0.03333333333333333,,,
F-130,2650,Fig2A_dt0p1.csv,2,0,466,9359,9380,21,10.0,0,0.0,0.9730404669042172,artifact,True,0.1332679628203997,0.5532992186390002,4.151779669541892,True,True,True,0.9,0.23333333333333334,,,
F-130,2650,Fig2A_dt0p1.csv,2,1,467,9359,9380,21,10.0,3,0.3,-0.605716286444088,artifact,True,0.1332679628203997,0.22495613975259998,1.6879986381705634,True,True,True,0.8666666666666667,0.03333333333333333,,,
F-130,2650,Fig2A_dt0p1.csv,2,3,469,9359,9380,21,10.0,-5,-0.5,0.5763897158398937,artifact,True,0.1332679628203997,0.15666805467829992,1.1755867754160514,True,True,False,0.9333333333333333,0.16666666666666666,0.5763897158398935,-5,artifact
F-130,2650,Fig2A_dt0p1.csv,2,4,470,9359,9380,21,10.0,2,0.2,-0.6486564642748485,artifact,True,0.1332679628203997,0.29351421823049995,2.202436444729467,True,True,True,0.8666666666666667,0.23333333333333334,,,
F-39,2660,Fig2A_dt0p1.csv,2,0,466,9484,9488,4,10.0,1,0.1,-0.7549451028164538,artifact,True,0.027970717677800003,0.02980107498949991,1.0654383392226163,False,False,False,0.9666666666666667,0.0,-0.7549451028164514,1,artifact
F-39,2660,Fig2A_dt0p1.csv,2,1,467,9484,9488,4,10.0,1,0.1,-0.7824905520717542,artifact,True,0.027970717677800003,0.04333874449790004,1.5494326959045974,False,False,False,1.0,0.0,-0.7824905520717548,1,artifact
F-39,2660,Fig2A_dt0p1.csv,2,3,469,9484,9488,4,10.0,1,0.1,-0.6791561179074179,artifact,True,0.027970717677800003,0.029360034791687507,1.0496704135335857,False,False,False,1.0,0.0,-0.6791561179074178,1,artifact
F-39,2660,Fig2A_dt0p1.csv,2,4,470,9484,9488,4,10.0,1,0.1,-0.5555562219300132,artifact,True,0.027970717677800003,0.02052546497849994,0.733819747313482,False,False,False,0.9666666666666667,0.0,-0.5555562219300143,1,artifact
F-119,2672,Fig2A_dt0p1.csv,2,0,466,9804,9814,10,10.0,-2,-0.2,-0.3958739200394001,independent_recurrence,False,0.10772169671469989,0.01914663446960002,0.1777416718593817,False,True,False,0.9,0.16666666666666666,-0.39587392003939925,-2,independent_recurrence
F-119,2672,Fig2A_dt0p1.csv,2,1,467,9804,9814,10,10.0,0,0.0,0.5229162864993435,artifact,True,0.10772169671469989,0.02715317875939982,0.25206787107443,False,True,False,0.9666666666666667,0.23333333333333334,0.5229162864993429,0,artifact
F-119,2672,Fig2A_dt0p1.csv,2,3,469,9804,9814,10,10.0,0,0.0,0.5203047493977792,artifact,True,0.10772169671469989,0.04141122454279994,0.3844278896987416,False,True,False,0.9,0.23333333333333334,0.520304749397779,0,artifact
F-119,2672,Fig2A_dt0p1.csv,2,4,470,9804,9814,10,10.0,-1,-0.1,0.5035916759207553,artifact,True,0.10772169671469989,0.1319622523495,1.2250294636465022,True,True,False,0.9666666666666667,0.3,0.5035916759207566,-1,artifact
F-130,2685,Fig2A_dt0p1.csv,2,0,466,10176,10188,12,10.0,0,0.0,0.9848837777088487,artifact,True,0.14798271146649977,0.09898754331390003,0.6689128907893322,False,True,True,0.9333333333333333,0.4,,,
F-130,2685,Fig2A_dt0p1.csv,2,1,467,10176,10188,12,10.0,-8,-0.8,-0.5384683915979964,artifact,True,0.14798271146649977,0.036836575730100074,0.24892485997216718,False,True,True,0.9333333333333333,0.13333333333333333,,,
F-130,2685,Fig2A_dt0p1.csv,2,3,469,10176,10188,12,10.0,0,0.0,0.9970442939105415,artifact,True,0.14798271146649977,0.20092941247649992,1.3577897748007286,True,True,True,0.9666666666666667,0.16666666666666666,,,
F-130,2685,Fig2A_dt0p1.csv,2,4,470,10176,10188,12,10.0,-4,-0.4,0.4663832701942084,independent_recurrence,False,0.14798271146649977,0.05039879952310011,0.34057221295414203,False,True,True,0.8666666666666667,0.36666666666666664,,,
F-119,2688,Fig2A_dt0p1.csv,2,0,466,10272,10282,10,10.0,-2,-0.2,-0.7825455828685282,artifact,True,0.05483551683219989,0.030287446073500007,0.5523326453944345,False,False,True,1.0,0.03333333333333333,,,
F-119,2688,Fig2A_dt0p1.csv,2,1,467,10272,10282,10,10.0,0,0.0,0.9270426418807304,artifact,True,0.05483551683219989,0.2527561707104,4.609351480790264,True,False,False,0.9333333333333333,0.0,0.9270426418807307,0,artifact
F-119,2688,Fig2A_dt0p1.csv,2,3,469,10272,10282,10,10.0,0,0.0,0.9657660228772249,artifact,True,0.05483551683219989,0.14217460930050002,2.592746772781648,True,False,True,0.9,0.0,,,
F-119,2688,Fig2A_dt0p1.csv,2,4,470,10272,10282,10,10.0,0,0.0,0.9702570952659924,artifact,True,0.05483551683219989,0.1344612796497,2.452083748223983,True,False,False,0.8666666666666667,0.03333333333333333,0.9702570952659926,0,artifact
F-119,2690,Fig2A_dt0p1.csv,2,0,466,10298,10308,10,10.0,0,0.0,0.9764038663869989,artifact,True,0.07557414391719997,0.09447024555580003,1.2500339489032504,False,False,True,0.9666666666666667,0.06666666666666667,,,
F-119,2690,Fig2A_dt0p1.csv,2,1,467,10298,10308,10,10.0,0,0.0,-0.7873969123278629,artifact,True,0.07557414391719997,0.2088653786918001,2.7637147821434245,True,False,False,0.9333333333333333,0.06666666666666667,-0.787396912327863,0,artifact
F-119,2690,Fig2A_dt0p1.csv,2,3,469,10298,10308,10,10.0,0,0.0,0.8802538163937635,artifact,True,0.07557414391719997,0.10224275778142031,1.3528801317741532,True,False,True,0.9666666666666667,0.0,,,
F-119,2690,Fig2A_dt0p1.csv,2,4,470,10298,10308,10,10.0,0,0.0,0.8782408667170685,artifact,True,0.07557414391719997,0.069213444637,0.9158349807155098,False,False,False,0.9,0.1,0.8782408667170687,0,artifact
F-119,2691,Fig2A_dt0p1.csv,2,0,466,10324,10334,10,10.0,0,0.0,0.978270478746083,artifact,True,0.06539821946470004,0.17553621427840005,2.6841130494867547,True,False,True,1.0,0.13333333333333333,,,
F-119,2691,Fig2A_dt0p1.csv,2,1,467,10324,10334,10,10.0,0,0.0,0.7449794113927861,artifact,True,0.06539821946470004,0.06064153726989996,0.9272658761395242,False,False,False,1.0,0.03333333333333333,0.7449794113927869,0,artifact
F-119,2691,Fig2A_dt0p1.csv,2,3,469,10324,10334,10,10.0,0,0.0,0.9042002324957608,artifact,True,0.06539821946470004,0.10113355803330004,1.5464267813573862,True,False,True,1.0,0.03333333333333333,,,
F-119,2691,Fig2A_dt0p1.csv,2,4,470,10324,10334,10,10.0,0,0.0,0.9909971258934958,artifact,True,0.06539821946470004,0.09457616886663409,1.4461581621145423,False,False,False,0.9333333333333333,0.06666666666666667,0.9909971258934955,0,artifact
F-130,2693,Fig2A_dt0p1.csv,2,0,466,10319,10350,31,10.0,0,0.0,0.9694073719179666,artifact,True,0.243368083302,0.38991446062249996,1.6021593930155904,True,True,True,0.9333333333333333,0.26666666666666666,,,
F-130,2693,Fig2A_dt0p1.csv,2,1,467,10319,10350,31,10.0,0,0.0,0.8844660489121652,artifact,True,0.243368083302,0.29961664443209995,1.2311254638115388,True,True,True,0.7333333333333333,0.06666666666666667,,,
F-130,2693,Fig2A_dt0p1.csv,2,3,469,10319,10350,31,10.0,0,0.0,0.9849123661271156,artifact,True,0.243368083302,0.4473198725632,1.8380383594019287,True,True,True,0.8333333333333334,0.13333333333333333,,,
F-130,2693,Fig2A_dt0p1.csv,2,4,470,10319,10350,31,10.0,0,0.0,0.9853734883936748,artifact,True,0.243368083302,0.24548713799779281,1.0087072004966373,True,True,True,0.9333333333333333,0.06666666666666667,,,
F-119,2701,Fig2A_dt0p1.csv,2,0,466,10454,10464,10,10.0,0,0.0,0.9855713521332286,artifact,True,0.071108136032,0.10904537641879997,1.5335147636232158,True,False,True,0.9333333333333333,0.16666666666666666,,,
F-119,2701,Fig2A_dt0p1.csv,2,1,467,10454,10464,10,10.0,0,0.0,0.9229178782431756,artifact,True,0.071108136032,0.10012743973710003,1.408101032096254,True,False,False,0.9666666666666667,0.06666666666666667,0.9229178782431756,0,artifact
F-119,2701,Fig2A_dt0p1.csv,2,3,469,10454,10464,10,10.0,-1,-0.1,-0.48389114918667087,independent_recurrence,False,0.071108136032,0.0431689722585,0.6070890712009825,False,False,True,0.9333333333333333,0.06666666666666667,,,
F-119,2701,Fig2A_dt0p1.csv,2,4,470,10454,10464,10,10.0,0,0.0,0.9780132288219875,artifact,True,0.071108136032,0.22701632163310015,3.192550589864126,True,False,False,1.0,0.16666666666666666,0.9780132288219875,0,artifact
F-39,2705,Fig2A_dt0p1.csv,2,0,466,10508,10526,18,10.0,0,0.0,0.9198325388942261,artifact,True,0.11568505594559997,0.1390682826033,1.2021283256213822,True,True,True,0.9666666666666667,0.2,,,
F-39,2705,Fig2A_dt0p1.csv,2,1,467,10508,10526,18,10.0,1,0.1,-0.8878121663671039,artifact,True,0.11568505594559997,0.46775973587464337,4.043389459867694,True,True,False,0.9666666666666667,0.06666666666666667,-0.8878121663671038,1,artifact
F-39,2705,Fig2A_dt0p1.csv,2,3,469,10508,10526,18,10.0,0,0.0,0.7484584543984732,artifact,True,0.11568505594559997,0.12395205725730002,1.0714612725397095,True,True,True,0.8333333333333334,0.1,,,
F-39,2705,Fig2A_dt0p1.csv,2,4,470,10508,10526,18,10.0,4,0.4,0.6117517962463955,artifact,True,0.11568505594559997,0.07470761889069999,0.6457845248899796,False,True,False,0.9666666666666667,0.26666666666666666,0.6117517962463948,4,artifact
F-130,2712,Fig2A_dt0p1.csv,2,0,466,10579,10605,26,10.0,0,0.0,0.684765253196898,artifact,True,0.1326325393100634,0.12258448131900002,0.9242413811623299,True,True,True,0.8333333333333334,0.16666666666666666,,,
F-130,2712,Fig2A_dt0p1.csv,2,1,467,10579,10605,26,10.0,0,0.0,0.9489617848933352,artifact,True,0.1326325393100634,0.44237148319709996,3.3353163974561353,True,True,True,0.8333333333333334,0.0,,,
F-130,2712,Fig2A_dt0p1.csv,2,3,469,10579,10605,26,10.0,-7,-0.7,-0.5487185647603126,artifact,True,0.1326325393100634,0.4814094608516,3.629648224755608,True,True,True,0.8,0.13333333333333333,,,
F-130,2712,Fig2A_dt0p1.csv,2,4,470,10579,10605,26,10.0,-1,-0.1,0.6588801414851245,artifact,True,0.1326325393100634,0.12294907013087568,0.926990245157336,True,True,True,0.9,0.2,,,
F-119,2713,Fig2A_dt0p1.csv,2,0,466,10610,10620,10,10.0,-2,-0.2,-0.5404608728399143,artifact,True,0.0672110411398466,0.03136627529440006,0.46668337169686114,False,False,True,0.9666666666666667,0.06666666666666667,,,
F-119,2713,Fig2A_dt0p1.csv,2,1,467,10610,10620,10,10.0,-2,-0.2,-0.7402378176147721,artifact,True,0.0672110411398466,0.031881688676200004,0.4743519537193821,False,False,True,0.9666666666666667,0.0,,,
F-119,2713,Fig2A_dt0p1.csv,2,3,469,10610,10620,10,10.0,-2,-0.2,-0.4747192441037248,independent_recurrence,False,0.0672110411398466,0.040541960640799984,0.6032038777147339,False,False,True,0.9666666666666667,0.03333333333333333,,,
F-119,2713,Fig2A_dt0p1.csv,2,4,470,10610,10620,10,10.0,0,0.0,0.5174417285524984,artifact,True,0.0672110411398466,0.03063421086348428,0.45579134534969346,False,False,False,0.9,0.1,0.5174417285524984,0,artifact
F-130,2728,Fig2A_dt0p1.csv,2,0,466,11060,11070,10,10.0,0,0.0,-0.9610770356073919,artifact,True,0.15138239514660023,1.0677938883522353,7.0536199887587525,True,True,False,0.9666666666666667,0.43333333333333335,-0.9610770356073919,0,artifact
F-130,2728,Fig2A_dt0p1.csv,2,1,467,11060,11070,10,10.0,0,0.0,-0.9731065713116326,artifact,True,0.15138239514660023,0.5670595285958999,3.7458749945576812,True,True,False,0.9666666666666667,0.26666666666666666,-0.9731065713116328,0,artifact
F-130,2728,Fig2A_dt0p1.csv,2,3,469,11060,11070,10,10.0,0,0.0,-0.924206927696634,artifact,True,0.15138239514660023,0.09119961024389997,0.60244528536876,False,True,True,1.0,0.16666666666666666,,,
F-130,2728,Fig2A_dt0p1.csv,2,4,470,11060,11070,10,10.0,-8,-0.8,0.44957316586249557,independent_recurrence,False,0.15138239514660023,0.04086090966829997,0.2699185042536145,False,True,False,0.9666666666666667,0.3333333333333333,0.44957316586249385,-8,independent_recurrence
F-119,2729,Fig2A_dt0p1.csv,2,0,466,11078,11088,10,10.0,0,0.0,0.9932885282109221,artifact,True,0.14342530857680025,0.1351469800045999,0.9422812566739744,True,True,True,0.9333333333333333,0.2,,,
F-119,2729,Fig2A_dt0p1.csv,2,1,467,11078,11088,10,10.0,-1,-0.1,0.6324425169530548,artifact,True,0.14342530857680025,0.1362240381309,0.9497907969147289,True,True,True,0.9333333333333333,0.26666666666666666,,,
F-119,2729,Fig2A_dt0p1.csv,2,3,469,11078,11088,10,10.0,0,0.0,0.9539767367218431,artifact,True,0.14342530857680025,0.1128346377024119,0.7867135781129737,True,True,False,0.9333333333333333,0.16666666666666666,0.9539767367218432,0,artifact
F-119,2729,Fig2A_dt0p1.csv,2,4,470,11078,11088,10,10.0,2,0.2,-0.49319894015781385,independent_recurrence,False,0.14342530857680025,0.0440011038915,0.30678758392169425,False,True,True,0.9333333333333333,0.3333333333333333,,,
F-119,2737,Fig2A_dt0p1.csv,2,0,466,11234,11245,11,10.0,0,0.0,0.6958167873790854,artifact,True,0.07183525025600002,0.03566438250929993,0.4964746747899173,False,False,True,0.9333333333333333,0.06666666666666667,,,
F-119,2737,Fig2A_dt0p1.csv,2,1,467,11234,11245,11,10.0,-2,-0.2,-0.5938436895215173,artifact,True,0.07183525025600002,0.05306960348130002,0.7387682689511811,False,False,True,1.0,0.03333333333333333,,,
F-119,2737,Fig2A_dt0p1.csv,2,3,469,11234,11245,11,10.0,-2,-0.2,-0.7130033637922781,artifact,True,0.07183525025600002,0.048942608014532,0.6813174289797101,False,False,False,0.9333333333333333,0.03333333333333333,-0.7130033637922755,-2,artifact
F-119,2737,Fig2A_dt0p1.csv,2,4,470,11234,11245,11,10.0,0,0.0,0.9946633674258571,artifact,True,0.07183525025600002,0.10149767196190002,1.4129229257250684,True,False,True,0.9,0.06666666666666667,,,
F-119,2743,Fig2A_dt0p1.csv,2,0,466,11364,11374,10,10.0,0,0.0,0.9957684523169824,artifact,True,0.07392228563359993,0.08348542686879999,1.1293674993032592,False,False,True,1.0,0.1,,,
F-119,2743,Fig2A_dt0p1.csv,2,1,467,11364,11374,10,10.0,0,0.0,-0.8424207315083821,artifact,True,0.07392228563359993,0.1387103152648,1.8764343401437242,True,False,True,0.9333333333333333,0.06666666666666667,,,
F-119,2743,Fig2A_dt0p1.csv,2,3,469,11364,11374,10,10.0,0,0.0,0.9475659329189208,artifact,True,0.07392228563359993,0.37865046664349994,5.122277583789858,True,False,False,1.0,0.06666666666666667,0.9475659329189206,0,artifact
F-119,2743,Fig2A_dt0p1.csv,2,4,470,11364,11374,10,10.0,0,0.0,-0.855958821470546,artifact,True,0.07392228563359993,0.13757057844590004,1.861016299303522,True,False,True,1.0,0.16666666666666666,,,
F-119,2745,Fig2A_dt0p1.csv,2,0,466,11390,11400,10,10.0,0,0.0,0.9647474928096214,artifact,True,0.07940893301609986,0.05297477481889959,0.6671135451241884,False,False,True,1.0,0.13333333333333333,,,
F-119,2745,Fig2A_dt0p1.csv,2,1,467,11390,11400,10,10.0,-1,-0.1,0.7613672919683481,artifact,True,0.07940893301609986,0.14070979852869553,1.7719643519220583,True,False,True,1.0,0.1,,,
F-119,2745,Fig2A_dt0p1.csv,2,3,469,11390,11400,10,10.0,0,0.0,-0.8968636183223104,artifact,True,0.07940893301609986,0.41601247256929996,5.238862389511707,True,False,False,1.0,0.03333333333333333,-0.8968636183223104,0,artifact
F-119,2745,Fig2A_dt0p1.csv,2,4,470,11390,11400,10,10.0,0,0.0,0.9817798233827727,artifact,True,0.07940893301609986,0.2031303269659001,2.558028665675639,True,False,True,0.9666666666666667,0.16666666666666666,,,
F-119,2753,Fig2A_dt0p1.csv,2,0,466,11494,11504,10,10.0,0,0.0,-0.9501245546923457,artifact,True,0.09721890914130005,0.7080295786715,7.282838132265345,True,False,True,0.9666666666666667,0.06666666666666667,,,
F-119,2753,Fig2A_dt0p1.csv,2,1,467,11494,11504,10,10.0,-4,-0.4,0.5302914501913224,artifact,True,0.09721890914130005,0.05215047443989995,0.5364231598618674,False,False,True,1.0,0.03333333333333333,,,
F-119,2753,Fig2A_dt0p1.csv,2,3,469,11494,11504,10,10.0,0,0.0,0.8785551104233653,artifact,True,0.09721890914130005,0.17230326015929992,1.772322500645123,True,False,False,0.9666666666666667,0.16666666666666666,0.8785551104233654,0,artifact
F-119,2753,Fig2A_dt0p1.csv,2,4,470,11494,11504,10,10.0,-1,-0.1,-0.7856077604869974,artifact,True,0.09721890914130005,0.2185403123530001,2.247919816044931,True,False,True,0.7666666666666667,0.2,,,
F-130,2754,Fig2A_dt0p1.csv,2,0,466,11502,11512,10,10.0,0,0.0,-0.8655530090222563,artifact,True,0.14605757314270007,0.4952875314045001,3.3910431396843626,True,True,False,0.9666666666666667,0.23333333333333334,-0.8655530090222563,0,artifact
F-130,2754,Fig2A_dt0p1.csv,2,1,467,11502,11512,10,10.0,-1,-0.1,-0.757045383255031,artifact,True,0.14605757314270007,0.06708265685389991,0.45928913790974274,False,True,True,0.9333333333333333,0.4666666666666667,,,
F-130,2754,Fig2A_dt0p1.csv,2,3,469,11502,11512,10,10.0,0,0.0,0.9816784231722739,artifact,True,0.14605757314270007,0.0794277811918,0.5438114538175851,False,True,False,0.9666666666666667,0.1,0.981678423172274,0,artifact
F-130,2754,Fig2A_dt0p1.csv,2,4,470,11502,11512,10,10.0,0,0.0,0.9980058061795433,artifact,True,0.14605757314270007,0.18915894011419998,1.2950984741434073,True,True,False,0.9,0.1,0.9980058061795433,0,artifact
F-130,2794,Fig2A_dt0p1.csv,3,0,466,136,146,10,10.0,0,0.0,0.9987672636097621,artifact,True,0.18866408670290002,0.19033988974200006,1.0088824697290641,True,True,False,0.9333333333333333,0.26666666666666666,0.9987672636097622,0,artifact
F-130,2794,Fig2A_dt0p1.csv,3,1,467,136,146,10,10.0,0,0.0,0.9169685145288515,artifact,True,0.18866408670290002,0.1504971743357182,0.7976991115045365,True,True,False,1.0,0.23333333333333334,0.9169685145288516,0,artifact
F-130,2794,Fig2A_dt0p1.csv,3,2,468,136,146,10,10.0,0,0.0,0.9942123262543167,artifact,True,0.18866408670290002,0.10366672155800005,0.5494777695622055,True,True,True,0.8666666666666667,0.03333333333333333,,,
F-130,2794,Fig2A_dt0p1.csv,3,4,470,136,146,10,10.0,0,0.0,0.9595926112251792,artifact,True,0.18866408670290002,0.10877675767769995,0.5765631370478943,True,True,False,0.9666666666666667,0.3333333333333333,0.9595926112251792,0,artifact
F-130,2828,Fig2A_dt0p1.csv,3,0,466,1250,1288,38,10.0,0,0.0,0.793034808349856,artifact,True,0.2832861200444681,0.1781357627605,0.6288192401821084,True,True,False,0.9,0.2,0.7930348083498562,0,artifact
F-130,2828,Fig2A_dt0p1.csv,3,1,467,1250,1288,38,10.0,-4,-0.4,0.7800135819298821,artifact,True,0.2832861200444681,1.0929565589905001,3.8581366387415525,True,True,False,0.8,0.0,0.7800135819298822,-4,artifact
F-130,2828,Fig2A_dt0p1.csv,3,2,468,1250,1288,38,10.0,0,0.0,0.4466616590973871,independent_recurrence,False,0.2832861200444681,0.20950635874439993,0.7395574435892348,True,True,False,0.9,0.4,0.44666165909738725,0,independent_recurrence
F-130,2828,Fig2A_dt0p1.csv,3,4,470,1250,1288,38,10.0,-14,-1.4,-0.5112190912326045,propagation,False,0.2832861200444681,0.8551602368172383,3.0187156246236198,True,True,True,0.8,0.26666666666666666,,,
F-39,2853,Fig2A_dt0p1.csv,3,0,466,2228,2244,16,10.0,0,0.0,-0.8810133001809499,artifact,True,0.32475315313569997,0.09967234076510004,0.3069172379165519,False,True,True,0.9333333333333333,0.1,,,
F-39,2853,Fig2A_dt0p1.csv,3,1,467,2228,2244,16,10.0,-2,-0.2,0.6870525013293313,artifact,True,0.32475315313569997,0.2834475477528956,0.8728092245326265,True,True,True,0.9666666666666667,0.13333333333333333,,,
F-39,2853,Fig2A_dt0p1.csv,3,2,468,2228,2244,16,10.0,0,0.0,-0.8568038116061119,artifact,True,0.32475315313569997,0.18026332345189988,0.5550779775695537,True,True,True,0.9,0.03333333333333333,,,
F-39,2853,Fig2A_dt0p1.csv,3,4,470,2228,2244,16,10.0,0,0.0,-0.8715045051526493,artifact,True,0.32475315313569997,0.15793864140349997,0.4863344354889278,True,True,True,0.9666666666666667,0.06666666666666667,,,
F-130,2877,Fig2A_dt0p1.csv,3,0,466,2927,2960,33,10.0,-2,-0.2,-0.8153737622065783,artifact,True,0.10203157284477227,0.11055560757439997,1.0835431081964786,True,True,False,0.9,0.0,-0.815373762206578,-2,artifact
F-130,2877,Fig2A_dt0p1.csv,3,1,467,2927,2960,33,10.0,-5,-0.5,0.6770044089583346,artifact,True,0.10203157284477227,0.3211663518276722,3.1477153872388595,True,True,False,0.7666666666666667,0.0,0.6770044089583346,-5,artifact
F-130,2877,Fig2A_dt0p1.csv,3,2,468,2927,2960,33,10.0,0,0.0,0.9704438623066385,artifact,True,0.10203157284477227,0.15844742198820005,1.5529254089737217,True,True,False,0.9666666666666667,0.1,0.9704438623066385,0,artifact
F-130,2877,Fig2A_dt0p1.csv,3,4,470,2927,2960,33,10.0,0,0.0,0.9446027295609968,artifact,True,0.10203157284477227,0.6094765008155001,5.973410816108256,True,True,True,0.9666666666666667,0.06666666666666667,,,
F-119,2883,Fig2A_dt0p1.csv,3,0,466,3122,3132,10,10.0,0,0.0,-0.791718594247363,artifact,True,0.06740895509243669,0.2796512720945006,4.148577465872595,True,False,False,0.9333333333333333,0.06666666666666667,-0.7917185942473627,0,artifact
F-119,2883,Fig2A_dt0p1.csv,3,1,467,3122,3132,10,10.0,0,0.0,0.9752710380215351,artifact,True,0.06740895509243669,0.1399856583115,2.076662635098559,True,False,False,0.9666666666666667,0.03333333333333333,0.9752710380215348,0,artifact
F-119,2883,Fig2A_dt0p1.csv,3,2,468,3122,3132,10,10.0,-2,-0.2,-0.6657910176224772,artifact,True,0.06740895509243669,0.03700652174307132,0.5489852452441214,False,False,True,0.9333333333333333,0.0,,,
F-119,2883,Fig2A_dt0p1.csv,3,4,470,3122,3132,10,10.0,0,0.0,0.6085227469550735,artifact,True,0.06740895509243669,0.0659814316965963,0.9788229413453621,False,False,False,0.9333333333333333,0.0,0.6085227469550736,0,artifact
F-39,2902,Fig2A_dt0p1.csv,3,0,466,3684,3696,12,10.0,1,0.1,0.7864168727717186,artifact,True,0.1258400732781,0.16384771298510004,1.3020312903267715,True,True,True,0.9666666666666667,0.13333333333333333,,,
F-39,2902,Fig2A_dt0p1.csv,3,1,467,3684,3696,12,10.0,3,0.3,-0.8048868746092296,artifact,True,0.1258400732781,0.14755810897459998,1.1725844171157167,True,True,False,1.0,0.06666666666666667,-0.8048868746092305,3,artifact
F-39,2902,Fig2A_dt0p1.csv,3,2,468,3684,3696,12,10.0,3,0.3,-0.3059305895586959,independent_recurrence,False,0.1258400732781,0.022011845911500183,0.1749192076744516,False,True,True,0.9333333333333333,0.06666666666666667,,,
F-39,2902,Fig2A_dt0p1.csv,3,4,470,3684,3696,12,10.0,10,1.0,-0.42075582895771335,independent_recurrence,False,0.1258400732781,0.07380790775790003,0.586521493791476,False,True,False,0.9666666666666667,0.2,-0.4207558289577132,10,independent_recurrence
F-130,2921,Fig2A_dt0p1.csv,3,0,466,4162,4198,36,10.0,0,0.0,0.8416217253471043,artifact,True,0.3032352718508886,0.3694469906720526,1.2183509801383614,True,True,True,0.8666666666666667,0.2,,,
F-130,2921,Fig2A_dt0p1.csv,3,1,467,4162,4198,36,10.0,0,0.0,0.9040627977516714,artifact,True,0.3032352718508886,0.5203631054279331,1.7160375250931026,True,True,False,0.7,0.03333333333333333,0.9040627977516714,0,artifact
F-130,2921,Fig2A_dt0p1.csv,3,2,468,4162,4198,36,10.0,0,0.0,0.9658452196543501,artifact,True,0.3032352718508886,0.2677589247479999,0.8830071881600446,True,True,True,0.8,0.26666666666666666,,,
F-130,2921,Fig2A_dt0p1.csv,3,4,470,4162,4198,36,10.0,0,0.0,-0.8695069544371429,artifact,True,0.3032352718508886,1.0225513180997,3.3721384450372387,True,True,False,0.8,0.13333333333333333,-0.8695069544371431,0,artifact
F-39,2924,Fig2A_dt0p1.csv,3,0,466,4236,4253,17,10.0,3,0.3,0.7207733567066787,artifact,True,0.5799664548863,0.35083613887888754,0.6049248812979493,True,True,False,1.0,0.03333333333333333,0.7207733567066786,3,artifact
F-39,2924,Fig2A_dt0p1.csv,3,1,467,4236,4253,17,10.0,0,0.0,0.7950708682146838,artifact,True,0.5799664548863,0.19760488591180003,0.3407177850493778,True,True,False,1.0,0.3,0.795070868214684,0,artifact
F-39,2924,Fig2A_dt0p1.csv,3,2,468,4236,4253,17,10.0,-2,-0.2,-0.4999588175240735,independent_recurrence,False,0.5799664548863,0.03164297461670007,0.0545600083420403,False,True,False,0.9333333333333333,0.03333333333333333,-0.49995881752407423,-2,independent_recurrence
F-39,2924,Fig2A_dt0p1.csv,3,4,470,4236,4253,17,10.0,0,0.0,0.9308708398261883,artifact,True,0.5799664548863,0.26854481032836464,0.4630350739527025,True,True,True,0.9666666666666667,0.16666666666666666,,,
F-130,2984,Fig2A_dt0p1.csv,3,0,466,6228,6250,22,10.0,-3,-0.3,-0.7226302896068618,artifact,True,0.3441949916896999,0.1396645724951,0.4057716581216585,True,True,False,0.8,0.23333333333333334,-0.7226302896068622,-3,artifact
F-130,2984,Fig2A_dt0p1.csv,3,1,467,6228,6250,22,10.0,0,0.0,0.5776041564350888,artifact,True,0.3441949916896999,0.20384535104669999,0.5922379929062753,True,True,False,0.8,0.13333333333333333,0.5776041564350888,0,artifact
F-130,2984,Fig2A_dt0p1.csv,3,2,468,6228,6250,22,10.0,-3,-0.3,0.6338388732106219,artifact,True,0.3441949916896999,0.08755687441740001,0.25438160499538776,False,True,True,0.9333333333333333,0.23333333333333334,,,
F-130,2984,Fig2A_dt0p1.csv,3,4,470,6228,6250,22,10.0,0,0.0,-0.7953453426676428,artifact,True,0.3441949916896999,0.8851259818831999,2.571582978409989,True,True,False,0.9666666666666667,0.26666666666666666,-0.7953453426676428,0,artifact
F-39,3056,Fig2A_dt0p1.csv,3,0,466,7976,8006,30,10.0,3,0.3,-0.8320094810527003,artifact,True,0.34534596824700003,0.14222774763120005,0.4118413437781188,True,True,True,0.8333333333333334,0.06666666666666667,,,
F-39,3056,Fig2A_dt0p1.csv,3,1,467,7976,8006,30,10.0,13,1.3,0.6173566497952805,propagation,False,0.34534596824700003,0.3826298667306,1.1079610069660162,True,True,True,1.0,0.13333333333333333,,,
F-39,3056,Fig2A_dt0p1.csv,3,2,468,7976,8006,30,10.0,0,0.0,0.7464366350357684,artifact,True,0.34534596824700003,0.19722985070060006,0.5711080158304798,True,True,True,0.8666666666666667,0.0,,,
F-39,3056,Fig2A_dt0p1.csv,3,4,470,7976,8006,30,10.0,-3,-0.3,0.8758227314470267,artifact,True,0.34534596824700003,0.9752763138953001,2.8240558847287835,True,True,True,0.9666666666666667,0.03333333333333333,,,
F-39,3125,Fig2A_dt0p1.csv,3,0,466,10118,10130,12,10.0,1,0.1,0.840555133302027,artifact,True,0.16410977476040012,0.08554481846409989,0.5212658331229515,False,True,False,0.9333333333333333,0.03333333333333333,0.8405551333020265,1,artifact
F-39,3125,Fig2A_dt0p1.csv,3,1,467,10118,10130,12,10.0,0,0.0,-0.8499687801824631,artifact,True,0.16410977476040012,0.3076116324784,1.8744260232366552,True,True,False,1.0,0.13333333333333333,-0.8499687801824631,0,artifact
F-39,3125,Fig2A_dt0p1.csv,3,2,468,10118,10130,12,10.0,0,0.0,-0.668589904598503,artifact,True,0.16410977476040012,0.06293446658599999,0.3834900552260471,False,True,True,0.9333333333333333,0.03333333333333333,,,
F-39,3125,Fig2A_dt0p1.csv,3,4,470,10118,10130,12,10.0,3,0.3,-0.534198407449107,artifact,True,0.16410977476040012,0.05823531937670001,0.3548558851032697,False,True,False,0.9666666666666667,0.13333333333333333,-0.5341984074491073,3,artifact
F-119,3131,Fig2A_dt0p1.csv,3,0,466,10324,10347,23,10.0,0,0.0,0.9595552007629401,artifact,True,0.2698858180153001,0.31063065204210005,1.15097063760679,True,True,True,0.8666666666666667,0.13333333333333333,,,
F-119,3131,Fig2A_dt0p1.csv,3,1,467,10324,10347,23,10.0,0,0.0,0.8851510036569717,artifact,True,0.2698858180153001,0.1590685345149,0.5893919720742135,True,True,False,0.9,0.1,0.885151003656972,0,artifact
F-119,3131,Fig2A_dt0p1.csv,3,2,468,10324,10347,23,10.0,0,0.0,0.9805558058647975,artifact,True,0.2698858180153001,0.17808508425760006,0.6598534356759133,True,True,True,0.9333333333333333,0.13333333333333333,,,
F-119,3131,Fig2A_dt0p1.csv,3,4,470,10324,10347,23,10.0,0,0.0,0.952275702638784,artifact,True,0.2698858180153001,0.180876428042615,0.6701961198730381,True,True,False,0.9,0.2,0.9522757026387844,0,artifact
F-130,3141,Fig2A_dt0p1.csv,3,0,466,10598,10602,4,10.0,0,0.0,0.7892067295878782,artifact,True,0.05536113232020001,0.01471822116639998,0.2658583838435985,False,False,True,1.0,0.0,,,
F-130,3141,Fig2A_dt0p1.csv,3,1,467,10598,10602,4,10.0,0,0.0,0.9965285528561093,artifact,True,0.05536113232020001,0.058705935393000064,1.0604178948771177,False,False,True,1.0,0.0,,,
F-130,3141,Fig2A_dt0p1.csv,3,2,468,10598,10602,4,10.0,0,0.0,0.8411108061053804,artifact,True,0.05536113232020001,0.018877922216443604,0.34099595556060336,False,False,True,1.0,0.0,,,
F-130,3141,Fig2A_dt0p1.csv,3,4,470,10598,10602,4,10.0,0,0.0,-0.8196645063396502,artifact,True,0.05536113232020001,0.027180424819547903,0.49096583975812913,False,False,True,1.0,0.0,,,
F-130,3150,Fig2A_dt0p1.csv,3,0,466,10800,10812,12,10.0,0,0.0,0.9919177557142972,artifact,True,0.18943231904660002,0.1516055260193001,0.8003149978964541,True,True,True,1.0,0.3,,,
F-130,3150,Fig2A_dt0p1.csv,3,1,467,10800,10812,12,10.0,-4,-0.4,0.513900853871936,artifact,True,0.18943231904660002,0.11458689411363189,0.6048962219875675,True,True,False,0.9,0.43333333333333335,0.5139008538719362,-4,artifact
F-130,3150,Fig2A_dt0p1.csv,3,2,468,10800,10812,12,10.0,0,0.0,-0.9055961102305924,artifact,True,0.18943231904660002,0.12371663188590001,0.6530914709198378,True,True,True,0.8666666666666667,0.13333333333333333,,,
F-130,3150,Fig2A_dt0p1.csv,3,4,470,10800,10812,12,10.0,0,0.0,0.744111663828987,artifact,True,0.18943231904660002,0.042319498692300006,0.22340168195844914,False,True,False,0.9666666666666667,0.4,0.744111663828987,0,artifact
F-39,3216,Fig2A_dt0p1.csv,4,0,466,768,830,62,10.0,9,0.9,0.692772586489687,artifact,True,0.5860747111157,0.6510279628653096,1.110827596751205,True,True,False,0.6333333333333333,0.23333333333333334,0.692772586489687,9,artifact
F-39,3216,Fig2A_dt0p1.csv,4,1,467,768,830,62,10.0,6,0.6,-0.8039754163670841,artifact,True,0.5860747111157,0.7737679200292,1.3202547479931217,True,True,False,0.5,0.0,-0.8039754163670841,6,artifact
F-39,3216,Fig2A_dt0p1.csv,4,2,468,768,830,62,10.0,0,0.0,0.855531453796433,artifact,True,0.5860747111157,0.3308477645385,0.5645146570284034,True,True,False,0.8333333333333334,0.1,0.8555314537964332,0,artifact
F-39,3216,Fig2A_dt0p1.csv,4,3,469,768,830,62,10.0,13,1.3,0.6147773584359083,propagation,False,0.5860747111157,0.34594610105688983,0.5902764519532303,True,True,False,0.4666666666666667,0.06666666666666667,0.6147773584359083,13,propagation
F-130,3232,Fig2A_dt0p1.csv,4,0,466,1200,1222,22,10.0,-4,-0.4,0.6941396614287952,artifact,True,0.2024419359888268,0.15642319602419996,0.7726817828536934,True,True,False,0.8333333333333334,0.23333333333333334,0.694139661428795,-4,artifact
F-130,3232,Fig2A_dt0p1.csv,4,1,467,1200,1222,22,10.0,0,0.0,-0.8132264277238966,artifact,True,0.2024419359888268,0.6162311624805,3.043989672745034,True,True,False,0.9333333333333333,0.06666666666666667,-0.8132264277238964,0,artifact
F-130,3232,Fig2A_dt0p1.csv,4,2,468,1200,1222,22,10.0,1,0.1,0.3259536986013023,independent_recurrence,False,0.2024419359888268,0.13269487510130018,0.6554712809534873,True,True,False,0.9,0.3333333333333333,0.3259536986013015,1,independent_recurrence
F-130,3232,Fig2A_dt0p1.csv,4,3,469,1200,1222,22,10.0,0,0.0,0.749710490657663,artifact,True,0.2024419359888268,0.11526022837979999,0.5693495659227515,True,True,True,0.9666666666666667,0.13333333333333333,,,
F-39,3275,Fig2A_dt0p1.csv,4,0,466,2104,2132,28,10.0,12,1.2,0.5914143322687675,propagation,False,0.1277906313209349,0.07198478931829999,0.5633025564880146,False,True,True,0.9333333333333333,0.06666666666666667,,,
F-39,3275,Fig2A_dt0p1.csv,4,1,467,2104,2132,28,10.0,4,0.4,0.5854568569800653,artifact,True,0.1277906313209349,0.2197489777452,1.7196016286461548,True,True,True,0.8333333333333334,0.03333333333333333,,,
F-39,3275,Fig2A_dt0p1.csv,4,2,468,2104,2132,28,10.0,0,0.0,0.9143192447425206,artifact,True,0.1277906313209349,0.6869866731231,5.375876666559331,True,True,True,0.9333333333333333,0.13333333333333333,,,
F-39,3275,Fig2A_dt0p1.csv,4,3,469,2104,2132,28,10.0,0,0.0,-0.8705546228628399,artifact,True,0.1277906313209349,0.168382179121599,1.3176410303406516,True,True,True,0.8666666666666667,0.06666666666666667,,,
F-39,3308,Fig2A_dt0p1.csv,4,0,466,2746,2768,22,10.0,0,0.0,-0.8838580936761056,artifact,True,0.6053701167043,0.26044140492010004,0.4302184692200716,True,True,True,1.0,0.06666666666666667,,,
F-39,3308,Fig2A_dt0p1.csv,4,1,467,2746,2768,22,10.0,5,0.5,0.6813529572760584,artifact,True,0.6053701167043,0.4431356596300001,0.7320078203438226,True,True,True,0.9,0.3333333333333333,,,
F-39,3308,Fig2A_dt0p1.csv,4,2,468,2746,2768,22,10.0,0,0.0,-0.9328716667701978,artifact,True,0.6053701167043,0.09697750078859979,0.16019538809836822,False,True,False,0.8333333333333334,0.06666666666666667,-0.9328716667701975,0,artifact
F-39,3308,Fig2A_dt0p1.csv,4,3,469,2746,2768,22,10.0,2,0.2,-0.7786222145697014,artifact,True,0.6053701167043,0.05391890102259997,0.08906766213723973,False,True,False,0.8666666666666667,0.13333333333333333,-0.778622214569701,2,artifact
F-39,3312,Fig2A_dt0p1.csv,4,0,466,2894,2918,24,10.0,0,0.0,0.9054926557856962,artifact,True,1.1719157873377002,0.2795327762420748,0.2385263337710497,True,True,True,1.0,0.06666666666666667,,,
F-39,3312,Fig2A_dt0p1.csv,4,1,467,2894,2918,24,10.0,-6,-0.6,0.6125302137260767,artifact,True,1.1719157873377002,0.21332280055120006,0.18202912091133797,True,True,True,0.9333333333333333,0.1,,,
F-39,3312,Fig2A_dt0p1.csv,4,2,468,2894,2918,24,10.0,0,0.0,-0.7892359050375953,artifact,True,1.1719157873377002,0.09703847512880004,0.08280328345882873,False,True,True,0.9333333333333333,0.0,,,
F-39,3312,Fig2A_dt0p1.csv,4,3,469,2894,2918,24,10.0,0,0.0,-0.9449211412109761,artifact,True,1.1719157873377002,0.23285456496669998,0.19869564646422877,True,True,False,1.0,0.03333333333333333,-0.9449211412109758,0,artifact
F-130,3323,Fig2A_dt0p1.csv,4,0,466,3226,3250,24,10.0,2,0.2,0.43549704675764506,independent_recurrence,False,0.1762435852519,0.18838030694104935,1.068863338610609,True,True,True,0.8666666666666667,0.2,,,
F-130,3323,Fig2A_dt0p1.csv,4,1,467,3226,3250,24,10.0,3,0.3,-0.40129670919575605,independent_recurrence,False,0.1762435852519,0.1125223416028398,0.6384478699863871,True,True,False,0.9333333333333333,0.1,-0.401296709195756,3,independent_recurrence
F-130,3323,Fig2A_dt0p1.csv,4,2,468,3226,3250,24,10.0,4,0.4,0.8023719938558109,artifact,True,0.1762435852519,0.1435951789614635,0.8147540732119524,True,True,False,0.9666666666666667,0.2,0.8023719938558109,4,artifact
F-130,3323,Fig2A_dt0p1.csv,4,3,469,3226,3250,24,10.0,2,0.2,-0.8338747396205535,artifact,True,0.1762435852519,0.247939150263361,1.4067981533000962,True,True,True,0.9666666666666667,0.13333333333333333,,,
F-39,3365,Fig2A_dt0p1.csv,4,0,466,4632,4666,34,10.0,0,0.0,0.67086120233659,artifact,True,0.4717230725532,0.2431470271317,0.5154444233894842,True,True,False,0.8333333333333334,0.13333333333333333,0.6708612023365902,0,artifact
F-39,3365,Fig2A_dt0p1.csv,4,1,467,4632,4666,34,10.0,7,0.7,-0.861551792664776,artifact,True,0.4717230725532,0.17211953316679995,0.3648741034336171,True,True,False,0.7666666666666667,0.16666666666666666,-0.8615517926647763,7,artifact
F-39,3365,Fig2A_dt0p1.csv,4,2,468,4632,4666,34,10.0,9,0.9,0.7622378657745622,artifact,True,0.4717230725532,0.08786892396730006,0.1862722624350548,False,True,False,0.9,0.06666666666666667,0.7622378657745614,9,artifact
F-39,3365,Fig2A_dt0p1.csv,4,3,469,4632,4666,34,10.0,-3,-0.3,-0.8359411349104686,artifact,True,0.4717230725532,0.21602355794100003,0.4579457111812934,True,True,True,0.7666666666666667,0.06666666666666667,,,
F-39,3387,Fig2A_dt0p1.csv,4,0,466,5422,5433,11,10.0,0,0.0,-0.709455438087999,artifact,True,0.3022109708995,0.05182377031719998,0.17148209465378386,False,True,True,0.9,0.13333333333333333,,,
F-39,3387,Fig2A_dt0p1.csv,4,1,467,5422,5433,11,10.0,0,0.0,-0.7788114828800549,artifact,True,0.3022109708995,0.15797280361149996,0.5227235898859333,True,True,True,1.0,0.23333333333333334,,,
F-39,3387,Fig2A_dt0p1.csv,4,2,468,5422,5433,11,10.0,0,0.0,0.7270580557229711,artifact,True,0.3022109708995,0.03418766059610007,0.11312514729145669,False,True,True,0.9333333333333333,0.03333333333333333,,,
F-39,3387,Fig2A_dt0p1.csv,4,3,469,5422,5433,11,10.0,0,0.0,-0.4909960285925008,independent_recurrence,False,0.3022109708995,0.0282749817322,0.09356040797606524,False,True,False,1.0,0.13333333333333333,-0.49099602859250097,0,independent_recurrence
F-130,3391,Fig2A_dt0p1.csv,4,0,466,5548,5560,12,10.0,0,0.0,-0.7950365783042718,artifact,True,0.2029503639037849,0.18081050829699996,0.8909099979870889,True,True,True,0.9666666666666667,0.23333333333333334,,,
F-130,3391,Fig2A_dt0p1.csv,4,1,467,5548,5560,12,10.0,0,0.0,0.9308691259509906,artifact,True,0.2029503639037849,0.2489501333042588,1.2266552693755284,True,True,False,0.9333333333333333,0.23333333333333334,0.9308691259509906,0,artifact
F-130,3391,Fig2A_dt0p1.csv,4,2,468,5548,5560,12,10.0,0,0.0,0.6590904192286546,artifact,True,0.2029503639037849,0.027317704415300015,0.1346028846159194,False,True,True,0.8333333333333334,0.13333333333333333,,,
F-130,3391,Fig2A_dt0p1.csv,4,3,469,5548,5560,12,10.0,0,0.0,0.9973547329353147,artifact,True,0.2029503639037849,0.15648623395189998,0.7710566807659792,True,True,False,0.9333333333333333,0.23333333333333334,0.9973547329353147,0,artifact
F-39,3404,Fig2A_dt0p1.csv,4,0,466,6000,6016,16,10.0,7,0.7,0.6386753223275718,artifact,True,0.5700237856828,0.11896797837940004,0.2087070423506887,True,True,False,0.9,0.03333333333333333,0.6386753223275723,7,artifact
F-39,3404,Fig2A_dt0p1.csv,4,1,467,6000,6016,16,10.0,4,0.4,0.7777889508837845,artifact,True,0.5700237856828,0.08860962774809998,0.15544900050435512,False,True,False,0.9666666666666667,0.16666666666666666,0.7777889508837847,4,artifact
F-39,3404,Fig2A_dt0p1.csv,4,2,468,6000,6016,16,10.0,0,0.0,0.576467099261992,artifact,True,0.5700237856828,0.04267823240299973,0.07487096762440858,False,True,True,0.7666666666666667,0.1,,,
F-39,3404,Fig2A_dt0p1.csv,4,3,469,6000,6016,16,10.0,0,0.0,0.9893619841625898,artifact,True,0.5700237856828,1.8058129198427002,3.1679606451503015,True,True,False,1.0,0.2,0.9893619841625897,0,artifact
F-119,3419,Fig2A_dt0p1.csv,4,0,466,6732,6750,18,10.0,-2,-0.2,-0.7122158272371973,artifact,True,0.2784220286746999,0.1561871721235,0.5609727537255484,True,True,False,0.9333333333333333,0.13333333333333333,-0.712215827237197,-2,artifact
F-119,3419,Fig2A_dt0p1.csv,4,1,467,6732,6750,18,10.0,5,0.5,-0.5293448763755983,artifact,True,0.2784220286746999,0.29316003128729995,1.0529340393170523,True,True,False,0.9333333333333333,0.26666666666666666,-0.5293448763755992,5,artifact
F-119,3419,Fig2A_dt0p1.csv,4,2,468,6732,6750,18,10.0,0,0.0,0.9542925532135009,artifact,True,0.2784220286746999,0.11400766328540002,0.4094778844478689,True,True,True,0.9333333333333333,0.16666666666666666,,,
F-119,3419,Fig2A_dt0p1.csv,4,3,469,6732,6750,18,10.0,0,0.0,0.9648826999730257,artifact,True,0.2784220286746999,0.21026741836267318,0.7552111424643897,True,True,False,1.0,0.3333333333333333,0.9648826999730252,0,artifact
F-39,3443,Fig2A_dt0p1.csv,4,0,466,7542,7563,21,10.0,4,0.4,0.7804414990700924,artifact,True,0.48722761048139995,0.1673639229757737,0.3435025424983851,True,True,True,1.0,0.1,,,
F-39,3443,Fig2A_dt0p1.csv,4,1,467,7542,7563,21,10.0,6,0.6,-0.6354812208368669,artifact,True,0.48722761048139995,0.13792411859069997,0.28307943889802456,True,True,False,1.0,0.13333333333333333,-0.6354812208368665,6,artifact
F-39,3443,Fig2A_dt0p1.csv,4,2,468,7542,7563,21,10.0,0,0.0,-0.8997052639785087,artifact,True,0.48722761048139995,0.09308404186135029,0.19104837217533632,False,True,True,0.9666666666666667,0.06666666666666667,,,
F-39,3443,Fig2A_dt0p1.csv,4,3,469,7542,7563,21,10.0,6,0.6,-0.7936094778297926,artifact,True,0.48722761048139995,0.583558980150739,1.1977132814254101,True,True,True,0.9666666666666667,0.06666666666666667,,,
F-130,3450,Fig2A_dt0p1.csv,4,0,466,7752,7764,12,10.0,0,0.0,-0.9336393609778382,artifact,True,0.2853786691518001,0.6024594180314,2.1110877691805925,True,True,True,0.9333333333333333,0.36666666666666664,,,
F-130,3450,Fig2A_dt0p1.csv,4,1,467,7752,7764,12,10.0,0,0.0,0.8753909851317906,artifact,True,0.2853786691518001,0.1431311836492,0.5015482904682862,True,True,False,0.9333333333333333,0.36666666666666664,0.8753909851317906,0,artifact
F-130,3450,Fig2A_dt0p1.csv,4,2,468,7752,7764,12,10.0,0,0.0,-0.9404984819650393,artifact,True,0.2853786691518001,0.2404202302124333,0.8424604085757641,True,True,True,0.8333333333333334,0.13333333333333333,,,
F-130,3450,Fig2A_dt0p1.csv,4,3,469,7752,7764,12,10.0,0,0.0,0.9495820063614415,artifact,True,0.2853786691518001,0.11711666743140003,0.41039040436866964,True,True,False,0.8333333333333334,0.2,0.9495820063614415,0,artifact
F-130,3514,Fig2A_dt0p1.csv,4,0,466,9554,9575,21,10.0,0,0.0,0.9895097614882615,artifact,True,0.18547370383460002,0.29158033734909994,1.5720845129028247,True,True,True,0.9,0.2,,,
F-130,3514,Fig2A_dt0p1.csv,4,1,467,9554,9575,21,10.0,0,0.0,0.7502778798851274,artifact,True,0.18547370383460002,0.21083834218259995,1.1367559811638817,True,True,True,0.8666666666666667,0.06666666666666667,,,
F-130,3514,Fig2A_dt0p1.csv,4,2,468,9554,9575,21,10.0,0,0.0,0.9894813445289492,artifact,True,0.18547370383460002,0.1031666441321886,0.5562332664914568,True,True,True,0.8666666666666667,0.4,,,
F-130,3514,Fig2A_dt0p1.csv,4,3,469,9554,9575,21,10.0,0,0.0,0.8310455842227595,artifact,True,0.18547370383460002,0.21557455875309994,1.1622917658739536,True,True,False,0.9,0.26666666666666666,0.8310455842227592,0,artifact
F-130,3532,Fig2A_dt0p1.csv,4,0,466,10099,10130,31,10.0,0,0.0,-0.9249994821794829,artifact,True,0.1747223446106999,0.7163755903472999,4.100079998030369,True,True,True,0.9,0.1,,,
F-130,3532,Fig2A_dt0p1.csv,4,1,467,10099,10130,31,10.0,0,0.0,0.7188215274583445,artifact,True,0.1747223446106999,0.4151285247585999,2.3759326586622374,True,True,True,0.7666666666666667,0.0,,,
F-130,3532,Fig2A_dt0p1.csv,4,2,468,10099,10130,31,10.0,0,0.0,0.983401682109816,artifact,True,0.1747223446106999,0.19327014338430004,1.106155848669079,True,True,True,0.9,0.3,,,
F-130,3532,Fig2A_dt0p1.csv,4,3,469,10099,10130,31,10.0,-7,-0.7,0.6765516163606423,artifact,True,0.1747223446106999,0.20828155250960012,1.1920716435764054,True,True,True,1.0,0.06666666666666667,,,
F-130,3536,Fig2A_dt0p1.csv,4,0,466,10272,10293,21,10.0,0,0.0,-0.8457145068699461,artifact,True,0.4118255575907999,0.10171017746089997,0.24697393249683092,True,True,True,0.9,0.3,,,
F-130,3536,Fig2A_dt0p1.csv,4,1,467,10272,10293,21,10.0,-3,-0.3,0.7645949118535098,artifact,True,0.4118255575907999,0.3117244944384,0.7569333391108698,True,True,True,0.9,0.3,,,
F-130,3536,Fig2A_dt0p1.csv,4,2,468,10272,10293,21,10.0,0,0.0,0.9755631074018593,artifact,True,0.4118255575907999,0.11767724958319992,0.2857453779013078,True,True,True,0.8666666666666667,0.06666666666666667,,,
F-130,3536,Fig2A_dt0p1.csv,4,3,469,10272,10293,21,10.0,0,0.0,0.9736425436394847,artifact,True,0.4118255575907999,0.2659415701614,0.6457626663997531,True,True,True,0.9,0.1,,,
F-119,3577,Fig2A_dt0p1.csv,4,0,466,11208,11240,32,10.0,5,0.5,0.6382528942536563,artifact,True,0.24393798680769996,0.1472215982431999,0.6035205921382673,True,True,True,0.7333333333333333,0.1,,,
F-119,3577,Fig2A_dt0p1.csv,4,1,467,11208,11240,32,10.0,1,0.1,0.7925576363694029,artifact,True,0.24393798680769996,0.23022207808919998,0.9437729691140214,True,True,True,0.7,0.06666666666666667,,,
F-119,3577,Fig2A_dt0p1.csv,4,2,468,11208,11240,32,10.0,0,0.0,0.9526945169594033,artifact,True,0.24393798680769996,0.2061060826868002,0.8449117965758928,True,True,True,0.8666666666666667,0.36666666666666664,,,
F-119,3577,Fig2A_dt0p1.csv,4,3,469,11208,11240,32,10.0,0,0.0,0.9171565804641139,artifact,True,0.24393798680769996,0.288615231037132,1.1831500079758048,True,True,False,0.7666666666666667,0.13333333333333333,0.9171565804641137,0,artifact
