annotation_id,ref_ch,other_ch,n,stride,lag,r,bin
12,2,0,600,1,-95,-0.8819347713288118,independent_recurrence
12,2,1,600,1,0,0.8396725504327737,propagation
12,2,3,600,1,0,0.8060862835423542,propagation
12,2,4,600,1,-95,0.8235409008018888,independent_recurrence
12,2,5,600,1,0,0.8656207804678854,propagation
12,2,6,600,1,0,0.8426440114091753,propagation
12,2,7,600,1,79,0.6638665278860147,independent_recurrence
12,2,8,600,1,-95,0.8386947970174957,independent_recurrence
12,2,9,600,1,0,0.8323263735500885,propagation
12,2,10,600,1,-85,0.5376098752711245,independent_recurrence
12,2,11,600,1,-95,0.5767409931476323,independent_recurrence
12,2,12,600,1,-94,-0.777145946013918,independent_recurrence
12,2,13,600,1,-2,-0.8531979819240871,propagation
12,2,14,600,1,0,0.9516628873894923,propagation
12,2,15,600,1,-474,0.44387861206644724,independent_recurrence
41,14,0,600,1,260,-0.7210395450776098,independent_recurrence
41,14,1,600,1,-128,0.5845547816875916,independent_recurrence
41,14,2,600,1,117,0.6708372954279714,independent_recurrence
41,14,3,600,1,186,-0.770074497095816,independent_recurrence
41,14,4,600,1,-123,0.5516294938695497,independent_recurrence
41,14,5,600,1,-114,0.6161273727427473,independent_recurrence
41,14,6,600,1,0,-0.680304183562307,propagation
41,14,7,600,1,-171,0.5730637682929709,independent_recurrence
41,14,8,600,1,-123,0.5546813456516236,independent_recurrence
41,14,9,600,1,132,0.6390205746005567,independent_recurrence
41,14,10,600,1,-64,0.550130541227317,independent_recurrence
41,14,11,600,1,-105,0.5598873428910532,independent_recurrence
41,14,12,600,1,282,0.519014051819681,independent_recurrence
41,14,13,600,1,316,0.694574918440153,independent_recurrence
41,14,15,600,1,-157,-0.5691682894777503,independent_recurrence
44,7,0,600,1,-184,-0.6832310000261237,independent_recurrence
44,7,1,600,1,-188,0.5770225477784159,independent_recurrence
44,7,2,600,1,-180,-0.5371189054482898,independent_recurrence
44,7,3,600,1,0,0.5149203434975427,propagation
44,7,4,600,1,0,0.6405488692574468,propagation
44,7,5,600,1,0,0.48194419540642436,propagation
44,7,6,600,1,-129,-0.530291609221147,independent_recurrence
44,7,8,600,1,0,0.45234380507662203,propagation
44,7,9,600,1,0,0.46006036005823725,propagation
44,7,10,600,1,-182,-0.36562649078681964,independent_recurrence
44,7,11,600,1,125,0.6706156132436062,independent_recurrence
44,7,12,600,1,-49,-0.5140267998521703,propagation
44,7,13,600,1,-27,0.4972625028317185,propagation
44,7,14,600,1,-53,0.7229164135808734,independent_recurrence
44,7,15,600,1,0,0.6374703759051439,propagation
50,10,0,600,1,147,-0.3990905002787304,independent_recurrence
50,10,1,600,1,-220,0.32701222258689694,independent_recurrence
50,10,2,600,1,-2,-0.4477161048509481,propagation
50,10,3,600,1,-1,-0.3439923957903393,propagation
50,10,4,600,1,51,0.4372763253526195,independent_recurrence
50,10,5,600,1,-219,0.3128834309811112,independent_recurrence
50,10,6,600,1,-75,0.45117966080854,independent_recurrence
50,10,7,600,1,346,0.5140170868045512,independent_recurrence
50,10,8,600,1,-220,0.678708897977769,independent_recurrence
50,10,9,600,1,296,0.31761332800548236,independent_recurrence
50,10,11,600,1,-219,0.46269630667975986,independent_recurrence
50,10,12,600,1,182,-0.34645533323134814,independent_recurrence
50,10,13,600,1,-142,0.3793185509254681,independent_recurrence
50,10,14,600,1,-220,0.4398509462264849,independent_recurrence
50,10,15,600,1,307,0.36773928197430755,independent_recurrence
65,14,0,600,1,95,-0.6769972234510391,independent_recurrence
65,14,1,600,1,0,0.8805740432891226,propagation
65,14,2,600,1,0,0.826697858681,propagation
65,14,3,600,1,0,0.7930742282665033,propagation
65,14,4,600,1,0,0.843334144521362,propagation
65,14,5,600,1,-156,-0.40780254116753145,independent_recurrence
65,14,6,600,1,0,-0.5276676301579027,propagation
65,14,7,600,1,0,-0.8635247049795683,propagation
65,14,8,600,1,0,0.45567404396894023,propagation
65,14,9,600,1,0,-0.8840835450746877,propagation
65,14,10,600,1,0,0.5391793707643828,propagation
65,14,11,600,1,0,-0.8724021745619898,propagation
65,14,12,600,1,0,-0.7377784556922196,propagation
65,14,13,600,1,324,-0.4239400429475319,independent_recurrence
65,14,15,600,1,2,-0.6895227059150616,propagation
70,2,0,600,1,0,0.742458927416246,propagation
70,2,1,600,1,0,0.8779220999006392,propagation
70,2,3,600,1,-97,-0.6356470581301443,independent_recurrence
70,2,4,600,1,-100,-0.8890259218643587,independent_recurrence
70,2,5,600,1,-64,0.4334352210311861,independent_recurrence
70,2,6,600,1,-65,-0.7583209513579989,independent_recurrence
70,2,7,600,1,-159,-0.7497081093686074,independent_recurrence
70,2,8,600,1,-262,0.8011807269475633,independent_recurrence
70,2,9,600,1,-8,0.7153716576067848,propagation
70,2,10,600,1,-107,-0.8670746380832955,independent_recurrence
70,2,11,600,1,-97,0.6857773515812868,independent_recurrence
70,2,12,600,1,-229,-0.8139922859510136,independent_recurrence
70,2,13,600,1,35,-0.7059532391550302,propagation
70,2,14,600,1,0,-0.6537320256288542,propagation
70,2,15,600,1,0,-0.5220735665269963,propagation
78,2,0,600,1,143,-0.6930671406704562,independent_recurrence
78,2,1,600,1,257,0.520896731413166,independent_recurrence
78,2,3,600,1,72,-0.5503312845292765,independent_recurrence
78,2,4,600,1,123,0.5598269960294698,independent_recurrence
78,2,5,600,1,437,0.5617986202325784,independent_recurrence
78,2,6,600,1,436,0.5492477145793323,independent_recurrence
78,2,7,600,1,261,-0.5973586395966677,independent_recurrence
78,2,8,600,1,437,0.5409471025283958,independent_recurrence
78,2,9,600,1,49,-0.523230147993835,propagation
78,2,10,600,1,436,0.5372553966646111,independent_recurrence
78,2,11,600,1,29,-0.6900222566922172,propagation
78,2,12,600,1,38,-0.5802071135157979,propagation
78,2,13,600,1,137,-0.6659815057600903,independent_recurrence
78,2,14,600,1,-61,0.5224806461936765,independent_recurrence
78,2,15,600,1,143,-0.6950873453548504,independent_recurrence
89,8,0,600,1,0,-0.8955509936635038,propagation
89,8,1,600,1,-132,-0.53166437797495,independent_recurrence
89,8,2,600,1,0,0.8605095313419149,propagation
89,8,3,600,1,0,0.886994458830511,propagation
89,8,4,600,1,2,-0.7679191782389698,propagation
89,8,5,600,1,0,-0.9150761346071833,propagation
89,8,6,600,1,0,-0.8574799384637799,propagation
89,8,7,600,1,-351,-0.5206306134498639,independent_recurrence
89,8,9,600,1,0,-0.7619061433842073,propagation
89,8,10,600,1,-31,-0.7752713455990339,propagation
89,8,11,600,1,-1,-0.6493157879541558,propagation
89,8,12,600,1,94,-0.5497541613658337,independent_recurrence
89,8,13,600,1,17,-0.5260390512368059,propagation
89,8,14,600,1,0,0.8684946201745887,propagation
89,8,15,600,1,30,0.7371541603165572,propagation
91,14,0,600,1,0,-0.8666578381234118,propagation
91,14,1,600,1,141,-0.34610237741191807,independent_recurrence
91,14,2,600,1,0,-0.8411412321826884,propagation
91,14,3,600,1,0,0.8694113913921931,propagation
91,14,4,600,1,0,0.6788582758089251,propagation
91,14,5,600,1,-40,0.49431838001892725,propagation
91,14,6,600,1,-29,0.5956629294619007,propagation
91,14,7,600,1,146,-0.6512746763281315,independent_recurrence
91,14,8,600,1,-23,0.7781018526699137,propagation
91,14,9,600,1,-23,0.8517824347492634,propagation
91,14,10,600,1,-22,-0.8415008658099097,propagation
91,14,11,600,1,87,-0.5397494465764241,independent_recurrence
91,14,12,600,1,-13,-0.7175326191414613,propagation
91,14,13,600,1,-1,-0.7880361435688997,propagation
91,14,15,600,1,149,-0.6387609326102328,independent_recurrence
94,8,0,600,1,133,0.5378771903640185,independent_recurrence
94,8,1,600,1,0,-0.6506070263872596,propagation
94,8,2,600,1,0,0.6869080902239029,propagation
94,8,3,600,1,-31,-0.712426607375003,propagation
94,8,4,600,1,70,-0.6197175747145245,independent_recurrence
94,8,5,600,1,0,-0.7080783712095995,propagation
94,8,6,600,1,0,-0.7788771627228459,propagation
94,8,7,600,1,0,-0.622170134311157,propagation
94,8,9,600,1,245,0.5523754484402772,independent_recurrence
94,8,10,600,1,0,-0.5379664520663348,propagation
94,8,11,600,1,209,-0.4485410844976997,independent_recurrence
94,8,12,600,1,-26,-0.4155003198736611,propagation
94,8,13,600,1,0,-0.7088025838581432,propagation
94,8,14,600,1,-127,0.4309735306229399,independent_recurrence
94,8,15,600,1,236,-0.5811889902233588,independent_recurrence
95,2,0,600,1,0,0.9282434976199515,propagation
95,2,1,600,1,-187,0.6392796222238888,independent_recurrence
95,2,3,600,1,-1,-0.9560530975854227,propagation
95,2,4,600,1,-99,-0.6482627302666949,independent_recurrence
95,2,5,600,1,0,0.8251976294178255,propagation
95,2,6,600,1,28,-0.2966279660544685,propagation
95,2,7,600,1,-47,0.5336741367794181,propagation
95,2,8,600,1,0,0.9737339183585758,propagation
95,2,9,600,1,0,-0.9753959382456031,propagation
95,2,10,600,1,1,-0.9545130263031103,propagation
95,2,11,600,1,0,-0.9807524563346889,propagation
95,2,12,600,1,-1,-0.7540002198520758,propagation
95,2,13,600,1,-1,-0.9062564031406098,propagation
95,2,14,600,1,0,0.9770556614673588,propagation
95,2,15,600,1,-160,-0.6223814173108327,independent_recurrence
100,5,0,600,1,-2,-0.7333565554073422,propagation
100,5,1,600,1,99,-0.6709439539811245,independent_recurrence
100,5,2,600,1,99,-0.7543508293181821,independent_recurrence
100,5,3,600,1,93,0.7534545778380014,independent_recurrence
100,5,4,600,1,0,0.5798253224517101,propagation
100,5,6,600,1,68,-0.6613352756473474,independent_recurrence
100,5,7,600,1,74,0.8064668169720827,independent_recurrence
100,5,8,600,1,133,0.6330441751580775,independent_recurrence
100,5,9,600,1,99,0.7585394367537566,independent_recurrence
100,5,10,600,1,51,-0.7409660476779516,independent_recurrence
100,5,11,600,1,0,0.8695398669912493,propagation
100,5,12,600,1,99,0.739197792312163,independent_recurrence
100,5,13,600,1,7,0.8046197241871362,propagation
100,5,14,600,1,99,-0.827807911291034,independent_recurrence
100,5,15,600,1,158,0.6707179008039104,independent_recurrence
115,6,0,600,1,447,0.719102499399439,independent_recurrence
115,6,1,600,1,-107,0.6310566730418934,independent_recurrence
115,6,2,600,1,-120,0.6904566313046154,independent_recurrence
115,6,3,600,1,-64,-0.6747442227738473,independent_recurrence
115,6,4,600,1,14,0.662899347455825,propagation
115,6,5,600,1,-28,-0.5903705345741314,propagation
115,6,7,600,1,45,0.6278701182775469,propagation
115,6,8,600,1,14,0.7370754971705246,propagation
115,6,9,600,1,-96,-0.6378270494260526,independent_recurrence
115,6,10,600,1,330,0.5977037019871293,independent_recurrence
115,6,11,600,1,41,0.8715901005904259,propagation
115,6,12,600,1,47,0.627351340164785,propagation
115,6,13,600,1,15,0.7649322620693569,propagation
115,6,14,600,1,89,-0.5335616264690727,independent_recurrence
115,6,15,600,1,455,0.48052677327300425,independent_recurrence
116,8,0,600,1,-159,0.5133167865115779,independent_recurrence
116,8,1,600,1,0,0.9204356278710486,propagation
116,8,2,600,1,0,0.8652554663732758,propagation
116,8,3,600,1,127,0.5655129960021262,independent_recurrence
116,8,4,600,1,0,0.9191918878311751,propagation
116,8,5,600,1,0,0.9528874654244419,propagation
116,8,6,600,1,0,0.8702678596140255,propagation
116,8,7,600,1,0,-0.7992887979005888,propagation
116,8,9,600,1,526,0.3266936199029701,independent_recurrence
116,8,10,600,1,-58,0.5794141613424622,independent_recurrence
116,8,11,600,1,0,-0.9354724017617297,propagation
116,8,12,600,1,-19,-0.6418729649985178,propagation
116,8,13,600,1,-50,0.8120084496609671,propagation
116,8,14,600,1,0,0.7003186644825115,propagation
116,8,15,600,1,-9,0.9357899110903586,propagation
117,14,0,600,1,0,0.9649000437302095,propagation
117,14,1,600,1,-197,0.5060211789564908,independent_recurrence
117,14,2,600,1,0,0.5911815304944057,propagation
117,14,3,600,1,0,-0.9265055153253346,propagation
117,14,4,600,1,-1,-0.7009789796826109,propagation
117,14,5,600,1,35,-0.5567461358243958,propagation
117,14,6,600,1,0,0.8803695453558995,propagation
117,14,7,600,1,127,-0.5000366934156069,independent_recurrence
117,14,8,600,1,30,-0.6308598663408539,propagation
117,14,9,600,1,463,0.5758946334527943,independent_recurrence
117,14,10,600,1,0,-0.9084729503162489,propagation
117,14,11,600,1,27,-0.6336793846219422,propagation
117,14,12,600,1,0,-0.3757420195427783,propagation
117,14,13,600,1,0,0.9595665648782695,propagation
117,14,15,600,1,0,-0.7121311950443597,propagation
123,7,0,600,1,0,0.9325789418316868,propagation
123,7,1,600,1,0,-0.8194072800977494,propagation
123,7,2,600,1,0,0.5538558783208081,propagation
123,7,3,600,1,0,-0.9407257380218673,propagation
123,7,4,600,1,1,-0.9372285444222704,propagation
123,7,5,600,1,0,0.8898679774856468,propagation
123,7,6,600,1,-1,-0.8280884749589016,propagation
123,7,8,600,1,0,0.9637314147063796,propagation
123,7,9,600,1,0,0.9789216170699079,propagation
123,7,10,600,1,0,0.9539441259106394,propagation
123,7,11,600,1,0,0.9757668218143365,propagation
123,7,12,600,1,0,0.9410388138176298,propagation
123,7,13,600,1,0,0.9622170199633431,propagation
123,7,14,600,1,0,0.879867418428098,propagation
123,7,15,600,1,90,-0.5128086386831929,independent_recurrence
125,0,1,600,1,-284,0.4216575874874916,independent_recurrence
125,0,2,600,1,-243,-0.25095594182646647,independent_recurrence
125,0,3,600,1,-467,-0.4886269500122291,independent_recurrence
125,0,4,600,1,-198,-0.4508172344618483,independent_recurrence
125,0,5,600,1,-385,0.45540599514520286,independent_recurrence
125,0,6,600,1,-198,-0.44748078103615124,independent_recurrence
125,0,7,600,1,0,0.33731354862107654,propagation
125,0,8,600,1,0,0.4429777034677376,propagation
125,0,9,600,1,0,0.6849491777286133,propagation
125,0,10,600,1,0,0.7003469626976653,propagation
125,0,11,600,1,0,0.5453753096019208,propagation
125,0,12,600,1,0,0.6919713056258672,propagation
125,0,13,600,1,-143,-0.4630765015841936,independent_recurrence
125,0,14,600,1,-199,-0.31913230381133817,independent_recurrence
125,0,15,600,1,-22,-0.42726246553468494,propagation
134,10,0,600,1,0,0.5498015091245343,propagation
134,10,1,600,1,541,0.4864416917120667,independent_recurrence
134,10,2,600,1,540,-0.42775113367476497,independent_recurrence
134,10,3,600,1,0,-0.634813600658738,propagation
134,10,4,600,1,4,-0.499382404234273,propagation
134,10,5,600,1,540,0.4313858996174587,independent_recurrence
134,10,6,600,1,541,0.5186078728488647,independent_recurrence
134,10,7,600,1,541,0.45920712328535984,independent_recurrence
134,10,8,600,1,540,0.4520394951326502,independent_recurrence
134,10,9,600,1,540,-0.40941652766280234,independent_recurrence
134,10,11,600,1,54,0.7085458591240907,independent_recurrence
134,10,12,600,1,541,0.4824504598281688,independent_recurrence
134,10,13,600,1,540,-0.48043625608532237,independent_recurrence
134,10,14,600,1,540,-0.38734725046971097,independent_recurrence
134,10,15,600,1,541,0.4863908323263044,independent_recurrence
135,9,0,600,1,440,-0.5526731149091039,independent_recurrence
135,9,1,600,1,0,-0.728295136387446,propagation
135,9,2,600,1,0,-0.8353299772002073,propagation
135,9,3,600,1,306,-0.4966296393434557,independent_recurrence
135,9,4,600,1,86,-0.6410339720867736,independent_recurrence
135,9,5,600,1,0,0.7724867659237721,propagation
135,9,6,600,1,1,-0.676906102879399,propagation
135,9,7,600,1,0,0.8469780150587938,propagation
135,9,8,600,1,225,-0.6117230269047197,independent_recurrence
135,9,10,600,1,37,-0.7023952196041205,propagation
135,9,11,600,1,0,0.716556741887821,propagation
135,9,12,600,1,243,-0.6162945602105441,independent_recurrence
135,9,13,600,1,175,-0.5768578617526692,independent_recurrence
135,9,14,600,1,68,0.6709160308441582,independent_recurrence
135,9,15,600,1,0,-0.8772490791558304,propagation
152,7,0,600,1,0,0.575776876812202,propagation
152,7,1,600,1,-17,-0.6879741611698618,propagation
152,7,2,600,1,-100,-0.7135862444925202,independent_recurrence
152,7,3,600,1,83,0.6996434547694321,independent_recurrence
152,7,4,600,1,-60,-0.8264710854487773,independent_recurrence
152,7,5,600,1,-86,-0.650933935458656,independent_recurrence
152,7,6,600,1,-125,0.7443538758483277,independent_recurrence
152,7,8,600,1,-4,-0.7013243339310935,propagation
152,7,9,600,1,-62,0.7906357379597582,independent_recurrence
152,7,10,600,1,-47,-0.7399783002251199,propagation
152,7,11,600,1,-147,0.5899211256449939,independent_recurrence
152,7,12,600,1,-17,-0.7178875320546168,propagation
152,7,13,600,1,357,0.5194787824667488,independent_recurrence
152,7,14,600,1,77,-0.6067529495402346,independent_recurrence
152,7,15,600,1,-131,-0.8694765212819747,independent_recurrence
159,8,0,600,1,-372,0.42753822077680664,independent_recurrence
159,8,1,600,1,-365,0.4360533399603715,independent_recurrence
159,8,2,600,1,-262,0.36259857905402393,independent_recurrence
159,8,3,600,1,-381,-0.5754754703830547,independent_recurrence
159,8,4,600,1,-219,0.3621536717144253,independent_recurrence
159,8,5,600,1,41,0.44071386471820506,propagation
159,8,6,600,1,-306,0.48024020760817926,independent_recurrence
159,8,7,600,1,-238,-0.4406501129137829,independent_recurrence
159,8,9,600,1,-263,-0.42786907824957127,independent_recurrence
159,8,10,600,1,113,-0.5744081847060174,independent_recurrence
159,8,11,600,1,108,-0.35073239624302593,independent_recurrence
159,8,12,600,1,-351,-0.4282830980504892,independent_recurrence
159,8,13,600,1,-508,-0.3152186987947592,independent_recurrence
159,8,14,600,1,-222,-0.5749787409469704,independent_recurrence
159,8,15,600,1,112,-0.4234409813293103,independent_recurrence
162,9,0,600,1,-178,-0.4841814509438861,independent_recurrence
162,9,1,600,1,0,-0.9496526633493443,propagation
162,9,2,600,1,0,-0.9099326004536833,propagation
162,9,3,600,1,0,0.9734938105137164,propagation
162,9,4,600,1,0,-0.9185930419793936,propagation
162,9,5,600,1,0,0.8542074987851951,propagation
162,9,6,600,1,0,0.9765710489829333,propagation
162,9,7,600,1,0,0.9804243617151396,propagation
162,9,8,600,1,0,0.9743654919992004,propagation
162,9,10,600,1,0,0.8454210059239332,propagation
162,9,11,600,1,68,0.4807424824778399,independent_recurrence
162,9,12,600,1,-1,-0.885488388061198,propagation
162,9,13,600,1,1,-0.9180058348269707,propagation
162,9,14,600,1,0,0.9536619999882279,propagation
162,9,15,600,1,-97,0.6650525704816823,independent_recurrence
177,8,0,600,1,0,0.6118537621070622,propagation
177,8,1,600,1,260,0.7031812729913386,independent_recurrence
177,8,2,600,1,24,0.5920381029499204,propagation
177,8,3,600,1,444,0.5359776842311688,independent_recurrence
177,8,4,600,1,195,0.6157856541443878,independent_recurrence
177,8,5,600,1,73,-0.5774101948016943,independent_recurrence
177,8,6,600,1,12,0.6251875238224629,propagation
177,8,7,600,1,31,0.5093818401288404,propagation
177,8,9,600,1,566,0.5035423926186124,independent_recurrence
177,8,10,600,1,34,0.52824662758023,propagation
177,8,11,600,1,29,0.5491237886892676,propagation
177,8,12,600,1,1,-0.7682262454026049,propagation
177,8,13,600,1,289,0.5065978199725681,independent_recurrence
177,8,14,600,1,225,0.4595706316942767,independent_recurrence
177,8,15,600,1,78,-0.593086515491447,independent_recurrence
187,7,0,600,1,-338,0.6902890975140951,independent_recurrence
187,7,1,600,1,-41,-0.4795114897062507,propagation
187,7,2,600,1,-268,0.5531617893344132,independent_recurrence
187,7,3,600,1,0,-0.47454567918596025,propagation
187,7,4,600,1,-216,-0.4040016909661402,independent_recurrence
187,7,5,600,1,85,-0.4275938709867029,independent_recurrence
187,7,6,600,1,-207,-0.3578034247925944,independent_recurrence
187,7,8,600,1,0,0.35953934436262475,propagation
187,7,9,600,1,-319,-0.4340185746616112,independent_recurrence
187,7,10,600,1,-1,-0.7307124458397557,propagation
187,7,11,600,1,-298,0.4944436152404728,independent_recurrence
187,7,12,600,1,-363,-0.6100183774650105,independent_recurrence
187,7,13,600,1,-132,-0.34371357325037044,independent_recurrence
187,7,14,600,1,0,0.6507619467321802,propagation
187,7,15,600,1,-315,-0.5079204662710587,independent_recurrence
200,11,0,600,1,0,0.8218012324935292,propagation
200,11,1,600,1,0,0.6437174086888082,propagation
200,11,2,600,1,-5,0.727560455339055,propagation
200,11,3,600,1,0,0.6388184285194084,propagation
200,11,4,600,1,2,-0.784355638651602,propagation
200,11,5,600,1,0,0.9529721962129558,propagation
200,11,6,600,1,47,0.47902788313422795,propagation
200,11,7,600,1,1,-0.9086974669298047,propagation
200,11,8,600,1,1,-0.956478318666496,propagation
200,11,9,600,1,0,0.9127549956643574,propagation
200,11,10,600,1,0,0.9679201577483235,propagation
200,11,12,600,1,0,-0.9417228224975935,propagation
200,11,13,600,1,1,-0.9465187129294638,propagation
200,11,14,600,1,0,-0.9515304826876847,propagation
200,11,15,600,1,239,0.5240146416044553,independent_recurrence
214,6,0,600,1,-40,0.8400808656947096,propagation
214,6,1,600,1,-22,0.2901644185557155,propagation
214,6,2,600,1,1,-0.7607003999148513,propagation
214,6,3,600,1,0,0.9069441579183336,propagation
214,6,4,600,1,0,0.7535482609610075,propagation
214,6,5,600,1,93,-0.7152906213492874,independent_recurrence
214,6,7,600,1,5,-0.6768350842730732,propagation
214,6,8,600,1,85,0.82883954023702,independent_recurrence
214,6,9,600,1,-92,0.7295819750422469,independent_recurrence
214,6,10,600,1,136,-0.7347472120655872,independent_recurrence
214,6,11,600,1,41,-0.8101715246386503,propagation
214,6,12,600,1,123,0.5593573542794789,independent_recurrence
214,6,13,600,1,1,-0.9007235670253916,propagation
214,6,14,600,1,61,0.8005871130095413,independent_recurrence
214,6,15,600,1,44,-0.7270810869005997,propagation
221,8,0,600,1,-17,-0.5705200075504987,propagation
221,8,1,600,1,0,0.9622495222446825,propagation
221,8,2,600,1,72,0.40997623360559604,independent_recurrence
221,8,3,600,1,0,0.9281014561603339,propagation
221,8,4,600,1,0,-0.972399646908463,propagation
221,8,5,600,1,0,0.9611431114854927,propagation
221,8,6,600,1,0,0.9597762142303664,propagation
221,8,7,600,1,0,0.9620358958997762,propagation
221,8,9,600,1,1,-0.9602235316037286,propagation
221,8,10,600,1,-1,-0.9522355757610156,propagation
221,8,11,600,1,-1,-0.7783662756137971,propagation
221,8,12,600,1,0,-0.9750348078579861,propagation
221,8,13,600,1,0,-0.9580971789611938,propagation
221,8,14,600,1,31,-0.7618881648247943,propagation
221,8,15,600,1,0,-0.918290571663719,propagation
222,8,0,600,1,557,-0.4252590080234161,independent_recurrence
222,8,1,600,1,37,-0.45700573167843184,propagation
222,8,2,600,1,553,-0.5015652696203434,independent_recurrence
222,8,3,600,1,558,-0.5615355184280676,independent_recurrence
222,8,4,600,1,551,0.4580750189208891,independent_recurrence
222,8,5,600,1,242,-0.5278745016807185,independent_recurrence
222,8,6,600,1,557,0.38200536627690257,independent_recurrence
222,8,7,600,1,535,-0.43488172849840356,independent_recurrence
222,8,9,600,1,33,-0.5074431433683463,propagation
222,8,10,600,1,545,-0.36290969786083555,independent_recurrence
222,8,11,600,1,553,-0.38691983678687003,independent_recurrence
222,8,12,600,1,63,0.40936608352939835,independent_recurrence
222,8,13,600,1,308,0.5015108434346134,independent_recurrence
222,8,14,600,1,548,-0.5431177068324964,independent_recurrence
222,8,15,600,1,72,-0.4395050316198488,independent_recurrence
226,15,0,600,1,-49,0.7735329879586582,propagation
226,15,1,600,1,-55,0.7549453076845938,independent_recurrence
226,15,2,600,1,0,0.7068601328413212,propagation
226,15,3,600,1,-102,0.8443312243409855,independent_recurrence
226,15,4,600,1,-46,0.6974446859627513,propagation
226,15,5,600,1,119,0.6015984959917724,independent_recurrence
226,15,6,600,1,-55,0.7052408985497524,independent_recurrence
226,15,7,600,1,-13,0.7060569254229327,propagation
226,15,8,600,1,0,0.7110515154404115,propagation
226,15,9,600,1,-52,0.7446980731938735,independent_recurrence
226,15,10,600,1,-46,0.7494411608471787,propagation
226,15,11,600,1,-43,0.8974276207855651,propagation
226,15,12,600,1,-10,0.7567163468772186,propagation
226,15,13,600,1,-54,0.7217194533658936,independent_recurrence
226,15,14,600,1,0,0.7412281122668991,propagation
233,3,0,600,1,0,0.694990096379878,propagation
233,3,1,600,1,0,-0.4817952870170931,propagation
233,3,2,600,1,0,-0.9749286460291308,propagation
233,3,4,600,1,218,0.46518124430809943,independent_recurrence
233,3,5,600,1,-27,-0.6696793298064172,propagation
233,3,6,600,1,174,-0.4939760852545252,independent_recurrence
233,3,7,600,1,0,0.9724164788501423,propagation
233,3,8,600,1,0,0.9360753029157378,propagation
233,3,9,600,1,0,-0.8097553671312274,propagation
233,3,10,600,1,0,-0.9302113371703581,propagation
233,3,11,600,1,0,-0.7760673194511126,propagation
233,3,12,600,1,0,0.8588594478096108,propagation
233,3,13,600,1,0,0.7852440451829817,propagation
233,3,14,600,1,0,-0.8350181479611469,propagation
233,3,15,600,1,519,-0.45231469861072315,independent_recurrence
234,10,0,600,1,0,-0.8404329550173463,propagation
234,10,1,600,1,0,-0.8773921116286423,propagation
234,10,2,600,1,-324,0.5652203777292015,independent_recurrence
234,10,3,600,1,-62,-0.7160855645549705,independent_recurrence
234,10,4,600,1,-8,0.9025993523650565,propagation
234,10,5,600,1,0,-0.9245665133021358,propagation
234,10,6,600,1,-13,0.8178005686771889,propagation
234,10,7,600,1,0,0.6814401082525342,propagation
234,10,8,600,1,0,0.7766036954475667,propagation
234,10,9,600,1,0,0.9537722973389445,propagation
234,10,11,600,1,0,0.8591110676884618,propagation
234,10,12,600,1,-120,0.7283157717810247,independent_recurrence
234,10,13,600,1,0,0.8521033319793073,propagation
234,10,14,600,1,-106,-0.38357203237813464,independent_recurrence
234,10,15,600,1,-242,0.720097247887933,independent_recurrence
239,10,0,600,1,-313,-0.40298480577833556,independent_recurrence
239,10,1,600,1,-150,-0.6567297125566588,independent_recurrence
239,10,2,600,1,-278,-0.624817088637508,independent_recurrence
239,10,3,600,1,104,0.4896070690044316,independent_recurrence
239,10,4,600,1,217,-0.2982680845481209,independent_recurrence
239,10,5,600,1,175,-0.44495109882206463,independent_recurrence
239,10,6,600,1,113,0.54219787360878,independent_recurrence
239,10,7,600,1,-370,-0.3817958628532976,independent_recurrence
239,10,8,600,1,-393,-0.27689741445299265,independent_recurrence
239,10,9,600,1,-384,-0.5977074198245973,independent_recurrence
239,10,11,600,1,254,0.42547953370305264,independent_recurrence
239,10,12,600,1,-142,-0.31150974498800577,independent_recurrence
239,10,13,600,1,-378,0.39575883473306267,independent_recurrence
239,10,14,600,1,-337,-0.37262901389422354,independent_recurrence
239,10,15,600,1,-135,-0.6154108249299446,independent_recurrence
241,14,0,600,1,-94,-0.5453634224195377,independent_recurrence
241,14,1,600,1,-238,-0.5347463778739514,independent_recurrence
241,14,2,600,1,-249,-0.593202171408841,independent_recurrence
241,14,3,600,1,188,-0.747334973941747,independent_recurrence
241,14,4,600,1,161,-0.684530658718231,independent_recurrence
241,14,5,600,1,105,-0.8394180933344229,independent_recurrence
241,14,6,600,1,281,-0.3776633217733494,independent_recurrence
241,14,7,600,1,-245,-0.5265933799934138,independent_recurrence
241,14,8,600,1,-59,-0.4524414163355817,independent_recurrence
241,14,9,600,1,-252,-0.6205353518652317,independent_recurrence
241,14,10,600,1,-122,-0.6893500689175758,independent_recurrence
241,14,11,600,1,180,-0.6715018546725516,independent_recurrence
241,14,12,600,1,155,-0.8586041531586179,independent_recurrence
241,14,13,600,1,207,0.7271148469755874,independent_recurrence
241,14,15,600,1,197,0.5194098017137191,independent_recurrence
271,4,0,600,1,-236,0.5305800571640967,independent_recurrence
271,4,1,600,1,0,-0.7346499306079703,propagation
271,4,2,600,1,41,0.6243156489365915,propagation
271,4,3,600,1,-179,0.7685271671821476,independent_recurrence
271,4,5,600,1,-15,-0.6164413599122569,propagation
271,4,6,600,1,-163,-0.3325344777154287,independent_recurrence
271,4,7,600,1,-538,0.3840801314828221,independent_recurrence
271,4,8,600,1,-164,-0.6592061278243018,independent_recurrence
271,4,9,600,1,-166,-0.5143273125378139,independent_recurrence
271,4,10,600,1,-79,0.6224614139242125,independent_recurrence
271,4,11,600,1,-141,-0.5498560982546825,independent_recurrence
271,4,12,600,1,-190,-0.5407483526258758,independent_recurrence
271,4,13,600,1,46,0.6961541408315506,propagation
271,4,14,600,1,0,0.7583633398086793,propagation
271,4,15,600,1,-144,-0.5441275145828882,independent_recurrence
273,15,0,600,1,0,-0.9223646305666413,propagation
273,15,1,600,1,79,-0.5262672524926469,independent_recurrence
273,15,2,600,1,0,0.9281705377265894,propagation
273,15,3,600,1,0,-0.7735999737192621,propagation
273,15,4,600,1,86,-0.6255629895754714,independent_recurrence
273,15,5,600,1,0,-0.714582769507673,propagation
273,15,6,600,1,0,-0.9238620842008091,propagation
273,15,7,600,1,0,-0.916341517916695,propagation
273,15,8,600,1,0,-0.9198710020499467,propagation
273,15,9,600,1,0,-0.8629390546325336,propagation
273,15,10,600,1,0,-0.9077474612735588,propagation
273,15,11,600,1,0,-0.6184977209242271,propagation
273,15,12,600,1,518,-0.4737486813042955,independent_recurrence
273,15,13,600,1,0,0.9187227774762363,propagation
273,15,14,600,1,0,0.5425753714167914,propagation
278,12,0,600,1,22,0.8200731892831079,propagation
278,12,1,600,1,22,-0.3834098607999254,propagation
278,12,2,600,1,1,-0.7755800938751165,propagation
278,12,3,600,1,0,0.6814223757777678,propagation
278,12,4,600,1,264,0.6762612997770512,independent_recurrence
278,12,5,600,1,14,-0.6379660036286406,propagation
278,12,6,600,1,119,-0.7161078954844711,independent_recurrence
278,12,7,600,1,31,-0.6016723975252765,propagation
278,12,8,600,1,-101,0.6616043707759796,independent_recurrence
278,12,9,600,1,80,0.6965521942083525,independent_recurrence
278,12,10,600,1,36,-0.7423126951456621,propagation
278,12,11,600,1,50,0.7330378307542113,propagation
278,12,13,600,1,231,0.5365489141396939,independent_recurrence
278,12,14,600,1,0,0.7281415413578517,propagation
278,12,15,600,1,213,0.8019950836724752,independent_recurrence
280,6,0,600,1,-79,-0.5070566377691943,independent_recurrence
280,6,1,600,1,-324,0.48556698347492255,independent_recurrence
280,6,2,600,1,119,-0.4434825938591253,independent_recurrence
280,6,3,600,1,99,-0.24518818389764907,independent_recurrence
280,6,4,600,1,-75,0.5370491956596354,independent_recurrence
280,6,5,600,1,-312,0.449079266147726,independent_recurrence
280,6,7,600,1,-324,-0.46423207651653003,independent_recurrence
280,6,8,600,1,-337,-0.48088690043677074,independent_recurrence
280,6,9,600,1,149,0.4600897866764087,independent_recurrence
280,6,10,600,1,119,-0.4626651911799552,independent_recurrence
280,6,11,600,1,-15,0.5465194659311078,propagation
280,6,12,600,1,-325,0.4188744254959625,independent_recurrence
280,6,13,600,1,-336,0.47659901881083766,independent_recurrence
280,6,14,600,1,119,-0.7029732654810902,independent_recurrence
280,6,15,600,1,-92,-0.4650082938901752,independent_recurrence
292,3,0,600,1,-236,0.7574032928438138,independent_recurrence
292,3,1,600,1,-160,0.5452391682835973,independent_recurrence
292,3,2,600,1,-99,0.843150584752598,independent_recurrence
292,3,4,600,1,-65,-0.6686670579561971,independent_recurrence
292,3,5,600,1,0,-0.839868831968015,propagation
292,3,6,600,1,0,0.8020418228707609,propagation
292,3,7,600,1,0,-0.8797561756820691,propagation
292,3,8,600,1,0,0.6151650653400893,propagation
292,3,9,600,1,0,-0.7225323566115488,propagation
292,3,10,600,1,0,0.7990692324240547,propagation
292,3,11,600,1,-413,0.46749411065611185,independent_recurrence
292,3,12,600,1,0,-0.7143979063936253,propagation
292,3,13,600,1,0,-0.821786455497463,propagation
292,3,14,600,1,-479,-0.6601808792160748,independent_recurrence
292,3,15,600,1,0,-0.7022536118065291,propagation
294,12,0,600,1,-80,-0.7658173061611648,independent_recurrence
294,12,1,600,1,2,-0.7581359368787057,propagation
294,12,2,600,1,-80,0.8041768310210502,independent_recurrence
294,12,3,600,1,-108,-0.6248714612504622,independent_recurrence
294,12,4,600,1,85,0.5108275926554581,independent_recurrence
294,12,5,600,1,-1,-0.7745518777089865,propagation
294,12,6,600,1,-1,-0.7964128153999572,propagation
294,12,7,600,1,-72,-0.7465728647583464,independent_recurrence
294,12,8,600,1,0,-0.6804590475322446,propagation
294,12,9,600,1,-1,-0.7818051864435461,propagation
294,12,10,600,1,-207,-0.5075334235918245,independent_recurrence
294,12,11,600,1,-1,-0.5942119875426755,propagation
294,12,13,600,1,-47,-0.8812726413291512,propagation
294,12,14,600,1,83,0.6093256686338833,independent_recurrence
294,12,15,600,1,-105,-0.7807984351622713,independent_recurrence
309,2,0,600,1,0,-0.9094642549541201,propagation
309,2,1,600,1,-24,-0.939383210573558,propagation
309,2,3,600,1,0,-0.9380549745196471,propagation
309,2,4,600,1,128,0.5370862187418974,independent_recurrence
309,2,5,600,1,0,0.9645048472229659,propagation
309,2,6,600,1,62,-0.765429090936538,independent_recurrence
309,2,7,600,1,0,0.9397204231901662,propagation
309,2,8,600,1,-76,0.7113437528367034,independent_recurrence
309,2,9,600,1,-66,-0.7421065868416565,independent_recurrence
309,2,10,600,1,0,0.9553015518145606,propagation
309,2,11,600,1,-72,0.8049218903325842,independent_recurrence
309,2,12,600,1,217,0.4790361306718158,independent_recurrence
309,2,13,600,1,0,-0.8010587460735846,propagation
309,2,14,600,1,0,0.755904323713721,propagation
309,2,15,600,1,1,-0.9016975648116691,propagation
311,3,0,600,1,43,0.505534438109916,propagation
311,3,1,600,1,86,-0.5249188670739114,independent_recurrence
311,3,2,600,1,59,-0.6691200985689182,independent_recurrence
311,3,4,600,1,272,-0.6356683013355352,independent_recurrence
311,3,5,600,1,98,-0.5709315358010674,independent_recurrence
311,3,6,600,1,42,0.5063829280730305,propagation
311,3,7,600,1,13,-0.50423896417202,propagation
311,3,8,600,1,266,0.42423055577156,independent_recurrence
311,3,9,600,1,99,0.4785441212602649,independent_recurrence
311,3,10,600,1,101,-0.5491294541418111,independent_recurrence
311,3,11,600,1,98,0.4457346706012553,independent_recurrence
311,3,12,600,1,100,0.5762117793759103,independent_recurrence
311,3,13,600,1,97,0.4979070029296597,independent_recurrence
311,3,14,600,1,261,0.7083713152594883,independent_recurrence
311,3,15,600,1,98,-0.6882709055727627,independent_recurrence
320,13,0,600,1,100,0.6015738960698919,independent_recurrence
320,13,1,600,1,165,0.4834917243616839,independent_recurrence
320,13,2,600,1,-100,0.9048210678904807,independent_recurrence
320,13,3,600,1,-234,0.5979085427426039,independent_recurrence
320,13,4,600,1,164,-0.5862734984803948,independent_recurrence
320,13,5,600,1,161,0.49479854549911084,independent_recurrence
320,13,6,600,1,-268,0.5461425850417642,independent_recurrence
320,13,7,600,1,165,-0.5279902605268275,independent_recurrence
320,13,8,600,1,-46,0.4635824412851686,propagation
320,13,9,600,1,-188,0.6511029702897582,independent_recurrence
320,13,10,600,1,-42,-0.7483055100043837,propagation
320,13,11,600,1,165,0.4852784915603671,independent_recurrence
320,13,12,600,1,163,-0.5782557297849618,independent_recurrence
320,13,14,600,1,0,0.9169289534667282,propagation
320,13,15,600,1,-339,0.7703518430210398,independent_recurrence
337,3,0,600,1,179,0.6753587244603086,independent_recurrence
337,3,1,600,1,56,0.7929387563164684,independent_recurrence
337,3,2,600,1,56,0.8295786920541097,independent_recurrence
337,3,4,600,1,56,0.6924653389679738,independent_recurrence
337,3,5,600,1,-357,0.6483326622540215,independent_recurrence
337,3,6,600,1,-323,0.603352810311189,independent_recurrence
337,3,7,600,1,-327,0.6184718583494067,independent_recurrence
337,3,8,600,1,-86,-0.6563093093668246,independent_recurrence
337,3,9,600,1,176,-0.5645755344213149,independent_recurrence
337,3,10,600,1,118,0.7334287754138815,independent_recurrence
337,3,11,600,1,107,0.5951123656398611,independent_recurrence
337,3,12,600,1,-47,0.8156592496687846,propagation
337,3,13,600,1,110,-0.6323070936081364,independent_recurrence
337,3,14,600,1,176,-0.6696237258607117,independent_recurrence
337,3,15,600,1,135,0.5718813644808446,independent_recurrence
340,7,0,600,1,0,0.9695697179544512,propagation
340,7,1,600,1,0,0.9879164271942366,propagation
340,7,2,600,1,0,0.983599433130032,propagation
340,7,3,600,1,0,-0.9638242648319248,propagation
340,7,4,600,1,0,0.8695473816914326,propagation
340,7,5,600,1,0,0.9802639780596037,propagation
340,7,6,600,1,0,0.9650482667429243,propagation
340,7,8,600,1,0,0.9866122826049339,propagation
340,7,9,600,1,0,-0.9595647947523802,propagation
340,7,10,600,1,0,0.9784219025789909,propagation
340,7,11,600,1,0,0.7986078480995144,propagation
340,7,12,600,1,0,0.8907453724741405,propagation
340,7,13,600,1,0,0.9514799690794598,propagation
340,7,14,600,1,0,0.911802724414175,propagation
340,7,15,600,1,81,-0.2571099271060506,independent_recurrence
351,14,0,600,1,-289,0.5406676664946367,independent_recurrence
351,14,1,600,1,189,0.4599954489953954,independent_recurrence
351,14,2,600,1,-288,0.529826892129285,independent_recurrence
351,14,3,600,1,201,-0.7329660434628238,independent_recurrence
351,14,4,600,1,-292,0.5946766199726502,independent_recurrence
351,14,5,600,1,126,-0.5778810808855707,independent_recurrence
351,14,6,600,1,31,0.7942952790265866,propagation
351,14,7,600,1,170,-0.5265288163118031,independent_recurrence
351,14,8,600,1,-294,-0.39838359024907044,independent_recurrence
351,14,9,600,1,126,-0.4211000455702623,independent_recurrence
351,14,10,600,1,-286,0.48308360095775404,independent_recurrence
351,14,11,600,1,117,-0.40737476684654267,independent_recurrence
351,14,12,600,1,228,0.4733575641054502,independent_recurrence
351,14,13,600,1,-288,0.5260594899774291,independent_recurrence
351,14,15,600,1,171,-0.6002666058185755,independent_recurrence
360,4,0,600,1,-183,0.4957275497398685,independent_recurrence
360,4,1,600,1,0,0.7980895981572227,propagation
360,4,2,600,1,-187,-0.7176414988471125,independent_recurrence
360,4,3,600,1,-40,0.7737489879444173,propagation
360,4,5,600,1,-87,0.5507082937156671,independent_recurrence
360,4,6,600,1,-73,0.6163325819963729,independent_recurrence
360,4,7,600,1,-51,0.6026114338619525,independent_recurrence
360,4,8,600,1,-99,0.6137775880824262,independent_recurrence
360,4,9,600,1,-497,-0.5709376419252851,independent_recurrence
360,4,10,600,1,-519,-0.43326536464052445,independent_recurrence
360,4,11,600,1,-273,0.7099923120557581,independent_recurrence
360,4,12,600,1,-71,-0.660694128680916,independent_recurrence
360,4,13,600,1,-1,-0.7331250575450976,propagation
360,4,14,600,1,-82,-0.5875717569841239,independent_recurrence
360,4,15,600,1,-51,-0.6142339340971003,independent_recurrence
364,0,1,600,1,0,0.6968754640223076,propagation
364,0,2,600,1,0,0.748419253741917,propagation
364,0,3,600,1,440,0.574622408688335,independent_recurrence
364,0,4,600,1,-2,-0.7334805584354265,propagation
364,0,5,600,1,0,0.6979850469277674,propagation
364,0,6,600,1,101,0.5692820585518547,independent_recurrence
364,0,7,600,1,412,0.5639141027601171,independent_recurrence
364,0,8,600,1,68,0.5996664368168464,independent_recurrence
364,0,9,600,1,288,0.48948395719294735,independent_recurrence
364,0,10,600,1,-95,0.4105749484176663,independent_recurrence
364,0,11,600,1,0,0.748603293803192,propagation
364,0,12,600,1,204,0.5711757472329124,independent_recurrence
364,0,13,600,1,-19,0.466079866761217,propagation
364,0,14,600,1,14,0.6758172688107869,propagation
364,0,15,600,1,309,0.5440940269870598,independent_recurrence
369,10,0,600,1,0,-0.9550048468872452,propagation
369,10,1,600,1,72,-0.7245441435399927,independent_recurrence
369,10,2,600,1,0,-0.9697380131366604,propagation
369,10,3,600,1,0,-0.9799593551089402,propagation
369,10,4,600,1,0,0.32313140472913676,propagation
369,10,5,600,1,27,-0.786699162040306,propagation
369,10,6,600,1,0,0.9406886456232268,propagation
369,10,7,600,1,0,0.6642429160618265,propagation
369,10,8,600,1,0,0.7475186637096657,propagation
369,10,9,600,1,0,0.990237193802037,artifact
369,10,11,600,1,0,0.9819901247170977,propagation
369,10,12,600,1,-22,-0.9134232458292483,propagation
369,10,13,600,1,0,-0.6562874811947049,propagation
369,10,14,600,1,0,-0.9161987180488282,propagation
369,10,15,600,1,239,-0.5171652068660942,independent_recurrence
384,13,0,600,1,-284,0.5040618461726535,independent_recurrence
384,13,1,600,1,140,0.6393983757139192,independent_recurrence
384,13,2,600,1,-296,-0.48982071056450954,independent_recurrence
384,13,3,600,1,-240,0.5117293565346381,independent_recurrence
384,13,4,600,1,182,0.6385989898514857,independent_recurrence
384,13,5,600,1,83,-0.7496887463206029,independent_recurrence
384,13,6,600,1,-25,-0.896268859043196,propagation
384,13,7,600,1,129,0.6212193129041259,independent_recurrence
384,13,8,600,1,138,0.5742673844309147,independent_recurrence
384,13,9,600,1,-265,0.530620393609721,independent_recurrence
384,13,10,600,1,-292,0.7305556107358223,independent_recurrence
384,13,11,600,1,-30,-0.6533739967850373,propagation
384,13,12,600,1,0,0.8591532371639661,propagation
384,13,14,600,1,142,-0.4598986614568171,independent_recurrence
384,13,15,600,1,0,0.8889586556264122,propagation
389,1,0,600,1,150,-0.5042778433993889,independent_recurrence
389,1,2,600,1,537,-0.7299746908924962,independent_recurrence
389,1,3,600,1,0,0.9421228637441658,propagation
389,1,4,600,1,0,0.8067509927152462,propagation
389,1,5,600,1,0,0.6121832134403355,propagation
389,1,6,600,1,520,-0.45265220016754704,independent_recurrence
389,1,7,600,1,82,0.41220577604476005,independent_recurrence
389,1,8,600,1,146,0.46012219597149356,independent_recurrence
389,1,9,600,1,523,0.44880811134974713,independent_recurrence
389,1,10,600,1,154,-0.505534061468594,independent_recurrence
389,1,11,600,1,0,0.647617646235306,propagation
389,1,12,600,1,240,0.5825975084460403,independent_recurrence
389,1,13,600,1,0,0.5328952776401322,propagation
389,1,14,600,1,523,-0.4929186704707691,independent_recurrence
389,1,15,600,1,118,0.46064498453291947,independent_recurrence
394,5,0,600,1,0,-0.8726519440196716,propagation
394,5,1,600,1,-151,-0.4594369267510508,independent_recurrence
394,5,2,600,1,0,0.8994116216374368,propagation
394,5,3,600,1,0,0.9728110580139234,propagation
394,5,4,600,1,0,-0.9219532856990535,propagation
394,5,6,600,1,0,-0.9678024417265052,propagation
394,5,7,600,1,0,0.9275470817991428,propagation
394,5,8,600,1,-162,-0.40315251811005376,independent_recurrence
394,5,9,600,1,0,0.8778993169418075,propagation
394,5,10,600,1,0,0.9449856454935537,propagation
394,5,11,600,1,0,0.9215970621122813,propagation
394,5,12,600,1,-58,0.3332644555754073,independent_recurrence
394,5,13,600,1,0,0.9389826642752837,propagation
394,5,14,600,1,-26,0.876738389856507,propagation
394,5,15,600,1,-138,0.6981923156778348,independent_recurrence
395,13,0,600,1,-126,0.38348371110619295,independent_recurrence
395,13,1,600,1,0,0.9496179113066016,propagation
395,13,2,600,1,184,0.5090819477897357,independent_recurrence
395,13,3,600,1,97,0.39989097161929615,independent_recurrence
395,13,4,600,1,0,0.7964784325600159,propagation
395,13,5,600,1,33,-0.7370181794356777,propagation
395,13,6,600,1,-98,-0.5153793833463183,independent_recurrence
395,13,7,600,1,0,-0.960515240478238,propagation
395,13,8,600,1,1,-0.8619361572071231,propagation
395,13,9,600,1,28,-0.8538014931813681,propagation
395,13,10,600,1,18,-0.6511329181538204,propagation
395,13,11,600,1,-104,0.40537920995617704,independent_recurrence
395,13,12,600,1,1,-0.9171118891364323,propagation
395,13,14,600,1,1,-0.8631113479505665,propagation
395,13,15,600,1,1,-0.8621288361869013,propagation
396,0,1,600,1,0,0.8756988305958692,propagation
396,0,2,600,1,0,-0.8200061469516349,propagation
396,0,3,600,1,103,-0.686758070446799,independent_recurrence
396,0,4,600,1,261,-0.4842807629441164,independent_recurrence
396,0,5,600,1,99,0.785250354145366,independent_recurrence
396,0,6,600,1,162,0.7226870036799274,independent_recurrence
396,0,7,600,1,102,0.6534179776156515,independent_recurrence
396,0,8,600,1,92,0.7520770207980998,independent_recurrence
396,0,9,600,1,91,-0.7519802100146592,independent_recurrence
396,0,10,600,1,90,-0.7361978502893194,independent_recurrence
396,0,11,600,1,-1,-0.7896307840735015,propagation
396,0,12,600,1,86,-0.7574967374951072,independent_recurrence
396,0,13,600,1,101,-0.61256035491977,independent_recurrence
396,0,14,600,1,103,-0.8182634321791491,independent_recurrence
396,0,15,600,1,24,0.6744815496565385,propagation
407,15,0,600,1,-64,0.7129621670419956,independent_recurrence
407,15,1,600,1,-156,-0.7321601361756708,independent_recurrence
407,15,2,600,1,-143,0.8033519475023483,independent_recurrence
407,15,3,600,1,0,-0.5628324326461539,propagation
407,15,4,600,1,-138,-0.692312669212163,independent_recurrence
407,15,5,600,1,-49,0.711654270226382,propagation
407,15,6,600,1,0,-0.8544321087890152,propagation
407,15,7,600,1,-130,0.7917690617182632,independent_recurrence
407,15,8,600,1,-140,0.771027811981686,independent_recurrence
407,15,9,600,1,-120,-0.5357485783548742,independent_recurrence
407,15,10,600,1,-149,-0.7743296912520404,independent_recurrence
407,15,11,600,1,0,0.7950927944956669,propagation
407,15,12,600,1,50,-0.6172502323218028,propagation
407,15,13,600,1,-169,-0.5931498917681289,independent_recurrence
407,15,14,600,1,0,0.8824388510402496,propagation
418,0,1,600,1,68,-0.5942169088934631,independent_recurrence
418,0,2,600,1,542,0.6869201849470176,independent_recurrence
418,0,3,600,1,166,0.5914640628815497,independent_recurrence
418,0,4,600,1,9,0.4818601333814691,propagation
418,0,5,600,1,108,0.4692631551687152,independent_recurrence
418,0,6,600,1,8,0.8786859650555651,propagation
418,0,7,600,1,430,0.6863481555173391,independent_recurrence
418,0,8,600,1,70,0.49169104952331516,independent_recurrence
418,0,9,600,1,106,0.4495669031701867,independent_recurrence
418,0,10,600,1,490,0.4440064147874788,independent_recurrence
418,0,11,600,1,254,0.5654100285400829,independent_recurrence
418,0,12,600,1,7,-0.5028361643523723,propagation
418,0,13,600,1,502,-0.33610412950167723,independent_recurrence
418,0,14,600,1,485,0.5405025399588601,independent_recurrence
418,0,15,600,1,375,0.5610792182982379,independent_recurrence
428,4,0,600,1,-16,0.7265324109454078,propagation
428,4,1,600,1,0,-0.5673970097938756,propagation
428,4,2,600,1,-41,-0.7063575884006772,propagation
428,4,3,600,1,0,0.9167214795236168,propagation
428,4,5,600,1,105,0.6362802418725617,independent_recurrence
428,4,6,600,1,88,0.6446187782574093,independent_recurrence
428,4,7,600,1,71,0.7053306572532004,independent_recurrence
428,4,8,600,1,99,0.6498562650062378,independent_recurrence
428,4,9,600,1,0,0.9103830580308953,propagation
428,4,10,600,1,0,0.8679091600462691,propagation
428,4,11,600,1,0,0.9342919423947292,propagation
428,4,12,600,1,104,-0.5976726355367575,independent_recurrence
428,4,13,600,1,0,0.8882968198136912,propagation
428,4,14,600,1,1,-0.7996605391114324,propagation
428,4,15,600,1,-18,-0.8216964197071618,propagation
441,6,0,600,1,0,-0.6946662907285378,propagation
441,6,1,600,1,0,-0.7737047754678478,propagation
441,6,2,600,1,0,0.9311395324656803,propagation
441,6,3,600,1,0,0.8526864397777933,propagation
441,6,4,600,1,-39,-0.8344091746189907,propagation
441,6,5,600,1,-159,0.5173019517329984,independent_recurrence
441,6,7,600,1,0,0.8763891340518482,propagation
441,6,8,600,1,-219,-0.49684857096031776,independent_recurrence
441,6,9,600,1,0,0.9781271792272223,propagation
441,6,10,600,1,0,0.954556581587159,propagation
441,6,11,600,1,0,0.9806608779154381,propagation
441,6,12,600,1,0,0.9473385247948473,propagation
441,6,13,600,1,0,-0.833548290483285,propagation
441,6,14,600,1,0,-0.9589373256841706,propagation
441,6,15,600,1,0,-0.8440333385417776,propagation
442,7,0,600,1,202,-0.7098923891128401,independent_recurrence
442,7,1,600,1,88,-0.6649006090430656,independent_recurrence
442,7,2,600,1,150,0.5487885179373041,independent_recurrence
442,7,3,600,1,157,0.6173202923343083,independent_recurrence
442,7,4,600,1,12,-0.6811428818254772,propagation
442,7,5,600,1,155,-0.5835685688619783,independent_recurrence
442,7,6,600,1,158,-0.5931731562841787,independent_recurrence
442,7,8,600,1,-170,0.44021341527281965,independent_recurrence
442,7,9,600,1,165,0.6380752427931878,independent_recurrence
442,7,10,600,1,75,0.6269729644128588,independent_recurrence
442,7,11,600,1,155,-0.5430920751051037,independent_recurrence
442,7,12,600,1,169,-0.7385671126494153,independent_recurrence
442,7,13,600,1,155,-0.704062318900011,independent_recurrence
442,7,14,600,1,153,0.8053927949944857,independent_recurrence
442,7,15,600,1,0,0.9141130056257222,propagation
446,5,0,600,1,0,0.4080918111556947,propagation
446,5,1,600,1,-80,-0.5713323553051766,independent_recurrence
446,5,2,600,1,-11,0.40115806105105273,propagation
446,5,3,600,1,-45,0.36296025517788066,propagation
446,5,4,600,1,285,0.5846151234198368,independent_recurrence
446,5,6,600,1,0,0.6493256650143647,propagation
446,5,7,600,1,0,0.689827998782525,propagation
446,5,8,600,1,-125,-0.36683029569252273,independent_recurrence
446,5,9,600,1,-120,-0.5163128906059737,independent_recurrence
446,5,10,600,1,-12,0.34414867976689834,propagation
446,5,11,600,1,-259,-0.2909970761720752,independent_recurrence
446,5,12,600,1,160,0.5568549982475016,independent_recurrence
446,5,13,600,1,-265,-0.5879279941876656,independent_recurrence
446,5,14,600,1,-123,-0.39522808346633137,independent_recurrence
446,5,15,600,1,0,0.3963237056390651,propagation
448,14,0,600,1,-74,0.6089421201198211,independent_recurrence
448,14,1,600,1,77,-0.523764950438078,independent_recurrence
448,14,2,600,1,145,0.5950071225487608,independent_recurrence
448,14,3,600,1,-86,0.4261888062246304,independent_recurrence
448,14,4,600,1,-90,0.40481314382335265,independent_recurrence
448,14,5,600,1,-81,0.4219169613665802,independent_recurrence
448,14,6,600,1,526,0.39455114002852504,independent_recurrence
448,14,7,600,1,-90,0.49001586640684014,independent_recurrence
448,14,8,600,1,-91,-0.5200116245993125,independent_recurrence
448,14,9,600,1,-85,-0.4583907055783543,independent_recurrence
448,14,10,600,1,-85,-0.4368451042527289,independent_recurrence
448,14,11,600,1,375,-0.43043466559245785,independent_recurrence
448,14,12,600,1,525,-0.3149547744341781,independent_recurrence
448,14,13,600,1,-77,-0.40799613351559344,independent_recurrence
448,14,15,600,1,-76,0.5488825237126552,independent_recurrence
450,3,0,600,1,0,0.8408735615484602,propagation
450,3,1,600,1,0,0.8598933873721315,propagation
450,3,2,600,1,-466,-0.5863147264609042,independent_recurrence
450,3,4,600,1,-71,0.7303131482667703,independent_recurrence
450,3,5,600,1,-8,-0.7989176372581446,propagation
450,3,6,600,1,0,0.7386208217054864,propagation
450,3,7,600,1,-320,-0.5636486536831965,independent_recurrence
450,3,8,600,1,0,-0.7818027919201779,propagation
450,3,9,600,1,0,0.8924947527398776,propagation
450,3,10,600,1,0,0.9012596398464674,propagation
450,3,11,600,1,0,0.8350258311436353,propagation
450,3,12,600,1,0,0.8473881032903069,propagation
450,3,13,600,1,0,0.8150674167697224,propagation
450,3,14,600,1,-60,-0.7326506703830076,independent_recurrence
450,3,15,600,1,0,0.856070892913927,propagation
459,8,0,600,1,116,0.5376563252767882,independent_recurrence
459,8,1,600,1,-56,-0.5052636194147497,independent_recurrence
459,8,2,600,1,10,0.68484999676045,propagation
459,8,3,600,1,76,-0.5219277371737239,independent_recurrence
459,8,4,600,1,-113,-0.5805576153772919,independent_recurrence
459,8,5,600,1,-145,0.7069423950219639,independent_recurrence
459,8,6,600,1,-11,-0.6136428088906577,propagation
459,8,7,600,1,-72,0.6095443523855615,independent_recurrence
459,8,9,600,1,-365,0.5188622098539596,independent_recurrence
459,8,10,600,1,-182,0.4928942141637467,independent_recurrence
459,8,11,600,1,-71,0.6096155198514943,independent_recurrence
459,8,12,600,1,45,-0.4559616169575721,propagation
459,8,13,600,1,-68,-0.49409735849519726,independent_recurrence
459,8,14,600,1,-133,-0.6193785285483614,independent_recurrence
459,8,15,600,1,-80,-0.4698659087786124,independent_recurrence
470,1,0,600,1,111,-0.6359344592983307,independent_recurrence
470,1,2,600,1,0,0.9387088708791638,propagation
470,1,3,600,1,-70,0.6689217789794282,independent_recurrence
470,1,4,600,1,0,0.8033193977537798,propagation
470,1,5,600,1,0,-0.8898391461755678,propagation
470,1,6,600,1,0,-0.9301833385037126,propagation
470,1,7,600,1,0,-0.8248671536380755,propagation
470,1,8,600,1,0,-0.8856977207599209,propagation
470,1,9,600,1,0,-0.6518046371473248,propagation
470,1,10,600,1,-11,-0.25098549709067436,propagation
470,1,11,600,1,73,0.3029821508033526,independent_recurrence
470,1,12,600,1,-52,0.7629998700843336,independent_recurrence
470,1,13,600,1,-73,-0.7340020845200339,independent_recurrence
470,1,14,600,1,0,0.8991863280134809,propagation
470,1,15,600,1,156,-0.500940682292859,independent_recurrence
484,15,0,600,1,0,-0.6203931098031831,propagation
484,15,1,600,1,-433,-0.4959146019306987,independent_recurrence
484,15,2,600,1,0,-0.5694536366888101,propagation
484,15,3,600,1,0,0.6183453616752487,propagation
484,15,4,600,1,0,0.5818912815649826,propagation
484,15,5,600,1,0,-0.5531384907293163,propagation
484,15,6,600,1,1,-0.7417957675701863,propagation
484,15,7,600,1,1,-0.5064074746895155,propagation
484,15,8,600,1,0,-0.5839093302064102,propagation
484,15,9,600,1,0,-0.5823545732695283,propagation
484,15,10,600,1,0,-0.5885126882002047,propagation
484,15,11,600,1,-41,-0.5220424024631969,propagation
484,15,12,600,1,0,0.59727602660762,propagation
484,15,13,600,1,1,-0.8455813083860844,propagation
484,15,14,600,1,2,-0.32347544002675327,propagation
486,4,0,600,1,278,0.5882217505499121,independent_recurrence
486,4,1,600,1,169,0.3799834352366297,independent_recurrence
486,4,2,600,1,-162,0.4919179411839542,independent_recurrence
486,4,3,600,1,129,-0.45713783211142706,independent_recurrence
486,4,5,600,1,-101,-0.562535264874319,independent_recurrence
486,4,6,600,1,193,-0.5837240176195518,independent_recurrence
486,4,7,600,1,285,0.3748648780685116,independent_recurrence
486,4,8,600,1,97,0.5006678488822115,independent_recurrence
486,4,9,600,1,-180,-0.466094362337259,independent_recurrence
486,4,10,600,1,-172,-0.6466202597503913,independent_recurrence
486,4,11,600,1,-143,-0.3821674852402621,independent_recurrence
486,4,12,600,1,170,-0.7236755398195859,independent_recurrence
486,4,13,600,1,309,-0.5503314905492493,independent_recurrence
486,4,14,600,1,-154,0.6366163119768847,independent_recurrence
486,4,15,600,1,299,-0.5538155051119562,independent_recurrence
497,4,0,600,1,0,-0.6905240608248961,propagation
497,4,1,600,1,65,-0.6726210263331354,independent_recurrence
497,4,2,600,1,49,-0.7683777176235033,propagation
497,4,3,600,1,61,0.6673849199135841,independent_recurrence
497,4,5,600,1,0,0.8059904528671664,propagation
497,4,6,600,1,0,0.8444871965592531,propagation
497,4,7,600,1,0,0.9675640806438403,propagation
497,4,8,600,1,0,0.9794675597349677,propagation
497,4,9,600,1,0,-0.9698753317034796,propagation
497,4,10,600,1,0,0.9201704973044063,propagation
497,4,11,600,1,0,0.9478531104320284,propagation
497,4,12,600,1,0,0.9013127107509111,propagation
497,4,13,600,1,0,0.9817002807271777,propagation
497,4,14,600,1,0,0.8835940529792379,propagation
497,4,15,600,1,0,0.9728848813123706,propagation
516,7,0,600,1,6,0.6727674528223463,propagation
516,7,1,600,1,0,0.7764695576352281,propagation
516,7,2,600,1,0,0.875878642402527,propagation
516,7,3,600,1,0,-0.8461667920886743,propagation
516,7,4,600,1,0,-0.8726886177944433,propagation
516,7,5,600,1,0,0.8238080163547993,propagation
516,7,6,600,1,0,-0.8504039771007867,propagation
516,7,8,600,1,326,0.4506969134876518,independent_recurrence
516,7,9,600,1,0,0.8692998925058933,propagation
516,7,10,600,1,100,0.41509383864020666,independent_recurrence
516,7,11,600,1,0,0.8969510109146404,propagation
516,7,12,600,1,0,-0.853191631573834,propagation
516,7,13,600,1,1,-0.7800680256001506,propagation
516,7,14,600,1,0,-0.6237464779240889,propagation
516,7,15,600,1,0,-0.8742112290863285,propagation
517,10,0,600,1,1,-0.5895909509237871,propagation
517,10,1,600,1,65,-0.5701992345622577,independent_recurrence
517,10,2,600,1,79,0.6313186125081387,independent_recurrence
517,10,3,600,1,0,0.8289768573409365,propagation
517,10,4,600,1,0,0.603656511205427,propagation
517,10,5,600,1,81,0.6349297216775286,independent_recurrence
517,10,6,600,1,81,0.6209877291181287,independent_recurrence
517,10,7,600,1,81,0.6430532274422583,independent_recurrence
517,10,8,600,1,52,0.6781286319301381,independent_recurrence
517,10,9,600,1,82,-0.6262031656242583,independent_recurrence
517,10,11,600,1,81,0.6232446023303992,independent_recurrence
517,10,12,600,1,69,0.7146098398287257,independent_recurrence
517,10,13,600,1,81,0.6258674816722811,independent_recurrence
517,10,14,600,1,238,0.43808605783597937,independent_recurrence
517,10,15,600,1,79,-0.7102665315836364,independent_recurrence
552,11,0,600,1,-136,0.5497933843770307,independent_recurrence
552,11,1,600,1,0,0.8358890745239087,propagation
552,11,2,600,1,0,0.9962811026408301,artifact
552,11,3,600,1,0,0.7396306774723833,propagation
552,11,4,600,1,0,-0.9930460969131193,propagation
552,11,5,600,1,-1,-0.8637894171607752,propagation
552,11,6,600,1,34,-0.6964457814613891,propagation
552,11,7,600,1,0,-0.9605707775626398,propagation
552,11,8,600,1,0,-0.9723673298375236,propagation
552,11,9,600,1,-90,-0.4049882629159733,independent_recurrence
552,11,10,600,1,161,0.37872113125850243,independent_recurrence
552,11,12,600,1,0,0.9293750801476032,propagation
552,11,13,600,1,0,0.9546115956671023,propagation
552,11,14,600,1,58,0.7906340499191222,independent_recurrence
552,11,15,600,1,0,0.6160344864902793,propagation
558,5,0,600,1,-275,0.705182328753623,independent_recurrence
558,5,1,600,1,-275,0.5653681469460683,independent_recurrence
558,5,2,600,1,-275,-0.5709930403666181,independent_recurrence
558,5,3,600,1,-38,0.6190818721192185,propagation
558,5,4,600,1,-275,0.5985118689611523,independent_recurrence
558,5,6,600,1,256,-0.5784529430138603,independent_recurrence
558,5,7,600,1,36,0.6810589871384389,propagation
558,5,8,600,1,-275,0.4799853620903381,independent_recurrence
558,5,9,600,1,104,-0.6361276433326686,independent_recurrence
558,5,10,600,1,166,0.5320010903808079,independent_recurrence
558,5,11,600,1,137,0.8841243182180684,independent_recurrence
558,5,12,600,1,-4,-0.6717549638934714,propagation
558,5,13,600,1,199,0.6852748399603243,independent_recurrence
558,5,14,600,1,-275,0.5509787460552467,independent_recurrence
558,5,15,600,1,86,0.6446642100330596,independent_recurrence
560,1,0,600,1,0,0.7563523385709178,propagation
560,1,2,600,1,220,-0.3816560617005805,independent_recurrence
560,1,3,600,1,0,-0.5039832695615346,propagation
560,1,4,600,1,0,-0.7907489841765349,propagation
560,1,5,600,1,0,0.7960525724692387,propagation
560,1,6,600,1,0,0.7722248864061544,propagation
560,1,7,600,1,0,0.7849756233549967,propagation
560,1,8,600,1,0,0.7340119125752248,propagation
560,1,9,600,1,0,0.7477403126552941,propagation
560,1,10,600,1,0,0.6141687725749294,propagation
560,1,11,600,1,-130,0.4585904769726659,independent_recurrence
560,1,12,600,1,-29,-0.5408394760132347,propagation
560,1,13,600,1,0,-0.7772336520347479,propagation
560,1,14,600,1,0,-0.7737919525208334,propagation
560,1,15,600,1,0,-0.7409748192114265,propagation
562,7,0,600,1,-199,-0.45358314224253055,independent_recurrence
562,7,1,600,1,-199,-0.5289699308282599,independent_recurrence
562,7,2,600,1,120,0.6797916270979003,independent_recurrence
562,7,3,600,1,-200,0.4610192983519325,independent_recurrence
562,7,4,600,1,-85,0.609304455396964,independent_recurrence
562,7,5,600,1,-198,0.5235300495196785,independent_recurrence
562,7,6,600,1,-200,0.44540221312851125,independent_recurrence
562,7,8,600,1,-198,0.4502767666597092,independent_recurrence
562,7,9,600,1,202,0.48197004829902784,independent_recurrence
562,7,10,600,1,194,0.43904907915868013,independent_recurrence
562,7,11,600,1,-309,-0.5566837958664969,independent_recurrence
562,7,12,600,1,202,0.48521106331006736,independent_recurrence
562,7,13,600,1,-201,-0.4482480363639157,independent_recurrence
562,7,14,600,1,-292,-0.5348014793641507,independent_recurrence
562,7,15,600,1,-199,-0.4574030870804978,independent_recurrence
570,7,0,600,1,0,-0.5206390032802318,propagation
570,7,1,600,1,52,-0.48870958951091076,independent_recurrence
570,7,2,600,1,0,-0.3926368172923797,propagation
570,7,3,600,1,0,-0.3890719500231919,propagation
570,7,4,600,1,88,0.4725078006138629,independent_recurrence
570,7,5,600,1,256,0.63542141736512,independent_recurrence
570,7,6,600,1,85,-0.5567058784722272,independent_recurrence
570,7,8,600,1,105,-0.6949588312520526,independent_recurrence
570,7,9,600,1,257,-0.3814485930963983,independent_recurrence
570,7,10,600,1,45,-0.5890637474951007,propagation
570,7,11,600,1,-40,0.38952106971561185,propagation
570,7,12,600,1,35,-0.7376639499487351,propagation
570,7,13,600,1,272,-0.47965772537984414,independent_recurrence
570,7,14,600,1,114,0.5219411151056139,independent_recurrence
570,7,15,600,1,126,-0.5768828333697028,independent_recurrence
577,11,0,600,1,-53,-0.7035755358181717,independent_recurrence
577,11,1,600,1,-164,0.6383931781120123,independent_recurrence
577,11,2,600,1,-18,-0.7020356139834414,propagation
577,11,3,600,1,0,0.8208422588431055,propagation
577,11,4,600,1,0,-0.6557132250366703,propagation
577,11,5,600,1,-8,-0.8396626735294879,propagation
577,11,6,600,1,-99,0.6827706346371453,independent_recurrence
577,11,7,600,1,0,0.7361510027003972,propagation
577,11,8,600,1,-94,0.6667742278238269,independent_recurrence
577,11,9,600,1,-230,-0.7582363452911515,independent_recurrence
577,11,10,600,1,-103,-0.6597008496802492,independent_recurrence
577,11,12,600,1,-523,-0.5973643511485015,independent_recurrence
577,11,13,600,1,-117,0.6653951130805206,independent_recurrence
577,11,14,600,1,-1,-0.8366345012612205,propagation
577,11,15,600,1,-538,-0.5007388107850246,independent_recurrence
579,14,0,600,1,-178,0.3316356377090005,independent_recurrence
579,14,1,600,1,-19,-0.5612347449902245,propagation
579,14,2,600,1,0,-0.5500337012015566,propagation
579,14,3,600,1,116,-0.5648769744997952,independent_recurrence
579,14,4,600,1,0,-0.5755352348138904,propagation
579,14,5,600,1,233,-0.4920095905581416,independent_recurrence
579,14,6,600,1,-29,0.5622525327673455,propagation
579,14,7,600,1,0,0.6004756552101064,propagation
579,14,8,600,1,-18,0.6079083108932957,propagation
579,14,9,600,1,-38,0.585701347433371,propagation
579,14,10,600,1,2,-0.5837148059542324,propagation
579,14,11,600,1,8,-0.5827691657452021,propagation
579,14,12,600,1,-54,0.35493182983716903,independent_recurrence
579,14,13,600,1,132,-0.431618975839282,independent_recurrence
579,14,15,600,1,-25,-0.5638887672701793,propagation
585,13,0,600,1,223,-0.5547608009123955,independent_recurrence
585,13,1,600,1,-39,0.3806296682778633,propagation
585,13,2,600,1,189,0.6492768319372938,independent_recurrence
585,13,3,600,1,-62,-0.4514459115728561,independent_recurrence
585,13,4,600,1,-118,0.5948929236322963,independent_recurrence
585,13,5,600,1,-116,-0.7887185674312145,independent_recurrence
585,13,6,600,1,-158,-0.5334997496016453,independent_recurrence
585,13,7,600,1,-103,0.6892487675821037,independent_recurrence
585,13,8,600,1,37,0.6014394630217219,propagation
585,13,9,600,1,74,0.8333510022356053,independent_recurrence
585,13,10,600,1,-58,0.5932700214190185,independent_recurrence
585,13,11,600,1,17,0.6400995510186653,propagation
585,13,12,600,1,-57,0.7344815434637957,independent_recurrence
585,13,14,600,1,54,0.6999636604442192,independent_recurrence
585,13,15,600,1,-82,-0.6558765871461748,independent_recurrence
600,1,0,600,1,-97,0.565207514625802,independent_recurrence
600,1,2,600,1,0,-0.7715574211108406,propagation
600,1,3,600,1,-520,0.48211051206180844,independent_recurrence
600,1,4,600,1,-525,-0.5229491247853042,independent_recurrence
600,1,5,600,1,-327,-0.6705192668225685,independent_recurrence
600,1,6,600,1,-502,-0.5571513083276154,independent_recurrence
600,1,7,600,1,-114,-0.4162870432043792,independent_recurrence
600,1,8,600,1,-187,-0.4711234464187113,independent_recurrence
600,1,9,600,1,-110,0.4474860745455497,independent_recurrence
600,1,10,600,1,-516,-0.4370484060586085,independent_recurrence
600,1,11,600,1,-518,-0.5027370736106236,independent_recurrence
600,1,12,600,1,-144,-0.5583538591457905,independent_recurrence
600,1,13,600,1,0,0.5918379977707334,propagation
600,1,14,600,1,-525,-0.5508012966089818,independent_recurrence
600,1,15,600,1,-5,0.46926054277901186,propagation
612,12,0,600,1,-7,0.6376222349651259,propagation
612,12,1,600,1,-250,-0.5857490732204819,independent_recurrence
612,12,2,600,1,37,0.8842870517044927,propagation
612,12,3,600,1,-12,0.8376970759283243,propagation
612,12,4,600,1,-30,0.6210995414348832,propagation
612,12,5,600,1,-187,-0.6954641389962918,independent_recurrence
612,12,6,600,1,2,0.7961466941938902,propagation
612,12,7,600,1,-484,0.657132601245228,independent_recurrence
612,12,8,600,1,-80,-0.7292473397760592,independent_recurrence
612,12,9,600,1,0,0.8775941673040953,propagation
612,12,10,600,1,-122,0.6922788752107735,independent_recurrence
612,12,11,600,1,0,-0.7414820534392403,propagation
612,12,13,600,1,0,-0.7277751490975676,propagation
612,12,14,600,1,-129,0.676174022689097,independent_recurrence
612,12,15,600,1,-73,0.7272950762361884,independent_recurrence
621,11,0,600,1,297,-0.5218261680379818,independent_recurrence
621,11,1,600,1,531,0.4072476271464746,independent_recurrence
621,11,2,600,1,531,0.49465698332709107,independent_recurrence
621,11,3,600,1,172,-0.4137054196607571,independent_recurrence
621,11,4,600,1,110,0.4745604836746344,independent_recurrence
621,11,5,600,1,349,0.5820415271558281,independent_recurrence
621,11,6,600,1,530,0.4423530423461934,independent_recurrence
621,11,7,600,1,40,0.38952106971561185,propagation
621,11,8,600,1,184,-0.40389114336021964,independent_recurrence
621,11,9,600,1,254,-0.4978059274619462,independent_recurrence
621,11,10,600,1,0,-0.4021529664180565,propagation
621,11,12,600,1,66,-0.5312253967336538,independent_recurrence
621,11,13,600,1,273,-0.5120577448440599,independent_recurrence
621,11,14,600,1,535,-0.46941292507009164,independent_recurrence
621,11,15,600,1,173,-0.6375890781871923,independent_recurrence
622,1,0,600,1,205,-0.7038226979084107,independent_recurrence
622,1,2,600,1,0,0.5501280260232441,propagation
622,1,3,600,1,28,0.5179788477580222,propagation
622,1,4,600,1,0,0.6813136143729192,propagation
622,1,5,600,1,173,-0.5312547043462836,independent_recurrence
622,1,6,600,1,13,-0.5267903492342799,propagation
622,1,7,600,1,14,-0.5169020807542245,propagation
622,1,8,600,1,12,-0.5842128670359006,propagation
622,1,9,600,1,28,-0.44907353315403253,propagation
622,1,10,600,1,13,-0.5341710827233518,propagation
622,1,11,600,1,26,-0.487664388344694,propagation
622,1,12,600,1,32,-0.5168497731995013,propagation
622,1,13,600,1,173,0.5393052497726991,independent_recurrence
622,1,14,600,1,0,0.5581663732992077,propagation
622,1,15,600,1,0,0.6166752626747264,propagation
623,6,0,600,1,1,-0.6446797916951634,propagation
623,6,1,600,1,0,-0.8202258011672666,propagation
623,6,2,600,1,0,0.8564394388038166,propagation
623,6,3,600,1,0,-0.7172103317605208,propagation
623,6,4,600,1,0,0.8562441309178791,propagation
623,6,5,600,1,0,0.46648305691023834,propagation
623,6,7,600,1,-81,0.5506182006604736,independent_recurrence
623,6,8,600,1,0,0.8595572663575289,propagation
623,6,9,600,1,0,0.8302082316165261,propagation
623,6,10,600,1,0,0.7130986483794339,propagation
623,6,11,600,1,0,0.7636541839983082,propagation
623,6,12,600,1,-200,0.7076089848020349,independent_recurrence
623,6,13,600,1,0,0.7904065303452718,propagation
623,6,14,600,1,0,-0.8716124489113247,propagation
623,6,15,600,1,0,0.7675879550165516,propagation
632,6,0,600,1,-284,0.3506275480226595,independent_recurrence
632,6,1,600,1,-174,0.42383775292327464,independent_recurrence
632,6,2,600,1,-284,0.3420299070897014,independent_recurrence
632,6,3,600,1,-60,0.5068324634719253,independent_recurrence
632,6,4,600,1,-285,-0.40850042206748205,independent_recurrence
632,6,5,600,1,-173,0.37318512442025054,independent_recurrence
632,6,7,600,1,-157,-0.3350446316824903,independent_recurrence
632,6,8,600,1,-285,-0.510665119295588,independent_recurrence
632,6,9,600,1,-284,0.3153178717488627,independent_recurrence
632,6,10,600,1,-284,0.31899207152032893,independent_recurrence
632,6,11,600,1,-284,0.33216342973044244,independent_recurrence
632,6,12,600,1,-167,-0.4089909504264476,independent_recurrence
632,6,13,600,1,-94,-0.41766087697400567,independent_recurrence
632,6,14,600,1,-11,0.36847307610038893,propagation
632,6,15,600,1,-39,-0.5260014708926858,propagation
639,3,0,600,1,70,0.6686788957904339,independent_recurrence
639,3,1,600,1,-378,0.6175595277430123,independent_recurrence
639,3,2,600,1,-81,-0.6171438811515955,independent_recurrence
639,3,4,600,1,-378,-0.6039559390785016,independent_recurrence
639,3,5,600,1,139,-0.62617387843773,independent_recurrence
639,3,6,600,1,10,-0.6455006172910374,propagation
639,3,7,600,1,-26,0.6759261517084015,propagation
639,3,8,600,1,0,0.7390781513224867,propagation
639,3,9,600,1,-351,0.6195708770085222,independent_recurrence
639,3,10,600,1,143,-0.6034973538272121,independent_recurrence
639,3,11,600,1,143,-0.47063606012217385,independent_recurrence
639,3,12,600,1,74,0.7239124005246839,independent_recurrence
639,3,13,600,1,0,0.5507539563747011,propagation
639,3,14,600,1,10,-0.6818823041177834,propagation
639,3,15,600,1,-32,0.756223923394546,propagation
645,7,0,600,1,101,0.43175763794542166,independent_recurrence
645,7,1,600,1,0,0.7924420922027493,propagation
645,7,2,600,1,7,0.4587522919345679,propagation
645,7,3,600,1,-155,0.3788720250790276,independent_recurrence
645,7,4,600,1,-59,0.47606340502836797,independent_recurrence
645,7,5,600,1,-57,-0.46923422908497364,independent_recurrence
645,7,6,600,1,-19,-0.5393836361185832,propagation
645,7,8,600,1,0,0.8366936499331159,propagation
645,7,9,600,1,20,-0.566809836149905,propagation
645,7,10,600,1,0,0.6312313485180581,propagation
645,7,11,600,1,0,0.9067143889990305,propagation
645,7,12,600,1,-61,-0.5823540137644947,independent_recurrence
645,7,13,600,1,0,0.7708494725125928,propagation
645,7,14,600,1,0,0.868092751464698,propagation
645,7,15,600,1,0,0.5867961107415545,propagation
647,2,0,600,1,88,-0.641893103177121,independent_recurrence
647,2,1,600,1,88,-0.7563468527686171,independent_recurrence
647,2,3,600,1,66,0.640810615180823,independent_recurrence
647,2,4,600,1,88,0.7148696735535144,independent_recurrence
647,2,5,600,1,88,-0.7971450782074451,independent_recurrence
647,2,6,600,1,89,0.5810108755232976,independent_recurrence
647,2,7,600,1,88,0.7685445702332792,independent_recurrence
647,2,8,600,1,88,-0.6640942235586031,independent_recurrence
647,2,9,600,1,89,0.829492589237153,independent_recurrence
647,2,10,600,1,88,-0.7420521785732729,independent_recurrence
647,2,11,600,1,63,-0.6735310408301761,independent_recurrence
647,2,12,600,1,88,-0.6856037540958095,independent_recurrence
647,2,13,600,1,28,-0.6641657077682688,propagation
647,2,14,600,1,-253,0.4249241684654745,independent_recurrence
647,2,15,600,1,-336,0.5215962500460002,independent_recurrence
653,15,0,600,1,-260,0.6746878687828177,independent_recurrence
653,15,1,600,1,-193,0.5811913536341897,independent_recurrence
653,15,2,600,1,17,0.8024140180357078,propagation
653,15,3,600,1,-193,-0.571514979624635,independent_recurrence
653,15,4,600,1,-193,0.6243522267108326,independent_recurrence
653,15,5,600,1,290,0.5942575650678021,independent_recurrence
653,15,6,600,1,194,0.3801569310328143,independent_recurrence
653,15,7,600,1,239,0.7022007996550184,independent_recurrence
653,15,8,600,1,-189,0.6582910189456459,independent_recurrence
653,15,9,600,1,-159,-0.7050996252222289,independent_recurrence
653,15,10,600,1,-131,0.5165898458598474,independent_recurrence
653,15,11,600,1,-226,-0.7316001021449235,independent_recurrence
653,15,12,600,1,-67,-0.786969436750584,independent_recurrence
653,15,13,600,1,20,-0.8721556090803837,propagation
653,15,14,600,1,-190,0.7028825066523151,independent_recurrence
660,3,0,600,1,22,0.34561218706604774,propagation
660,3,1,600,1,-292,0.3718934027496126,independent_recurrence
660,3,2,600,1,38,0.4107804200458943,propagation
660,3,4,600,1,-102,-0.414795170107599,independent_recurrence
660,3,5,600,1,76,-0.4537374251677266,independent_recurrence
660,3,6,600,1,85,-0.41605645689539195,independent_recurrence
660,3,7,600,1,15,-0.43169238661599346,propagation
660,3,8,600,1,0,0.6935434529696122,propagation
660,3,9,600,1,48,-0.4712977606944054,propagation
660,3,10,600,1,89,0.41592292314468166,independent_recurrence
660,3,11,600,1,30,-0.4216488737112268,propagation
660,3,12,600,1,-341,-0.39057980756926347,independent_recurrence
660,3,13,600,1,26,0.3994496038143102,propagation
660,3,14,600,1,85,-0.40318796100988424,independent_recurrence
660,3,15,600,1,85,0.4175247583968734,independent_recurrence
666,11,0,600,1,74,0.7821061904457111,independent_recurrence
666,11,1,600,1,9,0.6404870509808501,propagation
666,11,2,600,1,104,-0.5537786985896456,independent_recurrence
666,11,3,600,1,134,0.7224732014043838,independent_recurrence
666,11,4,600,1,97,-0.7068347860471105,independent_recurrence
666,11,5,600,1,55,-0.6018652548380059,independent_recurrence
666,11,6,600,1,231,-0.4933732870314024,independent_recurrence
666,11,7,600,1,118,0.6742605911876828,independent_recurrence
666,11,8,600,1,0,-0.5401531118640941,propagation
666,11,9,600,1,0,-0.7800157533496638,propagation
666,11,10,600,1,197,-0.6409882948585748,independent_recurrence
666,11,12,600,1,85,-0.6988065148010327,independent_recurrence
666,11,13,600,1,134,-0.5599116347643135,independent_recurrence
666,11,14,600,1,406,0.4297618615124135,independent_recurrence
666,11,15,600,1,95,-0.75089671693511,independent_recurrence
675,8,0,600,1,10,-0.6384017493945909,propagation
675,8,1,600,1,31,-0.47986299060833215,propagation
675,8,2,600,1,25,0.6911359490111875,propagation
675,8,3,600,1,22,0.6634031530021846,propagation
675,8,4,600,1,0,0.6758308183150267,propagation
675,8,5,600,1,22,-0.6943091896461815,propagation
675,8,6,600,1,60,-0.6962617089190548,independent_recurrence
675,8,7,600,1,22,-0.5908147727724966,propagation
675,8,9,600,1,-5,-0.6554386867100948,propagation
675,8,10,600,1,18,0.5631583062437402,propagation
675,8,11,600,1,84,0.6163595614772205,independent_recurrence
675,8,12,600,1,0,0.7066238149437739,propagation
675,8,13,600,1,52,0.5980257797338941,independent_recurrence
675,8,14,600,1,-22,-0.5427679410903914,propagation
675,8,15,600,1,24,0.6553474543406291,propagation
685,7,0,600,1,-175,-0.6909020685306941,independent_recurrence
685,7,1,600,1,-90,0.6125682778278787,independent_recurrence
685,7,2,600,1,-80,-0.696229254768021,independent_recurrence
685,7,3,600,1,-56,0.8596174807088718,independent_recurrence
685,7,4,600,1,-464,-0.6132479099712986,independent_recurrence
685,7,5,600,1,0,-0.7136965833457284,propagation
685,7,6,600,1,0,-0.6714751437655957,propagation
685,7,8,600,1,-298,-0.6676333426289807,independent_recurrence
685,7,9,600,1,-71,-0.6537088077824066,independent_recurrence
685,7,10,600,1,-298,0.5846787160275478,independent_recurrence
685,7,11,600,1,-330,0.5239812917707461,independent_recurrence
685,7,12,600,1,-18,-0.5340473923193517,propagation
685,7,13,600,1,0,-0.6903070648735425,propagation
685,7,14,600,1,-455,-0.685742758939323,independent_recurrence
685,7,15,600,1,-154,-0.4978781948455715,independent_recurrence
691,3,0,600,1,0,0.8877802128808157,propagation
691,3,1,600,1,0,0.9184084043792018,propagation
691,3,2,600,1,0,0.8717525494787547,propagation
691,3,4,600,1,0,0.9353091303402581,propagation
691,3,5,600,1,0,0.9082019031124919,propagation
691,3,6,600,1,45,-0.695314469539265,propagation
691,3,7,600,1,-1,-0.9021342684652773,propagation
691,3,8,600,1,58,0.7770281512134266,independent_recurrence
691,3,9,600,1,0,0.9742941644815839,propagation
691,3,10,600,1,0,0.9589746753033443,propagation
691,3,11,600,1,0,0.9315312690285824,propagation
691,3,12,600,1,0,0.28385525177095206,propagation
691,3,13,600,1,0,0.9530324258960744,propagation
691,3,14,600,1,0,0.9604678501375622,propagation
691,3,15,600,1,0,-0.7988190816433641,propagation
701,12,0,600,1,172,0.7981311115404552,independent_recurrence
701,12,1,600,1,94,-0.5215281300221222,independent_recurrence
701,12,2,600,1,-17,-0.669719999516488,propagation
701,12,3,600,1,115,0.8959893092280414,independent_recurrence
701,12,4,600,1,-32,-0.882000495206612,propagation
701,12,5,600,1,54,-0.5758097157368481,independent_recurrence
701,12,6,600,1,432,-0.48172924995112737,independent_recurrence
701,12,7,600,1,-2,-0.5320580504076274,propagation
701,12,8,600,1,208,0.5533657315943019,independent_recurrence
701,12,9,600,1,211,-0.5725039103814042,independent_recurrence
701,12,10,600,1,262,0.6234914515726393,independent_recurrence
701,12,11,600,1,-27,0.43066888424782823,propagation
701,12,13,600,1,41,-0.5376697032120912,propagation
701,12,14,600,1,103,-0.7171061701899547,independent_recurrence
701,12,15,600,1,173,-0.8574956370605588,independent_recurrence
702,4,0,600,1,24,0.6529782158081809,propagation
702,4,1,600,1,163,0.7939339257326862,independent_recurrence
702,4,2,600,1,0,0.7492628557481658,propagation
702,4,3,600,1,162,0.6172779770144067,independent_recurrence
702,4,5,600,1,1,-0.7329135103666021,propagation
702,4,6,600,1,0,-0.71530056557237,propagation
702,4,7,600,1,0,0.7382000491551362,propagation
702,4,8,600,1,0,-0.6706336414134431,propagation
702,4,9,600,1,0,0.6309101280674382,propagation
702,4,10,600,1,1,-0.6993801099065297,propagation
702,4,11,600,1,0,-0.6826765250166386,propagation
702,4,12,600,1,130,-0.6572388437785408,independent_recurrence
702,4,13,600,1,0,0.5925579549541099,propagation
702,4,14,600,1,0,-0.8318163722208748,propagation
702,4,15,600,1,0,0.5143134125846794,propagation
709,4,0,600,1,470,-0.5990856400741387,independent_recurrence
709,4,1,600,1,0,-0.6312208066775903,propagation
709,4,2,600,1,0,-0.8119449455378968,propagation
709,4,3,600,1,0,0.57749669312132,propagation
709,4,5,600,1,0,-0.8211620408519295,propagation
709,4,6,600,1,2,-0.6659430753607236,propagation
709,4,7,600,1,0,-0.8277008674613184,propagation
709,4,8,600,1,0,-0.8808357300994768,propagation
709,4,9,600,1,118,-0.6057361642398141,independent_recurrence
709,4,10,600,1,169,0.5592983369998581,independent_recurrence
709,4,11,600,1,0,-0.6635828223796233,propagation
709,4,12,600,1,0,0.5915768470614631,propagation
709,4,13,600,1,0,-0.8441883129649331,propagation
709,4,14,600,1,30,0.520757950354177,propagation
709,4,15,600,1,330,-0.40271265759582053,independent_recurrence
710,11,0,600,1,-4,-0.6167323705285654,propagation
710,11,1,600,1,0,0.5744002476607778,propagation
710,11,2,600,1,-69,0.5997498825425889,independent_recurrence
710,11,3,600,1,-79,0.5523613863246258,independent_recurrence
710,11,4,600,1,0,0.8096603187021844,propagation
710,11,5,600,1,0,0.7383663696743763,propagation
710,11,6,600,1,0,0.8054814342550456,propagation
710,11,7,600,1,-1,-0.8359169359531603,propagation
710,11,8,600,1,-1,-0.8413244602259581,propagation
710,11,9,600,1,-4,-0.6281516589977844,propagation
710,11,10,600,1,0,-0.6403673476859152,propagation
710,11,12,600,1,1,-0.6118510214446553,propagation
710,11,13,600,1,-1,-0.6896000823533851,propagation
710,11,14,600,1,-1,-0.7941054431954954,propagation
710,11,15,600,1,-1,-0.7956005252365048,propagation
719,5,0,600,1,319,-0.5957206735301848,independent_recurrence
719,5,1,600,1,259,0.5693426605507701,independent_recurrence
719,5,2,600,1,267,0.8613223909828834,independent_recurrence
719,5,3,600,1,283,0.4991495799372319,independent_recurrence
719,5,4,600,1,83,0.7992743867524683,independent_recurrence
719,5,6,600,1,233,-0.6617181230636313,independent_recurrence
719,5,7,600,1,60,-0.6391551622549897,independent_recurrence
719,5,8,600,1,-14,0.6758081005689203,propagation
719,5,9,600,1,-1,-0.7649755355117549,propagation
719,5,10,600,1,-193,-0.5092169897951457,independent_recurrence
719,5,11,600,1,199,0.744087263566819,independent_recurrence
719,5,12,600,1,293,0.6689220206598527,independent_recurrence
719,5,13,600,1,265,0.6534599226867976,independent_recurrence
719,5,14,600,1,0,0.7757990244002535,propagation
719,5,15,600,1,-189,-0.5208687302925438,independent_recurrence
723,4,0,600,1,26,-0.7918601364696326,propagation
723,4,1,600,1,0,0.72992180521159,propagation
723,4,2,600,1,-29,-0.3553770482793628,propagation
723,4,3,600,1,155,0.6277690653423385,independent_recurrence
723,4,5,600,1,0,0.8329888508462976,propagation
723,4,6,600,1,0,-0.7928968549352098,propagation
723,4,7,600,1,0,0.7915795619175517,propagation
723,4,8,600,1,36,0.7481632886126084,propagation
723,4,9,600,1,46,0.783644521760206,propagation
723,4,10,600,1,268,0.6635896792000486,independent_recurrence
723,4,11,600,1,-1,-0.7238796063224804,propagation
723,4,12,600,1,-23,0.9140438942549923,propagation
723,4,13,600,1,-100,-0.29436662778365974,independent_recurrence
723,4,14,600,1,-13,0.7921423576888104,propagation
723,4,15,600,1,0,-0.7900767302745632,propagation
724,0,1,600,1,-173,-0.6402338953964757,independent_recurrence
724,0,2,600,1,0,-0.7946749491041438,propagation
724,0,3,600,1,1,-0.4096291328799589,propagation
724,0,4,600,1,0,-0.9259916852238013,propagation
724,0,5,600,1,-119,0.7625442804788365,independent_recurrence
724,0,6,600,1,0,-0.886907474438051,propagation
724,0,7,600,1,-42,-0.6624701300451632,propagation
724,0,8,600,1,18,-0.8528170830625641,propagation
724,0,9,600,1,0,-0.6737766544638775,propagation
724,0,10,600,1,-496,-0.4824925759455267,independent_recurrence
724,0,11,600,1,-106,0.42429332223461796,independent_recurrence
724,0,12,600,1,0,0.7032489507357107,propagation
724,0,13,600,1,-275,-0.479029155624067,independent_recurrence
724,0,14,600,1,-143,-0.6173710404449259,independent_recurrence
724,0,15,600,1,-19,0.4747639289096058,propagation
742,5,0,600,1,226,-0.4573265437092624,independent_recurrence
742,5,1,600,1,-377,0.35688337133891707,independent_recurrence
742,5,2,600,1,-375,0.2887773055536433,independent_recurrence
742,5,3,600,1,225,0.3562320449584822,independent_recurrence
742,5,4,600,1,225,0.42415249400193783,independent_recurrence
742,5,6,600,1,212,0.40150227159967833,independent_recurrence
742,5,7,600,1,226,-0.5603029541146507,independent_recurrence
742,5,8,600,1,-378,0.5009750381846988,independent_recurrence
742,5,9,600,1,-175,0.6670502045417896,independent_recurrence
742,5,10,600,1,217,-0.4561547919607248,independent_recurrence
742,5,11,600,1,225,-0.3554276802851913,independent_recurrence
742,5,12,600,1,226,-0.3681758423989098,independent_recurrence
742,5,13,600,1,225,-0.36596849834990386,independent_recurrence
742,5,14,600,1,221,-0.5195159033592242,independent_recurrence
742,5,15,600,1,-377,0.3637037710653294,independent_recurrence
750,8,0,600,1,123,0.7007378979431517,independent_recurrence
750,8,1,600,1,-100,0.7857275251290717,independent_recurrence
750,8,2,600,1,-1,-0.7809811692579988,propagation
750,8,3,600,1,-36,0.7436545509844305,propagation
750,8,4,600,1,25,-0.7521318084259502,propagation
750,8,5,600,1,-99,0.7838479327637361,independent_recurrence
750,8,6,600,1,-133,-0.594547234703021,independent_recurrence
750,8,7,600,1,60,0.8474879672285895,independent_recurrence
750,8,9,600,1,-61,-0.6705366535749253,independent_recurrence
750,8,10,600,1,54,-0.5194489995657053,independent_recurrence
750,8,11,600,1,48,0.4963091116630478,propagation
750,8,12,600,1,-32,0.8411208212015362,propagation
750,8,13,600,1,-126,0.8161826085356908,independent_recurrence
750,8,14,600,1,48,0.8373272835378158,propagation
750,8,15,600,1,26,-0.7633500734530575,propagation
754,15,0,600,1,0,0.8551937390271785,propagation
754,15,1,600,1,2,-0.7001439245984652,propagation
754,15,2,600,1,0,-0.8577897703791891,propagation
754,15,3,600,1,-410,0.20724661130180094,independent_recurrence
754,15,4,600,1,0,-0.868915246447884,propagation
754,15,5,600,1,1,-0.8784000049160907,propagation
754,15,6,600,1,2,-0.8071226247333834,propagation
754,15,7,600,1,1,-0.8345762548538105,propagation
754,15,8,600,1,1,-0.8575138056958813,propagation
754,15,9,600,1,-129,-0.2360537486966419,independent_recurrence
754,15,10,600,1,0,0.726846354371675,propagation
754,15,11,600,1,0,0.8414379815447878,propagation
754,15,12,600,1,0,0.8593677416662994,propagation
754,15,13,600,1,0,0.8779325688060101,propagation
754,15,14,600,1,-1,-0.7663960711929256,propagation
757,4,0,600,1,-69,-0.41799301824945456,independent_recurrence
757,4,1,600,1,-52,-0.4490314622373462,independent_recurrence
757,4,2,600,1,-38,0.5605669601093122,propagation
757,4,3,600,1,-6,-0.4217488199438431,propagation
757,4,5,600,1,-38,-0.5664507045672291,propagation
757,4,6,600,1,-38,-0.5580047326680841,propagation
757,4,7,600,1,-38,0.5774240110176954,propagation
757,4,8,600,1,264,0.5008049545185923,independent_recurrence
757,4,9,600,1,-38,0.5546979703750554,propagation
757,4,10,600,1,-38,-0.5272331892005119,propagation
757,4,11,600,1,-38,-0.49847425912402626,propagation
757,4,12,600,1,-38,-0.552934549908958,propagation
757,4,13,600,1,-38,-0.532750873240965,propagation
757,4,14,600,1,-38,0.4305976802195001,propagation
757,4,15,600,1,135,0.6286242082340304,independent_recurrence
760,7,0,600,1,-21,-0.6362798053853124,propagation
760,7,1,600,1,-12,-0.6540080839207962,propagation
760,7,2,600,1,0,-0.6838009863862957,propagation
760,7,3,600,1,13,0.6427064258559727,propagation
760,7,4,600,1,-86,0.7939113446505967,independent_recurrence
760,7,5,600,1,0,-0.6533350953038344,propagation
760,7,6,600,1,-413,-0.5814238773909434,independent_recurrence
760,7,8,600,1,-77,0.6382713328822357,independent_recurrence
760,7,9,600,1,0,0.6540847865295963,propagation
760,7,10,600,1,0,0.7427883770517373,propagation
760,7,11,600,1,0,0.7029410584441714,propagation
760,7,12,600,1,0,0.7070449057343385,propagation
760,7,13,600,1,-177,0.8272744696585942,independent_recurrence
760,7,14,600,1,0,-0.6373084430494355,propagation
760,7,15,600,1,-276,0.6810713124523937,independent_recurrence
763,15,0,600,1,553,0.2431524152909923,independent_recurrence
763,15,1,600,1,81,-0.3294268322559072,independent_recurrence
763,15,2,600,1,93,-0.24753029319612888,independent_recurrence
763,15,3,600,1,0,0.2746833068305511,propagation
763,15,4,600,1,-54,-0.243524471086212,independent_recurrence
763,15,5,600,1,0,-0.21214055818501498,propagation
763,15,6,600,1,188,0.43161557661936245,independent_recurrence
763,15,7,600,1,-87,-0.19610013209996013,independent_recurrence
763,15,8,600,1,90,-0.2245303272955472,independent_recurrence
763,15,9,600,1,553,0.22121585819004375,independent_recurrence
763,15,10,600,1,90,-0.2353295986052879,independent_recurrence
763,15,11,600,1,555,0.2785631903848625,independent_recurrence
763,15,12,600,1,0,0.2991952914975834,propagation
763,15,13,600,1,-219,-0.18899261221704924,independent_recurrence
763,15,14,600,1,554,-0.2729517086684959,independent_recurrence
772,14,0,600,1,-134,0.6524739422666996,independent_recurrence
772,14,1,600,1,6,0.563636915823299,propagation
772,14,2,600,1,0,-0.737232397934573,propagation
772,14,3,600,1,154,-0.7248526309962523,independent_recurrence
772,14,4,600,1,0,-0.5498021162236671,propagation
772,14,5,600,1,0,0.709467479909859,propagation
772,14,6,600,1,0,0.7479850435355705,propagation
772,14,7,600,1,0,0.7006497762670352,propagation
772,14,8,600,1,6,0.6234667183804188,propagation
772,14,9,600,1,24,0.6436237618899044,propagation
772,14,10,600,1,0,0.7738073518369265,propagation
772,14,11,600,1,0,0.7877213875922647,propagation
772,14,12,600,1,0,-0.7094866993702864,propagation
772,14,13,600,1,0,-0.7065904361940206,propagation
772,14,15,600,1,0,-0.7303907099081811,propagation
775,2,0,600,1,0,-0.6054926672868947,propagation
775,2,1,600,1,0,-0.6162600213068739,propagation
775,2,3,600,1,-5,-0.5334499185323651,propagation
775,2,4,600,1,293,-0.4325384667845897,independent_recurrence
775,2,5,600,1,0,-0.5327421965560661,propagation
775,2,6,600,1,0,-0.5080532580621315,propagation
775,2,7,600,1,-60,-0.647353108976548,independent_recurrence
775,2,8,600,1,-4,-0.4779811646965691,propagation
775,2,9,600,1,0,-0.58424684993479,propagation
775,2,10,600,1,0,-0.584860341507809,propagation
775,2,11,600,1,0,-0.617667868537099,propagation
775,2,12,600,1,0,-0.5783069065930012,propagation
775,2,13,600,1,0,-0.5764760097614224,propagation
775,2,14,600,1,0,-0.6004156816168766,propagation
775,2,15,600,1,0,-0.6124150538421013,propagation
776,9,0,600,1,-334,0.636160115444276,independent_recurrence
776,9,1,600,1,-164,-0.4044655292200061,independent_recurrence
776,9,2,600,1,-352,0.5814274196450552,independent_recurrence
776,9,3,600,1,13,0.610916044753207,propagation
776,9,4,600,1,-20,-0.43603172953647223,propagation
776,9,5,600,1,-489,-0.3335662640747422,independent_recurrence
776,9,6,600,1,-153,0.5282070193008244,independent_recurrence
776,9,7,600,1,-36,0.4149874735576272,propagation
776,9,8,600,1,-268,0.7314919262145751,independent_recurrence
776,9,10,600,1,-16,0.8348003834050483,propagation
776,9,11,600,1,7,0.6319156942783231,propagation
776,9,12,600,1,-87,-0.4166268839044705,independent_recurrence
776,9,13,600,1,-352,-0.4942789829728008,independent_recurrence
776,9,14,600,1,-9,-0.43049699659526547,propagation
776,9,15,600,1,-258,0.34677508573945925,independent_recurrence
790,6,0,600,1,-100,0.563137250236288,independent_recurrence
790,6,1,600,1,-99,0.5901415116879853,independent_recurrence
790,6,2,600,1,386,-0.46365836677787997,independent_recurrence
790,6,3,600,1,-91,-0.5427697809833492,independent_recurrence
790,6,4,600,1,-89,0.6531402959171415,independent_recurrence
790,6,5,600,1,101,0.7005401340993807,independent_recurrence
790,6,7,600,1,418,0.6515464356569022,independent_recurrence
790,6,8,600,1,-98,0.5797108323988512,independent_recurrence
790,6,9,600,1,-99,0.6387677716130375,independent_recurrence
790,6,10,600,1,-133,0.6163783891931474,independent_recurrence
790,6,11,600,1,-96,0.4510914881632892,independent_recurrence
790,6,12,600,1,383,0.5309924610210723,independent_recurrence
790,6,13,600,1,215,-0.5985720619565161,independent_recurrence
790,6,14,600,1,76,0.7365224607117201,independent_recurrence
790,6,15,600,1,70,0.6368367668265641,independent_recurrence
800,10,0,600,1,0,0.9729740028778195,propagation
800,10,1,600,1,103,-0.7573920474063304,independent_recurrence
800,10,2,600,1,1,-0.8407499298441723,propagation
800,10,3,600,1,89,-0.8987780409246413,independent_recurrence
800,10,4,600,1,16,0.8361938409678309,propagation
800,10,5,600,1,96,0.8732859308816873,independent_recurrence
800,10,6,600,1,98,0.6731211074119464,independent_recurrence
800,10,7,600,1,84,0.8669266553999728,independent_recurrence
800,10,8,600,1,84,0.8618219521015416,independent_recurrence
800,10,9,600,1,0,0.9918368024489181,artifact
800,10,11,600,1,0,0.9566854907625839,propagation
800,10,12,600,1,31,0.9297039447085313,propagation
800,10,13,600,1,0,0.9015329867670187,propagation
800,10,14,600,1,47,0.9248864406402855,propagation
800,10,15,600,1,56,0.9373526298599438,independent_recurrence
840,8,0,600,1,96,0.6749804147214207,independent_recurrence
840,8,1,600,1,298,0.4435973709323081,independent_recurrence
840,8,2,600,1,214,-0.6362263304039851,independent_recurrence
840,8,3,600,1,-23,0.6948258834465914,propagation
840,8,4,600,1,-14,-0.7379664568056433,propagation
840,8,5,600,1,183,0.5278763108936334,independent_recurrence
840,8,6,600,1,22,0.5515073858363375,propagation
840,8,7,600,1,42,-0.757680540596477,propagation
840,8,9,600,1,111,-0.7583075176819091,independent_recurrence
840,8,10,600,1,0,0.6607998084369184,propagation
840,8,11,600,1,1,-0.7659788110127317,propagation
840,8,12,600,1,-1,-0.8368113561255179,propagation
840,8,13,600,1,0,-0.8272911744249463,propagation
840,8,14,600,1,97,0.6623759916591496,independent_recurrence
840,8,15,600,1,0,0.7405440326354179,propagation
849,3,0,600,1,412,0.49020088124110855,independent_recurrence
849,3,1,600,1,-47,-0.763790531738206,propagation
849,3,2,600,1,346,0.6000551884293326,independent_recurrence
849,3,4,600,1,379,0.6659303840207118,independent_recurrence
849,3,5,600,1,-49,0.7812935137375091,propagation
849,3,6,600,1,-164,0.647352342457496,independent_recurrence
849,3,7,600,1,-40,0.7540751880413852,propagation
849,3,8,600,1,-41,0.758954429535524,propagation
849,3,9,600,1,-50,-0.7415088872882196,propagation
849,3,10,600,1,-147,-0.5601316575370717,independent_recurrence
849,3,11,600,1,-12,0.515842777170619,propagation
849,3,12,600,1,64,0.6396303738001937,independent_recurrence
849,3,13,600,1,0,0.7975655684675027,propagation
849,3,14,600,1,29,0.8427176136187337,propagation
849,3,15,600,1,-53,0.7388020842796961,independent_recurrence
860,6,0,600,1,79,0.6017018209019235,independent_recurrence
860,6,1,600,1,80,0.5891642519014301,independent_recurrence
860,6,2,600,1,79,0.5272497607280373,independent_recurrence
860,6,3,600,1,193,0.4227371293209501,independent_recurrence
860,6,4,600,1,139,-0.5532375918744107,independent_recurrence
860,6,5,600,1,-60,0.5919129880180538,independent_recurrence
860,6,7,600,1,0,0.4953828822121627,propagation
860,6,8,600,1,-102,-0.4821282925146549,independent_recurrence
860,6,9,600,1,79,0.6184627910685893,independent_recurrence
860,6,10,600,1,79,0.6103833752123593,independent_recurrence
860,6,11,600,1,79,0.5844384624386689,independent_recurrence
860,6,12,600,1,55,-0.5367356807432593,independent_recurrence
860,6,13,600,1,81,0.6035694167625436,independent_recurrence
860,6,14,600,1,79,0.6092492401410722,independent_recurrence
860,6,15,600,1,55,0.6514469302400306,independent_recurrence
861,5,0,600,1,23,-0.7596768792980435,propagation
861,5,1,600,1,0,0.6014031390702425,propagation
861,5,2,600,1,-10,0.7437529648362706,propagation
861,5,3,600,1,72,0.6813750243049351,independent_recurrence
861,5,4,600,1,144,-0.6669809406616322,independent_recurrence
861,5,6,600,1,34,-0.6239426272458847,propagation
861,5,7,600,1,-29,-0.555794062578978,propagation
861,5,8,600,1,-118,-0.49945389340778357,independent_recurrence
861,5,9,600,1,-57,-0.6183705061168361,independent_recurrence
861,5,10,600,1,-57,-0.6384779925603173,independent_recurrence
861,5,11,600,1,-129,-0.8513665778488918,independent_recurrence
861,5,12,600,1,-37,-0.5629504604522577,propagation
861,5,13,600,1,-24,-0.571707577249322,propagation
861,5,14,600,1,-60,-0.634240088022245,independent_recurrence
861,5,15,600,1,-25,-0.6231938677617972,propagation
866,9,0,600,1,-17,0.4801377178282091,propagation
866,9,1,600,1,0,0.8445156575336816,propagation
866,9,2,600,1,0,-0.7689211224764174,propagation
866,9,3,600,1,0,-0.8370723043984869,propagation
866,9,4,600,1,0,-0.7843852779675503,propagation
866,9,5,600,1,0,-0.7935521368650353,propagation
866,9,6,600,1,0,-0.798133690945321,propagation
866,9,7,600,1,0,-0.7179297820927126,propagation
866,9,8,600,1,0,-0.7707606481913458,propagation
866,9,10,600,1,0,-0.7738061670696725,propagation
866,9,11,600,1,0,-0.6434879854879987,propagation
866,9,12,600,1,0,-0.8279318360668159,propagation
866,9,13,600,1,0,0.7232040790739487,propagation
866,9,14,600,1,-126,-0.4977211866111848,independent_recurrence
866,9,15,600,1,0,-0.744208687269258,propagation
871,6,0,600,1,0,0.8385441635924178,propagation
871,6,1,600,1,-267,0.5977863883382531,independent_recurrence
871,6,2,600,1,-39,-0.8005016592573752,propagation
871,6,3,600,1,-139,0.695595353708925,independent_recurrence
871,6,4,600,1,0,-0.8089657762931493,propagation
871,6,5,600,1,0,0.8104923258115567,propagation
871,6,7,600,1,0,0.8144791697690268,propagation
871,6,8,600,1,0,0.8264302386805388,propagation
871,6,9,600,1,0,0.8183160276520433,propagation
871,6,10,600,1,0,0.8511322494283569,propagation
871,6,11,600,1,0,0.8405374922561067,propagation
871,6,12,600,1,-99,-0.6138143600042815,independent_recurrence
871,6,13,600,1,-233,0.38666945309303324,independent_recurrence
871,6,14,600,1,77,0.3574216568138979,independent_recurrence
871,6,15,600,1,-51,0.5785940315859892,independent_recurrence
886,6,0,600,1,46,0.7581075847070446,propagation
886,6,1,600,1,72,-0.4527937285415638,independent_recurrence
886,6,2,600,1,466,0.6282011611460346,independent_recurrence
886,6,3,600,1,43,-0.8016600880432366,propagation
886,6,4,600,1,168,-0.5703553450117057,independent_recurrence
886,6,5,600,1,110,0.7401761295099138,independent_recurrence
886,6,7,600,1,-72,0.815563471402055,independent_recurrence
886,6,8,600,1,48,0.5954904637691377,propagation
886,6,9,600,1,49,-0.5887456020983496,propagation
886,6,10,600,1,-1,-0.655739932799355,propagation
886,6,11,600,1,144,-0.6095971320007653,independent_recurrence
886,6,12,600,1,46,-0.6031365598986097,propagation
886,6,13,600,1,-27,-0.5922881402640113,propagation
886,6,14,600,1,47,0.7237460389101859,propagation
886,6,15,600,1,83,0.6662321934533975,independent_recurrence
890,14,0,600,1,256,-0.7438680495626746,independent_recurrence
890,14,1,600,1,-8,0.80089605138929,propagation
890,14,2,600,1,72,-0.6733791879287058,independent_recurrence
890,14,3,600,1,230,0.7435642702485292,independent_recurrence
890,14,4,600,1,-228,0.4977355010093084,independent_recurrence
890,14,5,600,1,56,0.5896136288516942,independent_recurrence
890,14,6,600,1,185,0.7060423180819965,independent_recurrence
890,14,7,600,1,160,0.4879141466561517,independent_recurrence
890,14,8,600,1,165,0.5702029235784839,independent_recurrence
890,14,9,600,1,-63,0.4848519197091995,independent_recurrence
890,14,10,600,1,-225,-0.5354684622903314,independent_recurrence
890,14,11,600,1,-223,0.4991715202536431,independent_recurrence
890,14,12,600,1,232,0.7357463806488591,independent_recurrence
890,14,13,600,1,138,-0.561076128483903,independent_recurrence
890,14,15,600,1,-248,-0.4450585280649225,independent_recurrence
897,2,0,600,1,0,0.9934027078956456,artifact
897,2,1,600,1,0,0.8048992979041142,propagation
897,2,3,600,1,12,-0.8005387727338028,propagation
897,2,4,600,1,0,-0.9960576359415914,propagation
897,2,5,600,1,178,0.6154407596393935,independent_recurrence
897,2,6,600,1,378,0.5185835310622753,independent_recurrence
897,2,7,600,1,0,0.8606755213315864,propagation
897,2,8,600,1,0,0.920498094324008,propagation
897,2,9,600,1,0,0.9836175482002177,propagation
897,2,10,600,1,0,0.6950487046534275,propagation
897,2,11,600,1,0,0.755090521347638,propagation
897,2,12,600,1,0,0.9474803581593094,propagation
897,2,13,600,1,0,0.97437215946027,propagation
897,2,14,600,1,0,0.975484342714727,propagation
897,2,15,600,1,0,0.9912999214053195,artifact
898,12,0,600,1,1,-0.6377852359690966,propagation
898,12,1,600,1,-546,0.4803237517647695,independent_recurrence
898,12,2,600,1,-126,0.7273001743591642,independent_recurrence
898,12,3,600,1,0,0.9334784274161916,propagation
898,12,4,600,1,0,-0.858794321099943,propagation
898,12,5,600,1,0,-0.8936652402478455,propagation
898,12,6,600,1,-77,-0.6529528497839768,independent_recurrence
898,12,7,600,1,0,-0.8560618204915774,propagation
898,12,8,600,1,-1,-0.8187549656770259,propagation
898,12,9,600,1,0,0.742670477742079,propagation
898,12,10,600,1,0,-0.681968323984798,propagation
898,12,11,600,1,0,-0.9418758613673051,propagation
898,12,13,600,1,-148,0.7049636661358575,independent_recurrence
898,12,14,600,1,0,0.9545523687930517,propagation
898,12,15,600,1,0,0.8114224927753027,propagation
901,2,0,600,1,-524,-0.7624049308815305,independent_recurrence
901,2,1,600,1,-524,-0.543363013136052,independent_recurrence
901,2,3,600,1,-220,-0.41676484287772714,independent_recurrence
901,2,4,600,1,-524,-0.5644547802966863,independent_recurrence
901,2,5,600,1,-102,-0.4587517691099896,independent_recurrence
901,2,6,600,1,0,0.5493233185762882,propagation
901,2,7,600,1,-524,-0.5538134099450811,independent_recurrence
901,2,8,600,1,-524,-0.568468955454275,independent_recurrence
901,2,9,600,1,0,0.5526647192302417,propagation
901,2,10,600,1,-497,0.503530795384679,independent_recurrence
901,2,11,600,1,-7,0.560310939468745,propagation
901,2,12,600,1,-81,-0.45574983304974115,independent_recurrence
901,2,13,600,1,0,-0.4606705128811278,propagation
901,2,14,600,1,-3,-0.4553648020760331,propagation
901,2,15,600,1,0,-0.4545828055381704,propagation
909,1,0,600,1,162,0.6656678557100822,independent_recurrence
909,1,2,600,1,0,-0.8790476533529382,propagation
909,1,3,600,1,-1,-0.7120816497962104,propagation
909,1,4,600,1,138,-0.4761899195079081,independent_recurrence
909,1,5,600,1,0,-0.8025412186574609,propagation
909,1,6,600,1,0,-0.7645141426879166,propagation
909,1,7,600,1,0,-0.6390611840677801,propagation
909,1,8,600,1,138,-0.7501604551211973,independent_recurrence
909,1,9,600,1,-21,-0.4849224867566114,propagation
909,1,10,600,1,0,0.8278767826640067,propagation
909,1,11,600,1,441,0.5297118393745479,independent_recurrence
909,1,12,600,1,0,0.7586179420602992,propagation
909,1,13,600,1,0,0.8382615083104702,propagation
909,1,14,600,1,0,-0.9452922997270133,propagation
909,1,15,600,1,0,0.7444515091591731,propagation
916,7,0,600,1,-21,0.7349645820493013,propagation
916,7,1,600,1,42,0.5724254631129481,propagation
916,7,2,600,1,0,-0.68544562790048,propagation
916,7,3,600,1,0,-0.6760007410091705,propagation
916,7,4,600,1,-504,0.6683805043921981,independent_recurrence
916,7,5,600,1,0,-0.7490181109070281,propagation
916,7,6,600,1,0,-0.6649547226412883,propagation
916,7,8,600,1,-244,0.6378435394909076,independent_recurrence
916,7,9,600,1,-6,-0.6862376847597909,propagation
916,7,10,600,1,-509,0.6114306111824185,independent_recurrence
916,7,11,600,1,-85,-0.5836150787335623,independent_recurrence
916,7,12,600,1,-91,-0.6889489263665565,independent_recurrence
916,7,13,600,1,0,-0.6603475683893164,propagation
916,7,14,600,1,-57,0.8437889249317816,independent_recurrence
916,7,15,600,1,-132,-0.639907955391505,independent_recurrence
924,15,0,600,1,0,0.5500223271207535,propagation
924,15,1,600,1,88,-0.6188468539688763,independent_recurrence
924,15,2,600,1,360,0.5428769319685204,independent_recurrence
924,15,3,600,1,502,0.40497659931398905,independent_recurrence
924,15,4,600,1,535,0.6757150355821976,independent_recurrence
924,15,5,600,1,1,-0.6156082566096707,propagation
924,15,6,600,1,276,-0.5562868538421308,independent_recurrence
924,15,7,600,1,231,0.41942805221327767,independent_recurrence
924,15,8,600,1,0,0.6046313473699304,propagation
924,15,9,600,1,536,-0.6248473104333624,independent_recurrence
924,15,10,600,1,375,0.4506739418495484,independent_recurrence
924,15,11,600,1,517,0.5284377575382903,independent_recurrence
924,15,12,600,1,1,-0.5976429672190812,propagation
924,15,13,600,1,448,-0.4554466198786753,independent_recurrence
924,15,14,600,1,87,-0.46318966643849746,independent_recurrence
925,6,0,600,1,-127,0.78707580824551,independent_recurrence
925,6,1,600,1,-178,0.5770191327636232,independent_recurrence
925,6,2,600,1,-175,0.6464086748399871,independent_recurrence
925,6,3,600,1,-169,0.5038501453752684,independent_recurrence
925,6,4,600,1,168,0.5173136661750382,independent_recurrence
925,6,5,600,1,-165,0.5534863987722964,independent_recurrence
925,6,7,600,1,191,0.7804830141084057,independent_recurrence
925,6,8,600,1,-152,0.6856508563040936,independent_recurrence
925,6,9,600,1,146,0.7969069870207828,independent_recurrence
925,6,10,600,1,90,0.7020624523230629,independent_recurrence
925,6,11,600,1,294,0.7183837736618952,independent_recurrence
925,6,12,600,1,265,-0.5379869694742591,independent_recurrence
925,6,13,600,1,-168,0.563188389691122,independent_recurrence
925,6,14,600,1,-171,0.4799585266315681,independent_recurrence
925,6,15,600,1,-163,0.5966438958023262,independent_recurrence
932,8,0,600,1,70,0.41180454684264256,independent_recurrence
932,8,1,600,1,0,0.34430002083326094,propagation
932,8,2,600,1,-84,-0.40908717671721123,independent_recurrence
932,8,3,600,1,-59,-0.36188587978302866,independent_recurrence
932,8,4,600,1,-82,-0.3309872835879044,independent_recurrence
932,8,5,600,1,-84,0.3881255505942924,independent_recurrence
932,8,6,600,1,-86,0.39957401494664957,independent_recurrence
932,8,7,600,1,579,-0.39952532381386274,independent_recurrence
932,8,9,600,1,0,0.3501609808609181,propagation
932,8,10,600,1,-23,0.41636370269901557,propagation
932,8,11,600,1,0,0.4445831241166975,propagation
932,8,12,600,1,-95,-0.3426553344593188,independent_recurrence
932,8,13,600,1,-25,0.33749787346029764,propagation
932,8,14,600,1,-189,0.2541584233822876,independent_recurrence
932,8,15,600,1,-276,0.3081028604743919,independent_recurrence
939,2,0,600,1,0,-0.9330356735237924,propagation
939,2,1,600,1,48,0.6987095577344078,propagation
939,2,3,600,1,495,0.5296268103766649,independent_recurrence
939,2,4,600,1,1,-0.9401960907879853,propagation
939,2,5,600,1,0,-0.9609689010656652,propagation
939,2,6,600,1,0,-0.9519032860781745,propagation
939,2,7,600,1,0,-0.8110767706238378,propagation
939,2,8,600,1,0,-0.9462097668307095,propagation
939,2,9,600,1,0,0.8625838364019365,propagation
939,2,10,600,1,-6,0.633289133482641,propagation
939,2,11,600,1,-11,0.9446580204196933,propagation
939,2,12,600,1,0,-0.9049593483861005,propagation
939,2,13,600,1,0,-0.9442898513092917,propagation
939,2,14,600,1,0,-0.7484908355305802,propagation
939,2,15,600,1,0,-0.832636448485462,propagation
940,13,0,600,1,0,-0.7965530385036883,propagation
940,13,1,600,1,-46,0.7171384954306687,propagation
940,13,2,600,1,-485,0.6714721482706866,independent_recurrence
940,13,3,600,1,0,-0.6002855644353586,propagation
940,13,4,600,1,-225,-0.5684372721699659,independent_recurrence
940,13,5,600,1,-485,0.602175241329502,independent_recurrence
940,13,6,600,1,-423,-0.561864041035468,independent_recurrence
940,13,7,600,1,-160,-0.5810796974998546,independent_recurrence
940,13,8,600,1,-370,0.5859886088502051,independent_recurrence
940,13,9,600,1,0,0.5565085263941447,propagation
940,13,10,600,1,-485,-0.6634636123718728,independent_recurrence
940,13,11,600,1,0,0.71109221859521,propagation
940,13,12,600,1,0,-0.6429805504720143,propagation
940,13,14,600,1,0,-0.6684217078010727,propagation
940,13,15,600,1,-482,0.5790825798370086,independent_recurrence
946,9,0,600,1,437,-0.6560911134085284,independent_recurrence
946,9,1,600,1,27,0.6840312866048149,propagation
946,9,2,600,1,-68,0.780750106501684,independent_recurrence
946,9,3,600,1,0,0.7268062124054272,propagation
946,9,4,600,1,0,0.8426478215001411,propagation
946,9,5,600,1,434,-0.6016847303166153,independent_recurrence
946,9,6,600,1,-9,0.6864004370352992,propagation
946,9,7,600,1,-41,0.8503232011267409,propagation
946,9,8,600,1,0,0.4299454985581349,propagation
946,9,10,600,1,426,-0.6698361872801912,independent_recurrence
946,9,11,600,1,176,0.4774674929815497,independent_recurrence
946,9,12,600,1,238,0.5424899442263239,independent_recurrence
946,9,13,600,1,-54,0.7595566520837979,independent_recurrence
946,9,14,600,1,279,-0.5870905909362235,independent_recurrence
946,9,15,600,1,-4,0.6479490259642309,propagation
947,5,0,600,1,-31,-0.541015231882185,propagation
947,5,1,600,1,-117,0.7673201738815018,independent_recurrence
947,5,2,600,1,299,-0.527387889873215,independent_recurrence
947,5,3,600,1,-168,-0.7871036411303166,independent_recurrence
947,5,4,600,1,299,0.429495059671525,independent_recurrence
947,5,6,600,1,74,-0.7808745524800893,independent_recurrence
947,5,7,600,1,-160,-0.6077697066276246,independent_recurrence
947,5,8,600,1,171,-0.4326585133925068,independent_recurrence
947,5,9,600,1,31,-0.5103924531801046,propagation
947,5,10,600,1,-101,0.5401412461717502,independent_recurrence
947,5,11,600,1,15,0.7903788013534102,propagation
947,5,12,600,1,-80,-0.4222940816297441,independent_recurrence
947,5,13,600,1,300,0.5045381100039122,independent_recurrence
947,5,14,600,1,-114,0.566714347189997,independent_recurrence
947,5,15,600,1,-97,-0.506595892375444,independent_recurrence
950,3,0,600,1,-552,0.5629302084487969,independent_recurrence
950,3,1,600,1,-94,-0.4403179906594063,independent_recurrence
950,3,2,600,1,-552,0.5212743050289509,independent_recurrence
950,3,4,600,1,-552,-0.7581569836545069,independent_recurrence
950,3,5,600,1,-76,0.6606108197331525,independent_recurrence
950,3,6,600,1,-98,-0.4506784859013867,independent_recurrence
950,3,7,600,1,-275,0.39791694688407525,independent_recurrence
950,3,8,600,1,-531,0.5997799704338983,independent_recurrence
950,3,9,600,1,-2,-0.4343191811624492,propagation
950,3,10,600,1,0,0.6413469561949858,propagation
950,3,11,600,1,-2,-0.4122739227509428,propagation
950,3,12,600,1,0,0.6717522293575168,propagation
950,3,13,600,1,-551,-0.4784251666097052,independent_recurrence
950,3,14,600,1,0,0.41442010585848077,propagation
950,3,15,600,1,0,0.6008414211244852,propagation
967,6,0,600,1,0,-0.5255921597382843,propagation
967,6,1,600,1,-400,0.4767408512147618,independent_recurrence
967,6,2,600,1,0,0.7077769138882738,propagation
967,6,3,600,1,-2,-0.6403619877013688,propagation
967,6,4,600,1,0,0.6425188782962271,propagation
967,6,5,600,1,0,0.6066507950158747,propagation
967,6,7,600,1,0,0.5987675420244541,propagation
967,6,8,600,1,0,0.7112047148232067,propagation
967,6,9,600,1,0,0.6545521207421033,propagation
967,6,10,600,1,-1,-0.6976854588366778,propagation
967,6,11,600,1,-42,-0.6448926558088919,propagation
967,6,12,600,1,-1,-0.7205472690447099,propagation
967,6,13,600,1,-2,-0.6032924233772504,propagation
967,6,14,600,1,-43,-0.580007305093444,propagation
967,6,15,600,1,0,-0.7551527307873424,propagation
968,7,0,600,1,0,-0.775191591594785,propagation
968,7,1,600,1,29,-0.7010041188071209,propagation
968,7,2,600,1,7,0.8331990345008685,propagation
968,7,3,600,1,-1,-0.8693871768853292,propagation
968,7,4,600,1,-152,-0.43623441661374784,independent_recurrence
968,7,5,600,1,0,0.9004062376312735,propagation
968,7,6,600,1,-121,0.5868474028910419,independent_recurrence
968,7,8,600,1,0,0.9153600338616826,propagation
968,7,9,600,1,0,0.7288406056764009,propagation
968,7,10,600,1,1,-0.8957934078263815,propagation
968,7,11,600,1,-1,-0.8327208046949885,propagation
968,7,12,600,1,-1,-0.8631052111475863,propagation
968,7,13,600,1,1,-0.7900748816314344,propagation
968,7,14,600,1,-1,-0.8160585842726982,propagation
968,7,15,600,1,-75,0.5270553060259163,independent_recurrence
984,15,0,600,1,-507,-0.6024962334317491,independent_recurrence
984,15,1,600,1,0,0.6595233320232334,propagation
984,15,2,600,1,-60,-0.6994944416377535,independent_recurrence
984,15,3,600,1,-249,-0.6822660740467904,independent_recurrence
984,15,4,600,1,-454,0.5821479588587185,independent_recurrence
984,15,5,600,1,-84,-0.6112934140010078,independent_recurrence
984,15,6,600,1,0,0.8973110977544158,propagation
984,15,7,600,1,-286,0.3975342607163445,independent_recurrence
984,15,8,600,1,-16,0.647111903264441,propagation
984,15,9,600,1,-22,-0.4137836903862418,propagation
984,15,10,600,1,0,0.6854268382889689,propagation
984,15,11,600,1,-8,0.6952960787109468,propagation
984,15,12,600,1,-230,0.5231570135504193,independent_recurrence
984,15,13,600,1,-23,-0.614670887109133,propagation
984,15,14,600,1,-465,-0.5405353947153171,independent_recurrence
993,2,0,600,1,8,-0.6144507224922813,propagation
993,2,1,600,1,0,0.6659393345572793,propagation
993,2,3,600,1,-87,0.4530517888165042,independent_recurrence
993,2,4,600,1,0,0.9027096178210744,propagation
993,2,5,600,1,0,-0.958993938372138,propagation
993,2,6,600,1,0,-0.8440409279351491,propagation
993,2,7,600,1,0,-0.70309948100402,propagation
993,2,8,600,1,0,-0.9398995090662545,propagation
993,2,9,600,1,1,-0.7985034890616767,propagation
993,2,10,600,1,2,-0.673381730885864,propagation
993,2,11,600,1,57,0.6067787087476753,independent_recurrence
993,2,12,600,1,0,-0.9054806624846715,propagation
993,2,13,600,1,0,-0.8884160296652936,propagation
993,2,14,600,1,0,-0.9316626447125219,propagation
993,2,15,600,1,0,-0.6825196142706867,propagation
995,2,0,600,1,26,0.38395222986684363,propagation
995,2,1,600,1,-229,-0.5829276143706876,independent_recurrence
995,2,3,600,1,0,0.9000326339900127,propagation
995,2,4,600,1,-211,-0.5652782386775901,independent_recurrence
995,2,5,600,1,0,-0.9164993230383726,propagation
995,2,6,600,1,-88,0.7184345522025811,independent_recurrence
995,2,7,600,1,-9,-0.7428966549725314,propagation
995,2,8,600,1,26,-0.4991529329133413,propagation
995,2,9,600,1,0,-0.8946657728702828,propagation
995,2,10,600,1,0,-0.8698157043067041,propagation
995,2,11,600,1,0,-0.9646726518052856,propagation
995,2,12,600,1,0,-0.9623734018844334,propagation
995,2,13,600,1,-15,-0.6639479572059858,propagation
995,2,14,600,1,-40,-0.587007255673854,propagation
995,2,15,600,1,6,-0.8409337718737979,propagation
996,9,0,600,1,94,0.736971486087695,independent_recurrence
996,9,1,600,1,92,0.6356321930074016,independent_recurrence
996,9,2,600,1,88,0.7508322779935216,independent_recurrence
996,9,3,600,1,91,0.6960381791430937,independent_recurrence
996,9,4,600,1,0,0.6804154640919445,propagation
996,9,5,600,1,37,-0.6855612120542421,propagation
996,9,6,600,1,188,-0.5274659683798979,independent_recurrence
996,9,7,600,1,154,-0.6677508260498487,independent_recurrence
996,9,8,600,1,-19,-0.7714538240746202,propagation
996,9,10,600,1,188,-0.6269854300571712,independent_recurrence
996,9,11,600,1,93,0.7088086362432627,independent_recurrence
996,9,12,600,1,89,0.7127528650879753,independent_recurrence
996,9,13,600,1,203,0.32577939918332227,independent_recurrence
996,9,14,600,1,90,0.5269029388644302,independent_recurrence
996,9,15,600,1,88,-0.7801759655041394,independent_recurrence
1011,5,0,600,1,-30,0.15469877486665093,propagation
1011,5,1,600,1,55,-0.6597419785270991,independent_recurrence
1011,5,2,600,1,528,0.4859024110877027,independent_recurrence
1011,5,3,600,1,0,0.9429058969000332,propagation
1011,5,4,600,1,0,0.9320255352043076,propagation
1011,5,6,600,1,0,-0.7587971369498486,propagation
1011,5,7,600,1,0,0.9923634535117111,artifact
1011,5,8,600,1,179,-0.5442262304193426,independent_recurrence
1011,5,9,600,1,46,-0.5827113529242359,propagation
1011,5,10,600,1,0,-0.8788741520902267,propagation
1011,5,11,600,1,63,-0.7674003202040786,independent_recurrence
1011,5,12,600,1,220,0.6056379515845061,independent_recurrence
1011,5,13,600,1,0,0.959250491499034,propagation
1011,5,14,600,1,-30,0.7210398264835179,propagation
1011,5,15,600,1,0,0.8233459007779125,propagation
1013,2,0,600,1,-115,0.5321902197395734,independent_recurrence
1013,2,1,600,1,-213,0.5781709770589526,independent_recurrence
1013,2,3,600,1,-103,-0.5893917302992535,independent_recurrence
1013,2,4,600,1,-116,-0.8098103849670811,independent_recurrence
1013,2,5,600,1,-8,-0.5997485668091891,propagation
1013,2,6,600,1,-141,-0.6442370542183964,independent_recurrence
1013,2,7,600,1,-207,0.8258358709267954,independent_recurrence
1013,2,8,600,1,-37,-0.8074468401670408,propagation
1013,2,9,600,1,-94,0.6386725945603146,independent_recurrence
1013,2,10,600,1,-213,0.5279297739467871,independent_recurrence
1013,2,11,600,1,-78,0.5320089811657286,independent_recurrence
1013,2,12,600,1,-57,0.5515401434555947,independent_recurrence
1013,2,13,600,1,-154,0.5479134595872136,independent_recurrence
1013,2,14,600,1,-133,0.7809844071568861,independent_recurrence
1013,2,15,600,1,-136,-0.5718691383720553,independent_recurrence
1024,12,0,600,1,25,0.8400636208714699,propagation
1024,12,1,600,1,116,-0.7703746893427628,independent_recurrence
1024,12,2,600,1,81,-0.6758758957090351,independent_recurrence
1024,12,3,600,1,69,0.6711428189510461,independent_recurrence
1024,12,4,600,1,92,0.875494545947048,independent_recurrence
1024,12,5,600,1,121,0.8402979893074168,independent_recurrence
1024,12,6,600,1,130,0.9079291915341783,independent_recurrence
1024,12,7,600,1,121,0.8193467303367586,independent_recurrence
1024,12,8,600,1,121,0.8170776183848887,independent_recurrence
1024,12,9,600,1,21,0.8659365286538233,propagation
1024,12,10,600,1,0,0.922837170444842,propagation
1024,12,11,600,1,4,0.9103191880227378,propagation
1024,12,13,600,1,169,-0.8036231476389908,independent_recurrence
1024,12,14,600,1,0,0.9759627274068797,propagation
1024,12,15,600,1,121,-0.7029197207265678,independent_recurrence
1025,5,0,600,1,-44,-0.7836377155678124,propagation
1025,5,1,600,1,0,-0.5771297644027955,propagation
1025,5,2,600,1,-130,-0.5145759220567483,independent_recurrence
1025,5,3,600,1,-19,-0.8192357288794881,propagation
1025,5,4,600,1,101,-0.6441639990622962,independent_recurrence
1025,5,6,600,1,0,0.8561238813806278,propagation
1025,5,7,600,1,95,0.748004815063447,independent_recurrence
1025,5,8,600,1,-35,-0.8609264953104171,propagation
1025,5,9,600,1,-40,-0.7296934870186539,propagation
1025,5,10,600,1,0,0.8686186785022839,propagation
1025,5,11,600,1,-38,-0.7497465727078331,propagation
1025,5,12,600,1,0,-0.9003656398803249,propagation
1025,5,13,600,1,-2,-0.8175136117872014,propagation
1025,5,14,600,1,-468,-0.4506856952765264,independent_recurrence
1025,5,15,600,1,-130,0.7141456162665464,independent_recurrence
1029,4,0,600,1,63,-0.31462346328510904,independent_recurrence
1029,4,1,600,1,8,0.6523722106437081,propagation
1029,4,2,600,1,248,0.3476549080997313,independent_recurrence
1029,4,3,600,1,154,0.5439474668266672,independent_recurrence
1029,4,5,600,1,215,0.3177389014447137,independent_recurrence
1029,4,6,600,1,17,0.4153961234487453,propagation
1029,4,7,600,1,-170,0.4754187415309963,independent_recurrence
1029,4,8,600,1,0,-0.2929386155565353,propagation
1029,4,9,600,1,0,-0.2845839403678342,propagation
1029,4,10,600,1,0,-0.40022896483741477,propagation
1029,4,11,600,1,245,-0.3614116793696825,independent_recurrence
1029,4,12,600,1,39,0.3202562882247277,propagation
1029,4,13,600,1,244,0.35935036013706023,independent_recurrence
1029,4,14,600,1,-1,-0.4297702834730136,propagation
1029,4,15,600,1,241,0.46778077666275786,independent_recurrence
1034,2,0,600,1,0,-0.9722183219116789,propagation
1034,2,1,600,1,0,0.987795900379387,propagation
1034,2,3,600,1,0,0.994980453985702,artifact
1034,2,4,600,1,305,0.2929396646530873,independent_recurrence
1034,2,5,600,1,0,-0.8795711692978013,propagation
1034,2,6,600,1,2,-0.6504402361964825,propagation
1034,2,7,600,1,0,-0.8360565160820123,propagation
1034,2,8,600,1,0,0.997445873198254,artifact
1034,2,9,600,1,0,-0.9918989241442576,propagation
1034,2,10,600,1,0,-0.9929242011325673,propagation
1034,2,11,600,1,0,-0.9668166543321319,propagation
1034,2,12,600,1,0,-0.8919338730879706,propagation
1034,2,13,600,1,0,0.671128641810819,propagation
1034,2,14,600,1,0,0.9465480020313523,propagation
1034,2,15,600,1,-15,0.5770140339581954,propagation
1037,13,0,600,1,109,0.5779479208138583,independent_recurrence
1037,13,1,600,1,-49,-0.49400367173439863,propagation
1037,13,2,600,1,51,0.8815217212534071,independent_recurrence
1037,13,3,600,1,0,-0.7594743825845994,propagation
1037,13,4,600,1,-11,0.8327339310285862,propagation
1037,13,5,600,1,0,-0.8459775752659755,propagation
1037,13,6,600,1,199,-0.6634704080259546,independent_recurrence
1037,13,7,600,1,0,-0.8668248900308974,propagation
1037,13,8,600,1,3,0.5082653797103046,propagation
1037,13,9,600,1,0,-0.6971960776612176,propagation
1037,13,10,600,1,0,-0.972462931071005,propagation
1037,13,11,600,1,196,-0.6312460733042162,independent_recurrence
1037,13,12,600,1,327,-0.365801435286082,independent_recurrence
1037,13,14,600,1,201,0.7093346978243954,independent_recurrence
1037,13,15,600,1,0,0.8838106239491034,propagation
1049,11,0,600,1,1,-0.852555802768963,propagation
1049,11,1,600,1,0,-0.8229514023042329,propagation
1049,11,2,600,1,14,0.6449685212110402,propagation
1049,11,3,600,1,-2,-0.6519394473846446,propagation
1049,11,4,600,1,0,0.6696658940962222,propagation
1049,11,5,600,1,58,0.48802837311751185,independent_recurrence
1049,11,6,600,1,0,0.8514236322792772,propagation
1049,11,7,600,1,0,0.8330786954055065,propagation
1049,11,8,600,1,0,0.8041984054452326,propagation
1049,11,9,600,1,197,-0.44411238661995517,independent_recurrence
1049,11,10,600,1,1,-0.8073992963742643,propagation
1049,11,12,600,1,223,-0.5278745420382416,independent_recurrence
1049,11,13,600,1,12,-0.6908600773945982,propagation
1049,11,14,600,1,0,-0.6753085825342405,propagation
1049,11,15,600,1,1,-0.8166938437677336,propagation
1053,3,0,600,1,0,-0.8661301282254719,propagation
1053,3,1,600,1,120,0.5071570403779612,independent_recurrence
1053,3,2,600,1,0,-0.8389517066217714,propagation
1053,3,4,600,1,0,-0.8400599159178798,propagation
1053,3,5,600,1,69,0.7579121111687677,independent_recurrence
1053,3,6,600,1,109,-0.5217919031349634,independent_recurrence
1053,3,7,600,1,0,-0.8746292371260111,propagation
1053,3,8,600,1,9,-0.8977045899897275,propagation
1053,3,9,600,1,1,0.939564330818939,propagation
1053,3,10,600,1,-69,0.7756207072820007,independent_recurrence
1053,3,11,600,1,0,-0.8845480082788278,propagation
1053,3,12,600,1,-94,0.7323619906957282,independent_recurrence
1053,3,13,600,1,-14,-0.5996657369304813,propagation
1053,3,14,600,1,0,-0.8905022246465254,propagation
1053,3,15,600,1,0,0.8198800362442853,propagation
1066,13,0,600,1,0,0.5075876595762178,propagation
1066,13,1,600,1,381,0.6201001461453862,independent_recurrence
1066,13,2,600,1,406,-0.5445822988709172,independent_recurrence
1066,13,3,600,1,477,0.49637981396676767,independent_recurrence
1066,13,4,600,1,477,-0.5900869649535132,independent_recurrence
1066,13,5,600,1,164,0.7374078308878815,independent_recurrence
1066,13,6,600,1,400,0.5639745612335745,independent_recurrence
1066,13,7,600,1,50,0.8300142791133192,propagation
1066,13,8,600,1,476,-0.47972034440165845,independent_recurrence
1066,13,9,600,1,80,0.5424152008234929,independent_recurrence
1066,13,10,600,1,0,0.7105613946361616,propagation
1066,13,11,600,1,475,-0.48799042841553697,independent_recurrence
1066,13,12,600,1,-127,0.5131736354269644,independent_recurrence
1066,13,14,600,1,0,0.7225543184250612,propagation
1066,13,15,600,1,122,0.7615955789475453,independent_recurrence
1076,3,0,600,1,-72,0.4582683905042027,independent_recurrence
1076,3,1,600,1,0,-0.8406138899416872,propagation
1076,3,2,600,1,0,-0.9034790454726548,propagation
1076,3,4,600,1,0,0.8828356072026549,propagation
1076,3,5,600,1,-12,0.5502480217437884,propagation
1076,3,6,600,1,0,-0.7186408424760159,propagation
1076,3,7,600,1,0,0.920302592621481,propagation
1076,3,8,600,1,0,0.8643929843254898,propagation
1076,3,9,600,1,0,-0.8877492396208579,propagation
1076,3,10,600,1,0,-0.9109062742750692,propagation
1076,3,11,600,1,0,-0.8680997144086643,propagation
1076,3,12,600,1,43,-0.6617227801621262,propagation
1076,3,13,600,1,0,-0.9448866142184514,propagation
1076,3,14,600,1,-11,0.5848050002838651,propagation
1076,3,15,600,1,0,0.9413055985333855,propagation
1079,4,0,600,1,0,0.8965700022120374,propagation
1079,4,1,600,1,0,0.8638316132954267,propagation
1079,4,2,600,1,0,-0.6726361546573545,propagation
1079,4,3,600,1,31,0.4864410702432059,propagation
1079,4,5,600,1,0,-0.913051204887405,propagation
1079,4,6,600,1,0,-0.9195979738128525,propagation
1079,4,7,600,1,0,0.7762352565685212,propagation
1079,4,8,600,1,-1,-0.8619136253787562,propagation
1079,4,9,600,1,0,0.9071522863472289,propagation
1079,4,10,600,1,-1,-0.809155808577857,propagation
1079,4,11,600,1,0,0.9113076070511777,propagation
1079,4,12,600,1,125,-0.5595914713692383,independent_recurrence
1079,4,13,600,1,0,0.6089736992295451,propagation
1079,4,14,600,1,199,0.48415805199579426,independent_recurrence
1079,4,15,600,1,2,0.7628554171413091,propagation
1086,15,0,600,1,33,0.48031486348789104,propagation
1086,15,1,600,1,95,-0.522258789485928,independent_recurrence
1086,15,2,600,1,48,0.6895676442332259,propagation
1086,15,3,600,1,546,0.5327612667087752,independent_recurrence
1086,15,4,600,1,86,-0.5148916912766233,independent_recurrence
1086,15,5,600,1,54,0.5268420036187527,independent_recurrence
1086,15,6,600,1,44,0.4876767269918766,propagation
1086,15,7,600,1,235,0.5690008139139048,independent_recurrence
1086,15,8,600,1,257,0.628411315297173,independent_recurrence
1086,15,9,600,1,3,0.6218195503535631,propagation
1086,15,10,600,1,0,0.6510947955018821,propagation
1086,15,11,600,1,0,0.6518267032883948,propagation
1086,15,12,600,1,16,0.49714082245916413,propagation
1086,15,13,600,1,83,0.49000829058058654,independent_recurrence
1086,15,14,600,1,56,0.45204753484642934,independent_recurrence
1111,2,0,600,1,0,0.777081042609848,propagation
1111,2,1,600,1,0,0.6781884490359773,propagation
1111,2,3,600,1,0,0.7260841971333285,propagation
1111,2,4,600,1,0,0.8464714813161737,propagation
1111,2,5,600,1,0,0.8219103305860028,propagation
1111,2,6,600,1,0,0.8661073474445891,propagation
1111,2,7,600,1,0,0.45468794558835235,propagation
1111,2,8,600,1,0,0.7538946181141682,propagation
1111,2,9,600,1,0,0.7808904095156327,propagation
1111,2,10,600,1,0,0.7055189671762725,propagation
1111,2,11,600,1,-176,0.6844823711135425,independent_recurrence
1111,2,12,600,1,-45,0.42738106008104154,propagation
1111,2,13,600,1,0,0.7366968958103107,propagation
1111,2,14,600,1,-64,0.6047837437426272,independent_recurrence
1111,2,15,600,1,-175,0.6326988745870114,independent_recurrence
1112,4,0,600,1,-1,-0.7378613688510319,propagation
1112,4,1,600,1,-83,-0.6986527296902358,independent_recurrence
1112,4,2,600,1,-214,0.5363068921996802,independent_recurrence
1112,4,3,600,1,0,-0.904706676205489,propagation
1112,4,5,600,1,-1,-0.8683197468112758,propagation
1112,4,6,600,1,14,-0.7993063062059158,propagation
1112,4,7,600,1,0,0.7440491989532085,propagation
1112,4,8,600,1,-267,0.5328992798590246,independent_recurrence
1112,4,9,600,1,0,0.8687854470262119,propagation
1112,4,10,600,1,-394,0.5250114732398923,independent_recurrence
1112,4,11,600,1,0,0.897687050942633,propagation
1112,4,12,600,1,6,-0.8864810935397801,propagation
1112,4,13,600,1,-145,-0.6344436518299316,independent_recurrence
1112,4,14,600,1,-83,-0.7600657089530112,independent_recurrence
1112,4,15,600,1,0,-0.9124507626241063,propagation
1129,2,0,600,1,-89,0.43572774683899484,independent_recurrence
1129,2,1,600,1,0,-0.6278933137511066,propagation
1129,2,3,600,1,-230,0.5108639505425185,independent_recurrence
1129,2,4,600,1,-94,-0.4759144301519496,independent_recurrence
1129,2,5,600,1,-56,0.4995686423923869,independent_recurrence
1129,2,6,600,1,-545,0.4129217205020488,independent_recurrence
1129,2,7,600,1,0,0.4115897588530379,propagation
1129,2,8,600,1,-547,0.4529450634049477,independent_recurrence
1129,2,9,600,1,0,0.4337198730824682,propagation
1129,2,10,600,1,0,0.4546921407901159,propagation
1129,2,11,600,1,-80,0.4397217508846122,independent_recurrence
1129,2,12,600,1,-546,-0.41803722567654755,independent_recurrence
1129,2,13,600,1,-143,0.5113944316076171,independent_recurrence
1129,2,14,600,1,-200,0.46406127052113144,independent_recurrence
1129,2,15,600,1,-232,0.477052628468981,independent_recurrence
1140,5,0,600,1,-240,-0.7846848859637109,independent_recurrence
1140,5,1,600,1,264,-0.48702755889216176,independent_recurrence
1140,5,2,600,1,-240,0.46005231207511627,independent_recurrence
1140,5,3,600,1,-240,0.45648592230077584,independent_recurrence
1140,5,4,600,1,-165,0.6809765292499342,independent_recurrence
1140,5,6,600,1,-240,-0.5216996205765427,independent_recurrence
1140,5,7,600,1,110,0.7685113778768667,independent_recurrence
1140,5,8,600,1,62,0.5891890215005071,independent_recurrence
1140,5,9,600,1,-239,-0.5047870486265458,independent_recurrence
1140,5,10,600,1,-225,-0.4430898659108453,independent_recurrence
1140,5,11,600,1,-240,-0.4405940927695664,independent_recurrence
1140,5,12,600,1,320,0.4777823089368108,independent_recurrence
1140,5,13,600,1,-175,-0.4597729936307758,independent_recurrence
1140,5,14,600,1,-242,0.60130737123944,independent_recurrence
1140,5,15,600,1,-240,0.6051479320701221,independent_recurrence
1154,2,0,600,1,-35,-0.7671535999329473,propagation
1154,2,1,600,1,0,-0.7484597950895284,propagation
1154,2,3,600,1,109,-0.7376437118234016,independent_recurrence
1154,2,4,600,1,89,0.8127535223276161,independent_recurrence
1154,2,5,600,1,0,-0.8027311002810381,propagation
1154,2,6,600,1,0,-0.7868873384386442,propagation
1154,2,7,600,1,-43,-0.6592850753137273,propagation
1154,2,8,600,1,0,-0.7680738263344834,propagation
1154,2,9,600,1,0,-0.7742046292051948,propagation
1154,2,10,600,1,0,-0.7882722653240655,propagation
1154,2,11,600,1,0,-0.813007819641034,propagation
1154,2,12,600,1,87,0.6325414383103847,independent_recurrence
1154,2,13,600,1,-1,-0.8042296166789084,propagation
1154,2,14,600,1,117,0.7623136690937193,independent_recurrence
1154,2,15,600,1,-51,-0.723130022182358,independent_recurrence
1192,1,0,600,1,0,-0.6023297201543086,propagation
1192,1,2,600,1,0,0.42126940560130566,propagation
1192,1,3,600,1,-101,-0.6090233556248147,independent_recurrence
1192,1,4,600,1,-108,-0.7924644556583688,independent_recurrence
1192,1,5,600,1,0,0.8739043798378395,propagation
1192,1,6,600,1,7,-0.8690371970797347,propagation
1192,1,7,600,1,0,0.8765881586934445,propagation
1192,1,8,600,1,0,0.9125346481790269,propagation
1192,1,9,600,1,0,0.7381188298087317,propagation
1192,1,10,600,1,-89,0.7787898108273356,independent_recurrence
1192,1,11,600,1,0,0.737575679850161,propagation
1192,1,12,600,1,-132,-0.5869913789102291,independent_recurrence
1192,1,13,600,1,0,0.7792250121258584,propagation
1192,1,14,600,1,1,-0.8617085788188842,propagation
1192,1,15,600,1,0,0.8421212267572781,propagation
1194,4,0,600,1,-107,0.5962935301906833,independent_recurrence
1194,4,1,600,1,-91,0.4171822228686752,independent_recurrence
1194,4,2,600,1,-115,0.47724404784496605,independent_recurrence
1194,4,3,600,1,272,0.5943925518844178,independent_recurrence
1194,4,5,600,1,0,0.45137506050536436,propagation
1194,4,6,600,1,0,0.6424640502526082,propagation
1194,4,7,600,1,0,0.5139896564725317,propagation
1194,4,8,600,1,-30,-0.5528799434463318,propagation
1194,4,9,600,1,0,-0.4033738745413737,propagation
1194,4,10,600,1,-23,0.6436363713540135,propagation
1194,4,11,600,1,183,0.4428100887312866,independent_recurrence
1194,4,12,600,1,13,-0.4532940119756833,propagation
1194,4,13,600,1,222,0.5734949146487935,independent_recurrence
1194,4,14,600,1,-77,0.6578367335055332,independent_recurrence
1194,4,15,600,1,-141,-0.5549303145876099,independent_recurrence
1209,14,0,600,1,-157,0.5370321743502086,independent_recurrence
1209,14,1,600,1,-182,0.5276942467747592,independent_recurrence
1209,14,2,600,1,-161,-0.5370639979192046,independent_recurrence
1209,14,3,600,1,-22,0.5223484138101322,propagation
1209,14,4,600,1,-7,0.4412539643173166,propagation
1209,14,5,600,1,-331,-0.4287459665383519,independent_recurrence
1209,14,6,600,1,-224,0.4322686397699414,independent_recurrence
1209,14,7,600,1,112,0.4574959754312459,independent_recurrence
1209,14,8,600,1,-27,-0.6927520878424221,propagation
1209,14,9,600,1,-16,0.6939376652569544,propagation
1209,14,10,600,1,-16,0.5848539419065655,propagation
1209,14,11,600,1,-178,0.4885241689062349,independent_recurrence
1209,14,12,600,1,-254,0.470176518617266,independent_recurrence
1209,14,13,600,1,-111,0.4185921263296264,independent_recurrence
1209,14,15,600,1,-20,-0.6183273819084887,propagation
1218,9,0,600,1,-53,0.8782107529554787,independent_recurrence
1218,9,1,600,1,0,0.8064171833703683,propagation
1218,9,2,600,1,-28,0.8187080246210515,propagation
1218,9,3,600,1,-41,0.8178792524568986,propagation
1218,9,4,600,1,-28,0.8081980910927303,propagation
1218,9,5,600,1,0,0.6685267317010837,propagation
1218,9,6,600,1,144,-0.6155165029407751,independent_recurrence
1218,9,7,600,1,141,0.5854255067673942,independent_recurrence
1218,9,8,600,1,0,0.7995539175310643,propagation
1218,9,10,600,1,-1,-0.6524953851170472,propagation
1218,9,11,600,1,33,0.6108584874329039,propagation
1218,9,12,600,1,219,-0.5065805665513639,independent_recurrence
1218,9,13,600,1,171,0.508704411445247,independent_recurrence
1218,9,14,600,1,4,-0.8403615394173402,propagation
1218,9,15,600,1,0,0.8012806552922056,propagation
1228,11,0,600,1,-174,0.5838759570186188,independent_recurrence
1228,11,1,600,1,-164,0.28728851802299155,independent_recurrence
1228,11,2,600,1,-174,0.40410048604497983,independent_recurrence
1228,11,3,600,1,-165,-0.5083491192005891,independent_recurrence
1228,11,4,600,1,-174,0.4004479531925222,independent_recurrence
1228,11,5,600,1,413,0.36529208562388304,independent_recurrence
1228,11,6,600,1,188,0.5376663117842061,independent_recurrence
1228,11,7,600,1,276,0.5104957837343339,independent_recurrence
1228,11,8,600,1,-171,-0.41472348119692015,independent_recurrence
1228,11,9,600,1,128,0.6408329179511842,independent_recurrence
1228,11,10,600,1,-172,-0.5063388510652874,independent_recurrence
1228,11,12,600,1,-126,-0.4026495929912275,independent_recurrence
1228,11,13,600,1,-174,-0.36602460916536955,independent_recurrence
1228,11,14,600,1,-150,-0.4581186552415529,independent_recurrence
1228,11,15,600,1,-170,-0.3578679866757195,independent_recurrence
1235,2,0,600,1,11,-0.7398616027734933,propagation
1235,2,1,600,1,-1,-0.7455069352773843,propagation
1235,2,3,600,1,-392,0.533783361344107,independent_recurrence
1235,2,4,600,1,72,0.7848900249065766,independent_recurrence
1235,2,5,600,1,-57,0.8419404482471554,independent_recurrence
1235,2,6,600,1,0,-0.6853653581987167,propagation
1235,2,7,600,1,0,-0.7330295116284486,propagation
1235,2,8,600,1,-136,-0.8808307778929471,independent_recurrence
1235,2,9,600,1,27,-0.7438264599986347,propagation
1235,2,10,600,1,34,-0.7465520342496011,propagation
1235,2,11,600,1,0,-0.7017234463907156,propagation
1235,2,12,600,1,-96,-0.6143501863260121,independent_recurrence
1235,2,13,600,1,-166,0.6629788315134065,independent_recurrence
1235,2,14,600,1,79,-0.7535111268897379,independent_recurrence
1235,2,15,600,1,-173,0.6383344524424063,independent_recurrence
1238,15,0,600,1,13,-0.7090889307741078,propagation
1238,15,1,600,1,-69,0.6307350881701395,independent_recurrence
1238,15,2,600,1,-137,-0.7144158733767795,independent_recurrence
1238,15,3,600,1,71,0.667639551108787,independent_recurrence
1238,15,4,600,1,-72,-0.6588792800769122,independent_recurrence
1238,15,5,600,1,11,-0.6892676847223077,propagation
1238,15,6,600,1,-71,-0.7200505505487371,independent_recurrence
1238,15,7,600,1,11,-0.7464186942668791,propagation
1238,15,8,600,1,11,-0.7310791544756978,propagation
1238,15,9,600,1,-81,-0.5905693005440892,independent_recurrence
1238,15,10,600,1,-149,-0.844708385725162,independent_recurrence
1238,15,11,600,1,-71,-0.7225794293679744,independent_recurrence
1238,15,12,600,1,-164,-0.8407083505651198,independent_recurrence
1238,15,13,600,1,-167,-0.7100074609234713,independent_recurrence
1238,15,14,600,1,75,-0.5961754959011771,independent_recurrence
1243,14,0,600,1,431,-0.3415373332304902,independent_recurrence
1243,14,1,600,1,4,-0.3688249336237833,propagation
1243,14,2,600,1,478,0.36679347739199814,independent_recurrence
1243,14,3,600,1,0,0.5337738128826155,propagation
1243,14,4,600,1,0,-0.5959799838793035,propagation
1243,14,5,600,1,79,0.4080245873611595,independent_recurrence
1243,14,6,600,1,4,-0.3709682695494214,propagation
1243,14,7,600,1,0,0.3185338327829227,propagation
1243,14,8,600,1,153,0.29263016684021437,independent_recurrence
1243,14,9,600,1,545,-0.31552250393705106,independent_recurrence
1243,14,10,600,1,115,0.37361794981659363,independent_recurrence
1243,14,11,600,1,547,-0.3037190067821118,independent_recurrence
1243,14,12,600,1,2,-0.4730031249071441,propagation
1243,14,13,600,1,545,0.26307801753525534,independent_recurrence
1243,14,15,600,1,549,0.368725464093926,independent_recurrence
1247,9,0,600,1,157,0.5088479433077705,independent_recurrence
1247,9,1,600,1,0,0.845357184481076,propagation
1247,9,2,600,1,0,0.9964757107257166,artifact
1247,9,3,600,1,131,-0.5316550562824431,independent_recurrence
1247,9,4,600,1,0,0.5255717952179529,propagation
1247,9,5,600,1,0,-0.8288113974138205,propagation
1247,9,6,600,1,43,0.7629622331048154,propagation
1247,9,7,600,1,-52,0.5990277398729693,independent_recurrence
1247,9,8,600,1,21,-0.8572047342172626,propagation
1247,9,10,600,1,448,0.5907108844147084,independent_recurrence
1247,9,11,600,1,0,-0.9785807756701884,propagation
1247,9,12,600,1,0,0.9629643525592354,propagation
1247,9,13,600,1,539,0.1723343029960376,independent_recurrence
1247,9,14,600,1,0,0.9189435626105689,propagation
1247,9,15,600,1,-125,0.519944513369465,independent_recurrence
1252,0,1,600,1,0,0.47549314315929486,propagation
1252,0,2,600,1,-80,0.5944270153785639,independent_recurrence
1252,0,3,600,1,47,-0.5923106451521242,propagation
1252,0,4,600,1,-78,-0.69684017148779,independent_recurrence
1252,0,5,600,1,-80,0.6961393427820984,independent_recurrence
1252,0,6,600,1,260,0.6132605144623188,independent_recurrence
1252,0,7,600,1,-83,0.343702846731632,independent_recurrence
1252,0,8,600,1,195,0.5037544235066778,independent_recurrence
1252,0,9,600,1,0,0.5426688778983171,propagation
1252,0,10,600,1,-86,0.6672939228813667,independent_recurrence
1252,0,11,600,1,-79,0.5622046672882912,independent_recurrence
1252,0,12,600,1,220,-0.571316464063366,independent_recurrence
1252,0,13,600,1,214,-0.507701652298119,independent_recurrence
1252,0,14,600,1,243,-0.33020135871420114,independent_recurrence
1252,0,15,600,1,0,0.5178401833798557,propagation
1261,7,0,600,1,0,0.9831301855680863,propagation
1261,7,1,600,1,0,0.9562155102630663,propagation
1261,7,2,600,1,57,0.8378302069494218,independent_recurrence
1261,7,3,600,1,-98,0.6115564380021571,independent_recurrence
1261,7,4,600,1,-168,0.5143733556443914,independent_recurrence
1261,7,5,600,1,0,0.969195680265485,propagation
1261,7,6,600,1,560,0.20561225973505012,independent_recurrence
1261,7,8,600,1,187,0.5857596368554417,independent_recurrence
1261,7,9,600,1,0,-0.9670861381106011,propagation
1261,7,10,600,1,0,0.666969124558867,propagation
1261,7,11,600,1,0,0.9611491740708558,propagation
1261,7,12,600,1,0,-0.646334171916815,propagation
1261,7,13,600,1,0,0.9635129199096167,propagation
1261,7,14,600,1,0,0.960986389521368,propagation
1261,7,15,600,1,0,-0.8432831890280303,propagation
1269,15,0,600,1,187,-0.49245018674510616,independent_recurrence
1269,15,1,600,1,-135,0.37005584788212303,independent_recurrence
1269,15,2,600,1,-125,0.3983241595037059,independent_recurrence
1269,15,3,600,1,292,-0.4032679919835405,independent_recurrence
1269,15,4,600,1,-135,0.4423772589553632,independent_recurrence
1269,15,5,600,1,-179,-0.5468507400967436,independent_recurrence
1269,15,6,600,1,293,-0.46832431674518915,independent_recurrence
1269,15,7,600,1,-194,-0.46221172926454357,independent_recurrence
1269,15,8,600,1,-174,-0.43977396610358,independent_recurrence
1269,15,9,600,1,295,-0.5480889008822125,independent_recurrence
1269,15,10,600,1,288,-0.46817351863868545,independent_recurrence
1269,15,11,600,1,293,-0.41898893135339704,independent_recurrence
1269,15,12,600,1,-131,0.3935306371039398,independent_recurrence
1269,15,13,600,1,-129,0.41226904201483433,independent_recurrence
1269,15,14,600,1,-145,0.3911664423692607,independent_recurrence
1285,7,0,600,1,8,0.7110615104480132,propagation
1285,7,1,600,1,-417,0.5604389847969962,independent_recurrence
1285,7,2,600,1,0,-0.538530523988572,propagation
1285,7,3,600,1,-411,-0.5038764304924687,independent_recurrence
1285,7,4,600,1,-35,-0.5768878132581776,propagation
1285,7,5,600,1,102,0.7168918609754084,independent_recurrence
1285,7,6,600,1,111,0.6882131798859171,independent_recurrence
1285,7,8,600,1,102,0.7050959197512342,independent_recurrence
1285,7,9,600,1,6,0.7433981510716499,propagation
1285,7,10,600,1,9,0.7576663323971401,propagation
1285,7,11,600,1,22,0.7898725359266736,propagation
1285,7,12,600,1,135,-0.5718676095825503,independent_recurrence
1285,7,13,600,1,98,-0.6357797771106819,independent_recurrence
1285,7,14,600,1,0,0.6422264909885933,propagation
1285,7,15,600,1,-421,-0.569899495024675,independent_recurrence
1295,2,0,600,1,0,0.9511180635782819,propagation
1295,2,1,600,1,403,0.4092921555610688,independent_recurrence
1295,2,3,600,1,-60,0.5564018866561661,independent_recurrence
1295,2,4,600,1,0,-0.6675553257647968,propagation
1295,2,5,600,1,0,0.3996598259387719,propagation
1295,2,6,600,1,0,0.9373114224350437,propagation
1295,2,7,600,1,2,-0.8639305133761032,propagation
1295,2,8,600,1,0,-0.8921229694293947,propagation
1295,2,9,600,1,0,0.9678133888405409,propagation
1295,2,10,600,1,139,-0.5445537593399439,independent_recurrence
1295,2,11,600,1,0,-0.9900437638116741,propagation
1295,2,12,600,1,67,-0.5441847144376575,independent_recurrence
1295,2,13,600,1,0,0.9808274284293251,propagation
1295,2,14,600,1,-59,0.6475189188491293,independent_recurrence
1295,2,15,600,1,0,0.9293131980070714,propagation
1301,5,0,600,1,-1,-0.7575765679230725,propagation
1301,5,1,600,1,-126,-0.5066408229185287,independent_recurrence
1301,5,2,600,1,96,-0.6780522725444124,independent_recurrence
1301,5,3,600,1,20,0.48877225376088196,propagation
1301,5,4,600,1,1,-0.897051359285638,propagation
1301,5,6,600,1,15,-0.8074308214281404,propagation
1301,5,7,600,1,-12,0.5953955324736309,propagation
1301,5,8,600,1,-267,0.3854970229900974,independent_recurrence
1301,5,9,600,1,0,0.8664233433125234,propagation
1301,5,10,600,1,-1,-0.8502748339937934,propagation
1301,5,11,600,1,0,0.8691990332225473,propagation
1301,5,12,600,1,0,0.8899879591126155,propagation
1301,5,13,600,1,0,0.6529985145668459,propagation
1301,5,14,600,1,-105,-0.4459092622138429,independent_recurrence
1301,5,15,600,1,9,-0.795405766747149,propagation
1311,9,0,600,1,-123,-0.3784868363562551,independent_recurrence
1311,9,1,600,1,361,0.36952626674130556,independent_recurrence
1311,9,2,600,1,362,-0.5238565739958655,independent_recurrence
1311,9,3,600,1,158,0.41559238175591207,independent_recurrence
1311,9,4,600,1,-167,-0.4257982996774535,independent_recurrence
1311,9,5,600,1,-155,-0.3186862424798275,independent_recurrence
1311,9,6,600,1,-170,0.3123274240952226,independent_recurrence
1311,9,7,600,1,36,0.4903989525839551,propagation
1311,9,8,600,1,206,0.33558719029818573,independent_recurrence
1311,9,10,600,1,-131,-0.34525807627981436,independent_recurrence
1311,9,11,600,1,-153,-0.2780100673650468,independent_recurrence
1311,9,12,600,1,-127,-0.4109009995663195,independent_recurrence
1311,9,13,600,1,-36,-0.39316598685604637,propagation
1311,9,14,600,1,360,0.4754092468870567,independent_recurrence
1311,9,15,600,1,-147,0.35424815656364084,independent_recurrence
1317,2,0,600,1,-191,0.49240425338672744,independent_recurrence
1317,2,1,600,1,-163,0.5493127515816125,independent_recurrence
1317,2,3,600,1,133,-0.4779637266985744,independent_recurrence
1317,2,4,600,1,-44,0.5538605271512717,propagation
1317,2,5,600,1,133,-0.5345699507778512,independent_recurrence
1317,2,6,600,1,133,-0.531538271316309,independent_recurrence
1317,2,7,600,1,133,-0.529584518671252,independent_recurrence
1317,2,8,600,1,133,-0.5177695428521435,independent_recurrence
1317,2,9,600,1,-197,0.5428868792468254,independent_recurrence
1317,2,10,600,1,-204,0.5197395248969019,independent_recurrence
1317,2,11,600,1,-197,0.5059993732915327,independent_recurrence
1317,2,12,600,1,-263,0.6251128285409082,independent_recurrence
1317,2,13,600,1,133,0.5266747786961208,independent_recurrence
1317,2,14,600,1,1,-0.6553867407198051,propagation
1317,2,15,600,1,-467,-0.6127939806996051,independent_recurrence
1322,10,0,600,1,0,0.8182056322527247,propagation
1322,10,1,600,1,0,0.8762725524583224,propagation
1322,10,2,600,1,-1,-0.824395147064184,propagation
1322,10,3,600,1,0,0.7981273547379467,propagation
1322,10,4,600,1,0,-0.5877291229549435,propagation
1322,10,5,600,1,0,0.7816560460530411,propagation
1322,10,6,600,1,-34,-0.448041971256179,propagation
1322,10,7,600,1,0,0.8283659992826867,propagation
1322,10,8,600,1,0,-0.8262822454432575,propagation
1322,10,9,600,1,-231,0.5652966336099231,independent_recurrence
1322,10,11,600,1,0,-0.774672276425839,propagation
1322,10,12,600,1,-283,-0.6727143680756922,independent_recurrence
1322,10,13,600,1,68,0.5257392008019484,independent_recurrence
1322,10,14,600,1,-272,-0.5449010601202807,independent_recurrence
1322,10,15,600,1,0,0.6153769489159957,propagation
1325,12,0,600,1,0,0.7578877126373936,propagation
1325,12,1,600,1,45,-0.6527935145793676,propagation
1325,12,2,600,1,-74,0.7594239380086648,independent_recurrence
1325,12,3,600,1,-29,-0.7610485388564039,propagation
1325,12,4,600,1,0,-0.937894420198917,propagation
1325,12,5,600,1,0,0.8689230966907265,propagation
1325,12,6,600,1,-1,-0.7728806886405003,propagation
1325,12,7,600,1,0,-0.9241819157548627,propagation
1325,12,8,600,1,-1,-0.7125743950841206,propagation
1325,12,9,600,1,0,-0.9095200926933126,propagation
1325,12,10,600,1,62,0.5266328116078458,independent_recurrence
1325,12,11,600,1,0,0.8521063969282634,propagation
1325,12,13,600,1,0,0.9188789772409185,propagation
1325,12,14,600,1,36,0.46554731608000793,propagation
1325,12,15,600,1,0,-0.7962146187678619,propagation
1328,4,0,600,1,-215,-0.6995503718335447,independent_recurrence
1328,4,1,600,1,-144,0.6379673063659708,independent_recurrence
1328,4,2,600,1,-129,-0.6219499814260162,independent_recurrence
1328,4,3,600,1,-132,0.7959396046525422,independent_recurrence
1328,4,5,600,1,-144,0.707623795819191,independent_recurrence
1328,4,6,600,1,-156,-0.6454503717330143,independent_recurrence
1328,4,7,600,1,85,0.23324219782958433,independent_recurrence
1328,4,8,600,1,-45,0.5540379375654682,propagation
1328,4,9,600,1,-202,0.7586549329077961,independent_recurrence
1328,4,10,600,1,-486,-0.47105025416707386,independent_recurrence
1328,4,11,600,1,-239,-0.620349791055703,independent_recurrence
1328,4,12,600,1,-96,0.6311885329633992,independent_recurrence
1328,4,13,600,1,-113,0.7577505996121349,independent_recurrence
1328,4,14,600,1,-79,0.6893235109330732,independent_recurrence
1328,4,15,600,1,223,-0.5418524689326849,independent_recurrence
1330,3,0,600,1,0,0.8219164716459272,propagation
1330,3,1,600,1,0,0.9777674948023061,propagation
1330,3,2,600,1,0,0.9693380952279317,propagation
1330,3,4,600,1,0,0.6488033816111237,propagation
1330,3,5,600,1,0,-0.754938268595946,propagation
1330,3,6,600,1,0,0.9745811078228682,propagation
1330,3,7,600,1,-77,-0.45692656471068444,independent_recurrence
1330,3,8,600,1,-91,0.7521911697034451,independent_recurrence
1330,3,9,600,1,0,0.5685103217467143,propagation
1330,3,10,600,1,179,-0.4282157655984218,independent_recurrence
1330,3,11,600,1,0,-0.9638845596597965,propagation
1330,3,12,600,1,0,-0.7490578453553127,propagation
1330,3,13,600,1,192,-0.4055990777792467,independent_recurrence
1330,3,14,600,1,0,0.6314034797623859,propagation
1330,3,15,600,1,0,0.6928552480452068,propagation
1343,15,0,600,1,0,0.8258081110741454,propagation
1343,15,1,600,1,242,0.4517223840290678,independent_recurrence
1343,15,2,600,1,108,0.685882187561909,independent_recurrence
1343,15,3,600,1,38,0.5810561043987365,propagation
1343,15,4,600,1,0,0.7480600631585064,propagation
1343,15,5,600,1,-42,-0.6023064885412346,propagation
1343,15,6,600,1,98,0.7170171764054964,independent_recurrence
1343,15,7,600,1,0,-0.8228008114370108,propagation
1343,15,8,600,1,0,-0.7377921299641247,propagation
1343,15,9,600,1,34,0.6636452099961059,propagation
1343,15,10,600,1,35,0.5741579293473684,propagation
1343,15,11,600,1,0,-0.7913657984118967,propagation
1343,15,12,600,1,73,0.7272950762361884,independent_recurrence
1343,15,13,600,1,117,-0.7442114794112527,independent_recurrence
1343,15,14,600,1,0,0.6845957454770942,propagation
1347,0,1,600,1,0,0.7836479727000684,propagation
1347,0,2,600,1,-2,-0.3577997880723892,propagation
1347,0,3,600,1,-109,-0.6723038480058687,independent_recurrence
1347,0,4,600,1,0,0.8701255106235398,propagation
1347,0,5,600,1,0,0.9088168580073159,propagation
1347,0,6,600,1,0,-0.7777896828162876,propagation
1347,0,7,600,1,0,0.9400370595765275,propagation
1347,0,8,600,1,0,0.9211979075490975,propagation
1347,0,9,600,1,15,-0.7372159525736374,propagation
1347,0,10,600,1,-109,0.4294918274542592,independent_recurrence
1347,0,11,600,1,189,0.36710773949325404,independent_recurrence
1347,0,12,600,1,0,0.7286380939051392,propagation
1347,0,13,600,1,0,0.892197727746383,propagation
1347,0,14,600,1,0,0.8561461366024903,propagation
1347,0,15,600,1,0,0.9264542101509422,propagation
1353,11,0,600,1,183,0.5846698199246589,independent_recurrence
1353,11,1,600,1,0,0.9328396707122982,propagation
1353,11,2,600,1,-1,-0.9497527189935052,propagation
1353,11,3,600,1,-1,-0.9063011001950058,propagation
1353,11,4,600,1,0,0.9063146663681334,propagation
1353,11,5,600,1,0,0.9639774532981611,propagation
1353,11,6,600,1,86,0.516560556805731,independent_recurrence
1353,11,7,600,1,-68,0.640794075433506,independent_recurrence
1353,11,8,600,1,-112,0.33082913779439727,independent_recurrence
1353,11,9,600,1,114,-0.5667785178231465,independent_recurrence
1353,11,10,600,1,0,-0.9601719223423864,propagation
1353,11,12,600,1,285,0.326234798047756,independent_recurrence
1353,11,13,600,1,0,0.9521889016732613,propagation
1353,11,14,600,1,0,-0.9358132296102438,propagation
1353,11,15,600,1,154,0.5521690908423104,independent_recurrence
1355,2,0,600,1,-170,-0.6935736954894475,independent_recurrence
1355,2,1,600,1,0,0.8696718899243172,propagation
1355,2,3,600,1,0,0.9679527207624921,propagation
1355,2,4,600,1,0,0.7376472458341614,propagation
1355,2,5,600,1,0,-0.971542046994363,propagation
1355,2,6,600,1,0,-0.9813572366449183,propagation
1355,2,7,600,1,0,-0.9256985446932803,propagation
1355,2,8,600,1,0,-0.9769922847900235,propagation
1355,2,9,600,1,-150,0.4759541035836817,independent_recurrence
1355,2,10,600,1,0,0.6830766151501414,propagation
1355,2,11,600,1,-554,-0.2567672661056446,independent_recurrence
1355,2,12,600,1,0,0.9630600367598745,propagation
1355,2,13,600,1,0,0.9258423180045133,propagation
1355,2,14,600,1,0,0.9493271247058818,propagation
1355,2,15,600,1,-167,-0.6868926780507661,independent_recurrence
1363,10,0,600,1,1,-0.8545667880642164,propagation
1363,10,1,600,1,0,-0.5605913264817827,propagation
1363,10,2,600,1,0,-0.7190846603038036,propagation
1363,10,3,600,1,1,-0.8601185892676783,propagation
1363,10,4,600,1,131,0.7050545418669482,independent_recurrence
1363,10,5,600,1,0,-0.9405901981732878,propagation
1363,10,6,600,1,143,-0.4682437957188656,independent_recurrence
1363,10,7,600,1,0,-0.8441138118674237,propagation
1363,10,8,600,1,-7,0.7720735007077004,propagation
1363,10,9,600,1,476,-0.5917590634127046,independent_recurrence
1363,10,11,600,1,-60,-0.6263720108027498,independent_recurrence
1363,10,12,600,1,138,0.6747400010960922,independent_recurrence
1363,10,13,600,1,0,-0.8526465999817034,propagation
1363,10,14,600,1,0,-0.8993814652782597,propagation
1363,10,15,600,1,46,0.5852379975576699,propagation
1366,2,0,600,1,9,0.794026179606935,propagation
1366,2,1,600,1,23,-0.44442347871524607,propagation
1366,2,3,600,1,0,0.9174139234479239,propagation
1366,2,4,600,1,0,0.929283985666792,propagation
1366,2,5,600,1,0,0.9435167653466286,propagation
1366,2,6,600,1,0,0.9419280187184722,propagation
1366,2,7,600,1,0,0.9366165627023489,propagation
1366,2,8,600,1,0,0.9374882496914161,propagation
1366,2,9,600,1,-146,0.5807636185596448,independent_recurrence
1366,2,10,600,1,-152,0.5777535977455613,independent_recurrence
1366,2,11,600,1,-152,0.5788692463979415,independent_recurrence
1366,2,12,600,1,0,0.8919975701747327,propagation
1366,2,13,600,1,0,0.937794808049299,propagation
1366,2,14,600,1,0,0.9179814262996172,propagation
1366,2,15,600,1,0,0.946746790550176,propagation
1368,6,0,600,1,-194,-0.5663713242137651,independent_recurrence
1368,6,1,600,1,-194,0.45072087985835346,independent_recurrence
1368,6,2,600,1,229,0.5392768903718409,independent_recurrence
1368,6,3,600,1,-194,0.6042616826118813,independent_recurrence
1368,6,4,600,1,-194,0.5499227595536506,independent_recurrence
1368,6,5,600,1,-194,0.6097714250111254,independent_recurrence
1368,6,7,600,1,304,0.5378261985264811,independent_recurrence
1368,6,8,600,1,288,-0.608983786098935,independent_recurrence
1368,6,9,600,1,64,-0.5369137086042945,independent_recurrence
1368,6,10,600,1,152,0.5567576570133403,independent_recurrence
1368,6,11,600,1,-194,-0.5652303606482579,independent_recurrence
1368,6,12,600,1,-194,-0.5523365995108522,independent_recurrence
1368,6,13,600,1,-194,-0.545823544133778,independent_recurrence
1368,6,14,600,1,40,-0.6150445913847502,propagation
1368,6,15,600,1,91,-0.5171854340599883,independent_recurrence
1401,13,0,600,1,311,0.6094368110247463,independent_recurrence
1401,13,1,600,1,110,-0.7443797419178886,independent_recurrence
1401,13,2,600,1,0,0.8715448242096483,propagation
1401,13,3,600,1,0,0.9420319008531455,propagation
1401,13,4,600,1,0,-0.8791943821773177,propagation
1401,13,5,600,1,100,-0.6756051901725532,independent_recurrence
1401,13,6,600,1,0,-0.6707273254090249,propagation
1401,13,7,600,1,0,-0.7834912632914611,propagation
1401,13,8,600,1,0,-0.7853834832250093,propagation
1401,13,9,600,1,0,0.7829468082259173,propagation
1401,13,10,600,1,38,-0.7458961307592957,propagation
1401,13,11,600,1,2,-0.7860096787611862,propagation
1401,13,12,600,1,360,0.4311282303341724,independent_recurrence
1401,13,14,600,1,0,-0.4048835526861608,propagation
1401,13,15,600,1,179,-0.7077580177306028,independent_recurrence
1425,8,0,600,1,75,-0.7144126360831472,independent_recurrence
1425,8,1,600,1,-122,-0.7471068396869726,independent_recurrence
1425,8,2,600,1,-303,-0.4228668214986819,independent_recurrence
1425,8,3,600,1,-305,0.4691186894051871,independent_recurrence
1425,8,4,600,1,118,0.6613511436741129,independent_recurrence
1425,8,5,600,1,-336,-0.43922371881349687,independent_recurrence
1425,8,6,600,1,-238,-0.4914378087389921,independent_recurrence
1425,8,7,600,1,-98,0.4343143820029742,independent_recurrence
1425,8,9,600,1,-312,-0.4090310697287886,independent_recurrence
1425,8,10,600,1,-188,0.4928281543002043,independent_recurrence
1425,8,11,600,1,-127,0.6187877010557362,independent_recurrence
1425,8,12,600,1,117,0.44841315002926896,independent_recurrence
1425,8,13,600,1,-336,-0.41828717847857677,independent_recurrence
1425,8,14,600,1,-171,-0.5581773735512108,independent_recurrence
1425,8,15,600,1,-151,0.6844070601167542,independent_recurrence
1427,15,0,600,1,0,0.7642066655077658,propagation
1427,15,1,600,1,52,0.8357845326504325,independent_recurrence
1427,15,2,600,1,0,-0.7362152188684479,propagation
1427,15,3,600,1,0,0.7487770361668077,propagation
1427,15,4,600,1,0,-0.835263058554719,propagation
1427,15,5,600,1,0,0.9091688012838176,propagation
1427,15,6,600,1,38,-0.6679148540791285,propagation
1427,15,7,600,1,0,0.7476247835390866,propagation
1427,15,8,600,1,-88,-0.532463792575226,independent_recurrence
1427,15,9,600,1,55,0.7710771186546896,independent_recurrence
1427,15,10,600,1,82,0.6270667045517754,independent_recurrence
1427,15,11,600,1,0,-0.834786982791358,propagation
1427,15,12,600,1,127,-0.5812577411130083,independent_recurrence
1427,15,13,600,1,0,0.7454359289757984,propagation
1427,15,14,600,1,13,-0.7674182121158402,propagation
1438,2,0,600,1,-48,0.8219834418396651,propagation
1438,2,1,600,1,31,0.7349766351870376,propagation
1438,2,3,600,1,35,-0.6838273784154055,propagation
1438,2,4,600,1,0,-0.9261416662793768,propagation
1438,2,5,600,1,-225,0.7172005852872416,independent_recurrence
1438,2,6,600,1,1,-0.9534324739752793,propagation
1438,2,7,600,1,0,0.8413253755250375,propagation
1438,2,8,600,1,-70,-0.7698552011855359,independent_recurrence
1438,2,9,600,1,-473,-0.6444128373257059,independent_recurrence
1438,2,10,600,1,-3,0.7519887831003712,propagation
1438,2,11,600,1,-465,0.5745907495455912,independent_recurrence
1438,2,12,600,1,1,-0.749966218636461,propagation
1438,2,13,600,1,0,0.674393425176115,propagation
1438,2,14,600,1,-107,-0.7904184366336714,independent_recurrence
1438,2,15,600,1,-81,-0.8129035433785053,independent_recurrence
1462,12,0,600,1,0,-0.8834826177317702,propagation
1462,12,1,600,1,180,-0.7287912653147849,independent_recurrence
1462,12,2,600,1,0,-0.8985335793585072,propagation
1462,12,3,600,1,518,-0.3393313765372207,independent_recurrence
1462,12,4,600,1,0,-0.9227142582015595,propagation
1462,12,5,600,1,98,-0.7228995919503297,independent_recurrence
1462,12,6,600,1,0,0.8719335818085997,propagation
1462,12,7,600,1,0,0.7953335151873108,propagation
1462,12,8,600,1,131,0.6023639355690382,independent_recurrence
1462,12,9,600,1,134,0.7682558656488945,independent_recurrence
1462,12,10,600,1,3,0.7376993223435213,propagation
1462,12,11,600,1,0,-0.8445516721739484,propagation
1462,12,13,600,1,0,-0.45760761365285985,propagation
1462,12,14,600,1,302,-0.4573117829592743,independent_recurrence
1462,12,15,600,1,0,-0.9172053242363881,propagation
1466,3,0,600,1,-228,0.358498091027452,independent_recurrence
1466,3,1,600,1,0,0.841152149708991,propagation
1466,3,2,600,1,0,-0.5452617075038758,propagation
1466,3,4,600,1,0,0.7433863090659122,propagation
1466,3,5,600,1,21,0.8456666346642981,propagation
1466,3,6,600,1,0,0.7211385297821338,propagation
1466,3,7,600,1,0,0.5906949604355538,propagation
1466,3,8,600,1,81,-0.7725948371917278,independent_recurrence
1466,3,9,600,1,0,0.8645977520860652,propagation
1466,3,10,600,1,384,0.5674311907936913,independent_recurrence
1466,3,11,600,1,24,0.8331064986504182,propagation
1466,3,12,600,1,115,-0.6361771421104644,independent_recurrence
1466,3,13,600,1,0,0.8754220247782207,propagation
1466,3,14,600,1,0,0.8723090047350067,propagation
1466,3,15,600,1,127,-0.4632553668203201,independent_recurrence
1467,9,0,600,1,-197,-0.5557403533108338,independent_recurrence
1467,9,1,600,1,6,-0.7873468199201548,propagation
1467,9,2,600,1,0,-0.8997878326262602,propagation
1467,9,3,600,1,-88,-0.5116849443536483,independent_recurrence
1467,9,4,600,1,1,-0.9061364895606522,propagation
1467,9,5,600,1,24,0.6816734861407421,propagation
1467,9,6,600,1,127,-0.5241012394035941,independent_recurrence
1467,9,7,600,1,24,0.8779848982247832,propagation
1467,9,8,600,1,0,0.9349091730803555,propagation
1467,9,10,600,1,0,0.7897695389434366,propagation
1467,9,11,600,1,0,0.9079313412689635,propagation
1467,9,12,600,1,-2,-0.7660520615526561,propagation
1467,9,13,600,1,1,-0.9042891184245214,propagation
1467,9,14,600,1,1,-0.9102761407561131,propagation
1467,9,15,600,1,0,0.5328666736706765,propagation
1468,15,0,600,1,1,-0.5014228907162663,propagation
1468,15,1,600,1,0,0.6173221642779172,propagation
1468,15,2,600,1,0,-0.47792416365844237,propagation
1468,15,3,600,1,0,0.47404369028688564,propagation
1468,15,4,600,1,266,0.600528539350099,independent_recurrence
1468,15,5,600,1,1,-0.597739087677208,propagation
1468,15,6,600,1,1,-0.5416312217008137,propagation
1468,15,7,600,1,1,-0.5839655957653765,propagation
1468,15,8,600,1,1,-0.5771121492683722,propagation
1468,15,9,600,1,199,-0.5642506390543746,independent_recurrence
1468,15,10,600,1,1,-0.5174851639129627,propagation
1468,15,11,600,1,184,0.4368987686794592,independent_recurrence
1468,15,12,600,1,1,-0.5932456802241001,propagation
1468,15,13,600,1,-1,-0.5958186177015945,propagation
1468,15,14,600,1,196,-0.49604903307477355,independent_recurrence
1495,10,0,600,1,-93,0.5388935362439086,independent_recurrence
1495,10,1,600,1,-151,-0.5785319516086899,independent_recurrence
1495,10,2,600,1,-118,-0.5005320072375057,independent_recurrence
1495,10,3,600,1,-95,0.5494660606343067,independent_recurrence
1495,10,4,600,1,-185,-0.4158487560326492,independent_recurrence
1495,10,5,600,1,-140,-0.39807776773826614,independent_recurrence
1495,10,6,600,1,-548,-0.5964020165772674,independent_recurrence
1495,10,7,600,1,-346,0.5566383893926006,independent_recurrence
1495,10,8,600,1,-222,0.5921054068305985,independent_recurrence
1495,10,9,600,1,0,-0.5733616775160687,propagation
1495,10,11,600,1,-95,-0.5414564903651462,independent_recurrence
1495,10,12,600,1,-136,-0.5129853594201066,independent_recurrence
1495,10,13,600,1,-136,-0.4794037583350333,independent_recurrence
1495,10,14,600,1,-165,-0.6281434565281293,independent_recurrence
1495,10,15,600,1,-120,-0.48969030530563185,independent_recurrence
1500,7,0,600,1,-8,0.4616259472055294,propagation
1500,7,1,600,1,-114,0.6238157864148622,independent_recurrence
1500,7,2,600,1,-101,-0.5869880224591679,independent_recurrence
1500,7,3,600,1,0,0.8564065478301218,propagation
1500,7,4,600,1,-84,-0.5083134992233466,independent_recurrence
1500,7,5,600,1,0,0.7395082560318577,propagation
1500,7,6,600,1,-156,0.5299965985409343,independent_recurrence
1500,7,8,600,1,0,0.7906207213543972,propagation
1500,7,9,600,1,1,-0.7660795637104437,propagation
1500,7,10,600,1,-1,-0.8236956471286356,propagation
1500,7,11,600,1,-1,-0.7804321295392964,propagation
1500,7,12,600,1,-1,-0.800656386181509,propagation
1500,7,13,600,1,-2,-0.7735911705684017,propagation
1500,7,14,600,1,-1,-0.8064162417621991,propagation
1500,7,15,600,1,0,-0.7045607626830365,propagation
1502,1,0,600,1,-64,0.7259939770284607,independent_recurrence
1502,1,2,600,1,-155,-0.6843430395568663,independent_recurrence
1502,1,3,600,1,169,-0.5751062905272595,independent_recurrence
1502,1,4,600,1,-6,-0.7297724831753611,propagation
1502,1,5,600,1,-114,-0.6063098034086533,independent_recurrence
1502,1,6,600,1,171,-0.601028293950084,independent_recurrence
1502,1,7,600,1,-38,0.7592502160375305,propagation
1502,1,8,600,1,0,0.8177471948549956,propagation
1502,1,9,600,1,-1,-0.7611243088815197,propagation
1502,1,10,600,1,-6,-0.7475517330131759,propagation
1502,1,11,600,1,-6,-0.792409246558655,propagation
1502,1,12,600,1,-40,-0.7623080620225232,propagation
1502,1,13,600,1,-66,-0.6528027810351534,independent_recurrence
1502,1,14,600,1,0,0.2732278057145451,propagation
1502,1,15,600,1,0,-0.6681405333933446,propagation
1503,4,0,600,1,-12,-0.44088528730904536,propagation
1503,4,1,600,1,0,0.6809426025831505,propagation
1503,4,2,600,1,56,0.7378188016950376,independent_recurrence
1503,4,3,600,1,0,-0.7761681084022823,propagation
1503,4,5,600,1,0,0.7946381275815281,propagation
1503,4,6,600,1,-294,0.704771130391444,independent_recurrence
1503,4,7,600,1,0,0.8457585596494649,propagation
1503,4,8,600,1,0,0.7640519356035734,propagation
1503,4,9,600,1,-109,0.7872046050868515,independent_recurrence
1503,4,10,600,1,-471,-0.6457086157988556,independent_recurrence
1503,4,11,600,1,0,0.4710817845642031,propagation
1503,4,12,600,1,-99,-0.6500792265965375,independent_recurrence
1503,4,13,600,1,-311,0.6129192559845218,independent_recurrence
1503,4,14,600,1,-471,-0.6270293119993502,independent_recurrence
1503,4,15,600,1,0,-0.6387092862861774,propagation
1505,4,0,600,1,0,-0.9210852423511792,propagation
1505,4,1,600,1,0,0.9546740325786304,propagation
1505,4,2,600,1,0,0.7894782681896455,propagation
1505,4,3,600,1,-72,0.8389905637042077,independent_recurrence
1505,4,5,600,1,-194,0.5163956855284196,independent_recurrence
1505,4,6,600,1,0,-0.8606387888047842,propagation
1505,4,7,600,1,0,0.9177260736518921,propagation
1505,4,8,600,1,0,0.8643267689170402,propagation
1505,4,9,600,1,0,-0.9553361316433093,propagation
1505,4,10,600,1,0,-0.8393331030825674,propagation
1505,4,11,600,1,0,0.9069726044629067,propagation
1505,4,12,600,1,33,0.6739556203377406,propagation
1505,4,13,600,1,0,-0.9318097031019951,propagation
1505,4,14,600,1,0,0.9203209364282926,propagation
1505,4,15,600,1,-44,0.7937181826484901,propagation
1508,14,0,600,1,-327,-0.5606789579797483,independent_recurrence
1508,14,1,600,1,0,-0.6212632731434808,propagation
1508,14,2,600,1,-47,0.779656662975606,propagation
1508,14,3,600,1,-54,0.6898584532133492,independent_recurrence
1508,14,4,600,1,0,0.5390931282919809,propagation
1508,14,5,600,1,1,-0.6972023254040816,propagation
1508,14,6,600,1,1,-0.7013411193736637,propagation
1508,14,7,600,1,0,-0.5887821988518724,propagation
1508,14,8,600,1,0,-0.6561606945612476,propagation
1508,14,9,600,1,0,0.6239347101961694,propagation
1508,14,10,600,1,-301,0.8059202035696044,independent_recurrence
1508,14,11,600,1,-461,-0.673830983899563,independent_recurrence
1508,14,12,600,1,0,0.635321985394942,propagation
1508,14,13,600,1,-315,-0.5767898499102799,independent_recurrence
1508,14,15,600,1,35,-0.5599284338666187,propagation
1514,2,0,600,1,-209,0.5425074025581359,independent_recurrence
1514,2,1,600,1,-542,-0.4809552229756222,independent_recurrence
1514,2,3,600,1,58,-0.7216424770392396,independent_recurrence
1514,2,4,600,1,67,0.6781861091409812,independent_recurrence
1514,2,5,600,1,58,0.5571628433453116,independent_recurrence
1514,2,6,600,1,56,0.6261852165969971,independent_recurrence
1514,2,7,600,1,58,-0.6938798030605736,independent_recurrence
1514,2,8,600,1,58,-0.6923967695594465,independent_recurrence
1514,2,9,600,1,58,0.650711108414326,independent_recurrence
1514,2,10,600,1,58,0.6134787298879957,independent_recurrence
1514,2,11,600,1,58,0.5830854731357232,independent_recurrence
1514,2,12,600,1,58,-0.6167168333442435,independent_recurrence
1514,2,13,600,1,-126,0.418073368134314,independent_recurrence
1514,2,14,600,1,0,0.6511382170430302,propagation
1514,2,15,600,1,58,0.6817246714319619,independent_recurrence
1515,0,1,600,1,83,-0.473952846869631,independent_recurrence
1515,0,2,600,1,130,-0.4893030358176988,independent_recurrence
1515,0,3,600,1,263,-0.44634837696976715,independent_recurrence
1515,0,4,600,1,129,-0.44477909379676217,independent_recurrence
1515,0,5,600,1,329,-0.6398060457292255,independent_recurrence
1515,0,6,600,1,129,-0.45017721766579694,independent_recurrence
1515,0,7,600,1,334,-0.7826240865271884,independent_recurrence
1515,0,8,600,1,155,-0.49121921724653417,independent_recurrence
1515,0,9,600,1,0,-0.4586856515050054,propagation
1515,0,10,600,1,165,-0.472678180577297,independent_recurrence
1515,0,11,600,1,109,-0.741468469000439,independent_recurrence
1515,0,12,600,1,0,0.7442526641691993,propagation
1515,0,13,600,1,235,0.4254631507835119,independent_recurrence
1515,0,14,600,1,280,0.592018720483433,independent_recurrence
1515,0,15,600,1,185,-0.7616043132628928,independent_recurrence
1517,1,0,600,1,0,-0.9089484697076974,propagation
1517,1,2,600,1,0,0.7227968182708584,propagation
1517,1,3,600,1,1,-0.6770964176089859,propagation
1517,1,4,600,1,0,0.7683762530334082,propagation
1517,1,5,600,1,9,-0.8139132411146827,propagation
1517,1,6,600,1,23,-0.750748268839494,propagation
1517,1,7,600,1,81,-0.7561130012193958,independent_recurrence
1517,1,8,600,1,66,-0.7183170961560094,independent_recurrence
1517,1,9,600,1,0,-0.8967861392828165,propagation
1517,1,10,600,1,0,-0.9097689137964786,propagation
1517,1,11,600,1,0,-0.9217051206419732,propagation
1517,1,12,600,1,193,0.7844793577061102,independent_recurrence
1517,1,13,600,1,186,0.8990586493776442,independent_recurrence
1517,1,14,600,1,186,0.8840253675558798,independent_recurrence
1517,1,15,600,1,11,0.6478514176458579,propagation
1523,8,0,600,1,-42,0.47926828505675806,propagation
1523,8,1,600,1,208,0.6676040404411187,independent_recurrence
1523,8,2,600,1,106,0.6072167570353455,independent_recurrence
1523,8,3,600,1,104,0.6935025168666904,independent_recurrence
1523,8,4,600,1,179,0.678857465674858,independent_recurrence
1523,8,5,600,1,111,-0.8339553089633345,independent_recurrence
1523,8,6,600,1,0,0.7555368498450955,propagation
1523,8,7,600,1,0,0.8901588894139487,propagation
1523,8,9,600,1,103,-0.6471737226768202,independent_recurrence
1523,8,10,600,1,-32,0.5987088278764974,propagation
1523,8,11,600,1,103,-0.5508419171777359,independent_recurrence
1523,8,12,600,1,101,-0.8371659472424288,independent_recurrence
1523,8,13,600,1,108,0.6350956959238022,independent_recurrence
1523,8,14,600,1,465,0.4933335752980247,independent_recurrence
1523,8,15,600,1,142,-0.8409412589221114,independent_recurrence
1528,4,0,600,1,-181,0.6281139212629845,independent_recurrence
1528,4,1,600,1,-96,-0.5464207582229352,independent_recurrence
1528,4,2,600,1,-197,0.6738382719919241,independent_recurrence
1528,4,3,600,1,-216,0.4453377710370123,independent_recurrence
1528,4,5,600,1,-130,-0.5429547767618397,independent_recurrence
1528,4,6,600,1,108,0.50876606987356,independent_recurrence
1528,4,7,600,1,-2,-0.6214906830609402,propagation
1528,4,8,600,1,-77,-0.5943420843496644,independent_recurrence
1528,4,9,600,1,279,0.4877790987602184,independent_recurrence
1528,4,10,600,1,59,-0.5133245505454748,independent_recurrence
1528,4,11,600,1,-193,0.7305278873485116,independent_recurrence
1528,4,12,600,1,48,0.859257440372751,propagation
1528,4,13,600,1,143,0.6527840937444325,independent_recurrence
1528,4,14,600,1,-47,-0.6427985341838798,propagation
1528,4,15,600,1,-203,0.4774968313789349,independent_recurrence
1531,7,0,600,1,-396,0.3592102947461227,independent_recurrence
1531,7,1,600,1,-394,0.33417493081004984,independent_recurrence
1531,7,2,600,1,120,0.7456432966992171,independent_recurrence
1531,7,3,600,1,-72,0.4494468043639723,independent_recurrence
1531,7,4,600,1,139,-0.45247393289168447,independent_recurrence
1531,7,5,600,1,-324,0.30182491753888663,independent_recurrence
1531,7,6,600,1,-396,-0.5638887540744488,independent_recurrence
1531,7,8,600,1,-395,0.3304361589278448,independent_recurrence
1531,7,9,600,1,-394,0.3763535401936627,independent_recurrence
1531,7,10,600,1,-395,-0.34152447154769067,independent_recurrence
1531,7,11,600,1,137,0.37200560894935836,independent_recurrence
1531,7,12,600,1,126,0.43750915474484087,independent_recurrence
1531,7,13,600,1,-394,0.409165534749122,independent_recurrence
1531,7,14,600,1,-396,-0.381368551241901,independent_recurrence
1531,7,15,600,1,-373,-0.31464680105845655,independent_recurrence
1532,15,0,600,1,-73,-0.7435655135286263,independent_recurrence
1532,15,1,600,1,-32,0.6296492910576845,propagation
1532,15,2,600,1,-21,0.7631543439903499,propagation
1532,15,3,600,1,275,0.5259531892711308,independent_recurrence
1532,15,4,600,1,-242,-0.6012704393953089,independent_recurrence
1532,15,5,600,1,-153,0.8942739289740416,independent_recurrence
1532,15,6,600,1,-126,-0.5727289452787384,independent_recurrence
1532,15,7,600,1,-104,0.5954344695585472,independent_recurrence
1532,15,8,600,1,293,0.526585859322047,independent_recurrence
1532,15,9,600,1,-118,-0.582071408372506,independent_recurrence
1532,15,10,600,1,-110,-0.5855948142700362,independent_recurrence
1532,15,11,600,1,17,0.7336449760028653,propagation
1532,15,12,600,1,-216,-0.5830999142072827,independent_recurrence
1532,15,13,600,1,-41,-0.7270695180736374,propagation
1532,15,14,600,1,-119,-0.6325880751249497,independent_recurrence
1536,3,0,600,1,0,-0.6042099941766426,propagation
1536,3,1,600,1,347,-0.3193099423141243,independent_recurrence
1536,3,2,600,1,0,0.9097684944313769,propagation
1536,3,4,600,1,-515,0.48352067943843696,independent_recurrence
1536,3,5,600,1,0,-0.8781807068358459,propagation
1536,3,6,600,1,0,-0.8465835760390421,propagation
1536,3,7,600,1,0,-0.8300556262123602,propagation
1536,3,8,600,1,0,-0.5886109906349777,propagation
1536,3,9,600,1,9,0.7346557915513746,propagation
1536,3,10,600,1,228,-0.5729357973681909,independent_recurrence
1536,3,11,600,1,0,0.8160019759622962,propagation
1536,3,12,600,1,0,0.8409631314625713,propagation
1536,3,13,600,1,0,-0.8069202563572309,propagation
1536,3,14,600,1,0,0.7976212232973674,propagation
1536,3,15,600,1,0,0.7292235553326305,propagation
1551,2,0,600,1,0,-0.9852645669772846,propagation
1551,2,1,600,1,0,0.7603018852377083,propagation
1551,2,3,600,1,-234,0.4149515956929733,independent_recurrence
1551,2,4,600,1,0,-0.9724231017215493,propagation
1551,2,5,600,1,0,-0.9891885245481018,propagation
1551,2,6,600,1,0,-0.9867716465105012,propagation
1551,2,7,600,1,0,-0.8323314701188363,propagation
1551,2,8,600,1,0,-0.9566367085688485,propagation
1551,2,9,600,1,40,-0.7248307941796638,propagation
1551,2,10,600,1,1,-0.7957325256101061,propagation
1551,2,11,600,1,0,0.9130818345989564,propagation
1551,2,12,600,1,0,-0.9841711397692388,propagation
1551,2,13,600,1,0,-0.9783087734108229,propagation
1551,2,14,600,1,0,-0.9640951480579247,propagation
1551,2,15,600,1,-48,-0.6768832248298436,propagation
1552,8,0,600,1,-65,-0.44287691186663486,independent_recurrence
1552,8,1,600,1,-176,-0.4985996742606027,independent_recurrence
1552,8,2,600,1,0,-0.639222821729333,propagation
1552,8,3,600,1,0,-0.6156408007095066,propagation
1552,8,4,600,1,-221,0.38915161046926566,independent_recurrence
1552,8,5,600,1,0,-0.6109009184747862,propagation
1552,8,6,600,1,-210,0.46651377878507977,independent_recurrence
1552,8,7,600,1,-8,-0.5309190079155645,propagation
1552,8,9,600,1,-167,-0.4354441931953816,independent_recurrence
1552,8,10,600,1,0,-0.5329728725198103,propagation
1552,8,11,600,1,0,0.5997705680575479,propagation
1552,8,12,600,1,-159,-0.47626547083687626,independent_recurrence
1552,8,13,600,1,1,-0.5640708125950887,propagation
1552,8,14,600,1,165,-0.42194377858877985,independent_recurrence
1552,8,15,600,1,0,0.6170445102518065,propagation
1562,14,0,600,1,0,0.7283203541154625,propagation
1562,14,1,600,1,0,0.45807184940008533,propagation
1562,14,2,600,1,0,0.829606656587845,propagation
1562,14,3,600,1,0,-0.796557565143981,propagation
1562,14,4,600,1,-1,-0.6071072701572873,propagation
1562,14,5,600,1,0,0.8360329297503207,propagation
1562,14,6,600,1,-42,0.5123761493454911,propagation
1562,14,7,600,1,0,-0.8230976353461391,propagation
1562,14,8,600,1,0,-0.7983253546788757,propagation
1562,14,9,600,1,0,0.8454310735481338,propagation
1562,14,10,600,1,14,0.742875066494405,propagation
1562,14,11,600,1,0,0.7793856220579432,propagation
1562,14,12,600,1,0,-0.8714925222294251,propagation
1562,14,13,600,1,0,-0.8150054101385099,propagation
1562,14,15,600,1,0,-0.7967754448015736,propagation
1582,15,0,600,1,0,-0.7880865119133909,propagation
1582,15,1,600,1,-84,0.6640786632322253,independent_recurrence
1582,15,2,600,1,18,0.6959565918616384,propagation
1582,15,3,600,1,-31,0.8034437685102773,propagation
1582,15,4,600,1,17,-0.6025030578435729,propagation
1582,15,5,600,1,-202,-0.669611850409479,independent_recurrence
1582,15,6,600,1,113,0.321127650304027,independent_recurrence
1582,15,7,600,1,5,-0.6182227033941159,propagation
1582,15,8,600,1,-177,0.3271521500741947,independent_recurrence
1582,15,9,600,1,-150,0.664128618192922,independent_recurrence
1582,15,10,600,1,-198,0.6188523251908012,independent_recurrence
1582,15,11,600,1,-4,-0.8427587308506764,propagation
1582,15,12,600,1,-199,-0.6214471171826943,independent_recurrence
1582,15,13,600,1,1,-0.7170473362331691,propagation
1582,15,14,600,1,0,-0.6954987010828244,propagation
1588,14,0,600,1,180,-0.38391176698344764,independent_recurrence
1588,14,1,600,1,127,-0.6198842702199746,independent_recurrence
1588,14,2,600,1,0,-0.7630405339791378,propagation
1588,14,3,600,1,-271,0.5285862442319067,independent_recurrence
1588,14,4,600,1,-149,0.40427501286139605,independent_recurrence
1588,14,5,600,1,-6,0.48118661567722837,propagation
1588,14,6,600,1,0,0.8692150363557652,propagation
1588,14,7,600,1,0,0.8453564014357824,propagation
1588,14,8,600,1,0,0.8154910613627787,propagation
1588,14,9,600,1,0,0.8497286436542366,propagation
1588,14,10,600,1,0,0.827410267262528,propagation
1588,14,11,600,1,0,0.8572108217992536,propagation
1588,14,12,600,1,0,-0.7976166488844427,propagation
1588,14,13,600,1,-20,-0.674364809954018,propagation
1588,14,15,600,1,0,-0.5347320701799443,propagation
1602,3,0,600,1,-2,-0.7292826408489185,propagation
1602,3,1,600,1,-2,-0.7421178835838013,propagation
1602,3,2,600,1,-44,-0.6436750836281955,propagation
1602,3,4,600,1,6,-0.5134764415179424,propagation
1602,3,5,600,1,-47,-0.67779531126815,propagation
1602,3,6,600,1,51,-0.5931456875091838,independent_recurrence
1602,3,7,600,1,0,0.733163327012771,propagation
1602,3,8,600,1,0,0.7288104837964435,propagation
1602,3,9,600,1,-180,-0.4958045374966046,independent_recurrence
1602,3,10,600,1,-2,-0.7355242227828117,propagation
1602,3,11,600,1,-1,-0.743795280657534,propagation
1602,3,12,600,1,0,0.7559519923706306,propagation
1602,3,13,600,1,-1,-0.6700287696130147,propagation
1602,3,14,600,1,-30,0.6894051874396017,propagation
1602,3,15,600,1,1,-0.7027404440093956,propagation
1614,2,0,600,1,-141,0.6628947688510095,independent_recurrence
1614,2,1,600,1,0,-0.5545325713535241,propagation
1614,2,3,600,1,52,-0.6344081676907765,independent_recurrence
1614,2,4,600,1,62,0.8088709333177362,independent_recurrence
1614,2,5,600,1,-8,0.8185896945093651,propagation
1614,2,6,600,1,-14,0.7873148416835096,propagation
1614,2,7,600,1,0,0.7797536897029598,propagation
1614,2,8,600,1,0,0.7696109491339758,propagation
1614,2,9,600,1,99,-0.7062448789132245,independent_recurrence
1614,2,10,600,1,87,-0.6959872305749935,independent_recurrence
1614,2,11,600,1,93,-0.7038651622324583,independent_recurrence
1614,2,12,600,1,121,-0.7570725679285442,independent_recurrence
1614,2,13,600,1,97,-0.7130590603460261,independent_recurrence
1614,2,14,600,1,96,-0.7179448448287731,independent_recurrence
1614,2,15,600,1,317,-0.4408821424480733,independent_recurrence
1622,0,1,600,1,0,-0.946931060999719,propagation
1622,0,2,600,1,0,0.960624586577015,propagation
1622,0,3,600,1,68,-0.7303373473212476,independent_recurrence
1622,0,4,600,1,0,0.6451235289088367,propagation
1622,0,5,600,1,0,0.9443073350776133,propagation
1622,0,6,600,1,0,-0.9178211603284293,propagation
1622,0,7,600,1,0,0.9620105309871587,propagation
1622,0,8,600,1,0,0.7747946895509464,propagation
1622,0,9,600,1,-18,0.734841278173687,propagation
1622,0,10,600,1,-158,-0.6284482882666627,independent_recurrence
1622,0,11,600,1,1,-0.7414419436104565,propagation
1622,0,12,600,1,1,-0.7627364142063755,propagation
1622,0,13,600,1,0,0.9520298608242777,propagation
1622,0,14,600,1,0,-0.5833333739003769,propagation
1622,0,15,600,1,130,-0.532397067287287,independent_recurrence
1625,5,0,600,1,1,-0.6530976264011553,propagation
1625,5,1,600,1,1,-0.6100419859241011,propagation
1625,5,2,600,1,0,0.6127819496707212,propagation
1625,5,3,600,1,1,-0.570317901202589,propagation
1625,5,4,600,1,-274,-0.44893779823172847,independent_recurrence
1625,5,6,600,1,-165,0.49148812744130377,independent_recurrence
1625,5,7,600,1,304,0.586028859467929,independent_recurrence
1625,5,8,600,1,0,0.5442488970904131,propagation
1625,5,9,600,1,306,-0.448643437231117,independent_recurrence
1625,5,10,600,1,-111,0.36800533953938425,independent_recurrence
1625,5,11,600,1,0,0.5941806705046868,propagation
1625,5,12,600,1,0,0.39164435906280093,propagation
1625,5,13,600,1,0,0.6226665521301291,propagation
1625,5,14,600,1,0,0.7214440364666694,propagation
1625,5,15,600,1,0,0.6394039060595152,propagation
1628,14,0,600,1,-50,-0.6624006731389734,propagation
1628,14,1,600,1,-104,0.739727606090015,independent_recurrence
1628,14,2,600,1,-460,0.6408631284284217,independent_recurrence
1628,14,3,600,1,41,0.7042090759010349,propagation
1628,14,4,600,1,88,0.7094486891602366,independent_recurrence
1628,14,5,600,1,63,-0.48551967541990676,independent_recurrence
1628,14,6,600,1,-457,-0.5380991409456063,independent_recurrence
1628,14,7,600,1,34,0.6075607731986002,propagation
1628,14,8,600,1,-31,0.5302493635958069,propagation
1628,14,9,600,1,-118,0.5558517885494332,independent_recurrence
1628,14,10,600,1,-468,0.42231240922046415,independent_recurrence
1628,14,11,600,1,-444,0.6389681810379401,independent_recurrence
1628,14,12,600,1,-68,-0.572408578531372,independent_recurrence
1628,14,13,600,1,-42,-0.5289187148766272,propagation
1628,14,15,600,1,0,0.8237823722625476,propagation
1629,6,0,600,1,1,-0.8901181460504988,propagation
1629,6,1,600,1,0,-0.9473388905288722,propagation
1629,6,2,600,1,0,-0.9578250860432098,propagation
1629,6,3,600,1,0,-0.8559035960710419,propagation
1629,6,4,600,1,-14,0.7394780391859508,propagation
1629,6,5,600,1,0,-0.9504640869347502,propagation
1629,6,7,600,1,0,-0.95449739990995,propagation
1629,6,8,600,1,-21,-0.6545943235236648,propagation
1629,6,9,600,1,217,-0.5858420095082685,independent_recurrence
1629,6,10,600,1,107,0.5308228214882491,independent_recurrence
1629,6,11,600,1,0,-0.9218783565455427,propagation
1629,6,12,600,1,0,-0.9503454333951261,propagation
1629,6,13,600,1,71,-0.7172274520039368,independent_recurrence
1629,6,14,600,1,0,0.6276722170034092,propagation
1629,6,15,600,1,64,0.3791324317054936,independent_recurrence
1633,11,0,600,1,-99,0.4665508992536365,independent_recurrence
1633,11,1,600,1,-90,-0.4273516892798499,independent_recurrence
1633,11,2,600,1,-106,0.5209771280195935,independent_recurrence
1633,11,3,600,1,-154,0.6644066020915947,independent_recurrence
1633,11,4,600,1,28,-0.5159686697346586,propagation
1633,11,5,600,1,4,-0.5070430678485358,propagation
1633,11,6,600,1,-154,0.47408946715436723,independent_recurrence
1633,11,7,600,1,-154,0.47874105045276166,independent_recurrence
1633,11,8,600,1,-153,0.5603217251376149,independent_recurrence
1633,11,9,600,1,386,0.4032936561948684,independent_recurrence
1633,11,10,600,1,24,-0.4390077366161887,propagation
1633,11,12,600,1,219,0.49695962469799765,independent_recurrence
1633,11,13,600,1,-69,0.4603168277824836,independent_recurrence
1633,11,14,600,1,255,0.5211187964993546,independent_recurrence
1633,11,15,600,1,-154,0.5724438800814491,independent_recurrence
1634,2,0,600,1,-107,0.595597516316248,independent_recurrence
1634,2,1,600,1,-56,-0.5207410293382368,independent_recurrence
1634,2,3,600,1,-11,0.6440671171913679,propagation
1634,2,4,600,1,134,0.7089323947735822,independent_recurrence
1634,2,5,600,1,-107,0.6484999584272773,independent_recurrence
1634,2,6,600,1,-41,-0.532161504618956,propagation
1634,2,7,600,1,394,0.5314824426900248,independent_recurrence
1634,2,8,600,1,42,-0.40371648180030695,propagation
1634,2,9,600,1,-107,0.6474555238977019,independent_recurrence
1634,2,10,600,1,-107,-0.5676612963724968,independent_recurrence
1634,2,11,600,1,-107,-0.614740202955583,independent_recurrence
1634,2,12,600,1,-107,0.7444570874616797,independent_recurrence
1634,2,13,600,1,-107,-0.652523763178241,independent_recurrence
1634,2,14,600,1,-105,0.5426476158450229,independent_recurrence
1634,2,15,600,1,-106,-0.6835253952813438,independent_recurrence
1644,15,0,600,1,-277,-0.6406986715237273,independent_recurrence
1644,15,1,600,1,0,0.6388611741947279,propagation
1644,15,2,600,1,-3,-0.7303858512377042,propagation
1644,15,3,600,1,0,0.7451507072597395,propagation
1644,15,4,600,1,0,0.6667940931380452,propagation
1644,15,5,600,1,0,-0.5706129393569975,propagation
1644,15,6,600,1,-468,0.5471125336579972,independent_recurrence
1644,15,7,600,1,0,-0.5380072189635444,propagation
1644,15,8,600,1,-464,0.5107067241719794,independent_recurrence
1644,15,9,600,1,-273,-0.6205831411771874,independent_recurrence
1644,15,10,600,1,-493,0.6070358072180645,independent_recurrence
1644,15,11,600,1,-482,0.59023690409079,independent_recurrence
1644,15,12,600,1,0,0.7403457397405627,propagation
1644,15,13,600,1,0,0.7247338061434033,propagation
1644,15,14,600,1,-301,-0.6300757636906272,independent_recurrence
1646,3,0,600,1,147,0.5270815931913232,independent_recurrence
1646,3,1,600,1,241,0.4967173128330924,independent_recurrence
1646,3,2,600,1,41,0.8822447578627384,propagation
1646,3,4,600,1,-166,-0.5306054259760148,independent_recurrence
1646,3,5,600,1,-162,-0.47924681731214963,independent_recurrence
1646,3,6,600,1,278,0.8117053971851598,independent_recurrence
1646,3,7,600,1,-163,-0.5112423629230407,independent_recurrence
1646,3,8,600,1,184,0.5700294358562124,independent_recurrence
1646,3,9,600,1,276,0.6721975960074251,independent_recurrence
1646,3,10,600,1,306,-0.6420933952822714,independent_recurrence
1646,3,11,600,1,200,0.6564318976200649,independent_recurrence
1646,3,12,600,1,149,0.7513388028893697,independent_recurrence
1646,3,13,600,1,125,0.5900982525302139,independent_recurrence
1646,3,14,600,1,-165,-0.5833365854145527,independent_recurrence
1646,3,15,600,1,0,0.7234094214705895,propagation
1647,9,0,600,1,-13,-0.6372504394309942,propagation
1647,9,1,600,1,165,0.6956652839783244,independent_recurrence
1647,9,2,600,1,164,0.7573996609744126,independent_recurrence
1647,9,3,600,1,87,0.5961868586598061,independent_recurrence
1647,9,4,600,1,168,0.6086911686036933,independent_recurrence
1647,9,5,600,1,129,-0.7247565684316961,independent_recurrence
1647,9,6,600,1,42,-0.5080821013518934,propagation
1647,9,7,600,1,1,-0.6342984614784652,propagation
1647,9,8,600,1,155,0.5732458987318303,independent_recurrence
1647,9,10,600,1,0,0.7960673033585288,propagation
1647,9,11,600,1,134,-0.6535238774001121,independent_recurrence
1647,9,12,600,1,-188,0.4136132280958566,independent_recurrence
1647,9,13,600,1,28,0.680166771335292,propagation
1647,9,14,600,1,0,0.7223770828310687,propagation
1647,9,15,600,1,171,-0.4324770187656844,independent_recurrence
1650,9,0,600,1,-78,0.4039309142767203,independent_recurrence
1650,9,1,600,1,286,0.525769718002118,independent_recurrence
1650,9,2,600,1,-24,-0.750790309218889,propagation
1650,9,3,600,1,12,-0.8245422410691637,propagation
1650,9,4,600,1,-2,0.8871263745006405,propagation
1650,9,5,600,1,-13,0.7360921826783839,propagation
1650,9,6,600,1,75,0.59631724203384,independent_recurrence
1650,9,7,600,1,-79,-0.5966763442524956,independent_recurrence
1650,9,8,600,1,-13,0.8112494489334814,propagation
1650,9,10,600,1,46,0.6372268563917426,propagation
1650,9,11,600,1,201,0.5340194709748193,independent_recurrence
1650,9,12,600,1,-14,0.815892070252461,propagation
1650,9,13,600,1,-18,0.9176914957707004,propagation
1650,9,14,600,1,-11,0.8866097666646704,propagation
1650,9,15,600,1,159,-0.498661138761308,independent_recurrence
1668,9,0,600,1,224,-0.42403306154030185,independent_recurrence
1668,9,1,600,1,63,-0.6039722984648086,independent_recurrence
1668,9,2,600,1,53,-0.6417710063487144,independent_recurrence
1668,9,3,600,1,72,-0.5608215642075688,independent_recurrence
1668,9,4,600,1,100,0.5718365941985877,independent_recurrence
1668,9,5,600,1,-15,-0.5825900941008255,propagation
1668,9,6,600,1,-31,-0.5717515799651126,propagation
1668,9,7,600,1,3,-0.5532322155089929,propagation
1668,9,8,600,1,5,-0.5574937929558053,propagation
1668,9,10,600,1,43,-0.37948421967570956,propagation
1668,9,11,600,1,-6,-0.6499507696562757,propagation
1668,9,12,600,1,141,-0.5945245150938141,independent_recurrence
1668,9,13,600,1,174,0.7252267281688836,independent_recurrence
1668,9,14,600,1,30,0.6303201618400883,propagation
1668,9,15,600,1,0,0.774600683006606,propagation
1673,13,0,600,1,102,0.47506161611317604,independent_recurrence
1673,13,1,600,1,93,-0.6565045495572366,independent_recurrence
1673,13,2,600,1,114,0.791402469996195,independent_recurrence
1673,13,3,600,1,107,-0.5927696155562344,independent_recurrence
1673,13,4,600,1,117,0.5987953302514506,independent_recurrence
1673,13,5,600,1,59,0.6106999070113798,independent_recurrence
1673,13,6,600,1,60,-0.46950664635651407,independent_recurrence
1673,13,7,600,1,118,-0.6346775104522469,independent_recurrence
1673,13,8,600,1,111,-0.493993505809313,independent_recurrence
1673,13,9,600,1,118,-0.5428045929806857,independent_recurrence
1673,13,10,600,1,106,0.4852678278573101,independent_recurrence
1673,13,11,600,1,120,0.4470079698369853,independent_recurrence
1673,13,12,600,1,-323,0.4658336943183799,independent_recurrence
1673,13,14,600,1,111,-0.4593166430471829,independent_recurrence
1673,13,15,600,1,-329,0.4484382701679663,independent_recurrence
1686,2,0,600,1,0,-0.7324030478004094,propagation
1686,2,1,600,1,-2,-0.5350519957813247,propagation
1686,2,3,600,1,1,-0.6528226467315101,propagation
1686,2,4,600,1,0,0.6833542814348799,propagation
1686,2,5,600,1,0,0.7398176708236428,propagation
1686,2,6,600,1,-92,-0.44073479232189283,independent_recurrence
1686,2,7,600,1,0,0.6760197644417318,propagation
1686,2,8,600,1,0,0.7750017300152943,propagation
1686,2,9,600,1,0,-0.7478574879383714,propagation
1686,2,10,600,1,0,0.36818215032465984,propagation
1686,2,11,600,1,0,0.8706030359678049,propagation
1686,2,12,600,1,1,-0.6782612879298177,propagation
1686,2,13,600,1,-2,-0.4158560453374539,propagation
1686,2,14,600,1,553,0.37812448797607834,independent_recurrence
1686,2,15,600,1,234,0.4660355925937109,independent_recurrence
1697,14,0,600,1,175,-0.7376668114468531,independent_recurrence
1697,14,1,600,1,28,-0.724048065005897,propagation
1697,14,2,600,1,21,-0.7701843128935688,propagation
1697,14,3,600,1,178,-0.7594994695911045,independent_recurrence
1697,14,4,600,1,28,-0.6777913723943928,propagation
1697,14,5,600,1,0,0.7585039283354486,propagation
1697,14,6,600,1,0,0.6933352317271502,propagation
1697,14,7,600,1,184,-0.7275962807110856,independent_recurrence
1697,14,8,600,1,0,0.8013802110341491,propagation
1697,14,9,600,1,11,0.7650331736410226,propagation
1697,14,10,600,1,-50,-0.6048768393016289,propagation
1697,14,11,600,1,22,0.7649395225316554,propagation
1697,14,12,600,1,84,0.7504597258552161,independent_recurrence
1697,14,13,600,1,19,0.7297046909291994,propagation
1697,14,15,600,1,23,-0.7577450128069195,propagation
1710,9,0,600,1,-94,0.45622975975911684,independent_recurrence
1710,9,1,600,1,-71,0.5752053942721815,independent_recurrence
1710,9,2,600,1,-87,0.8015014350537855,independent_recurrence
1710,9,3,600,1,16,0.8697251574946345,propagation
1710,9,4,600,1,-17,0.617906745637105,propagation
1710,9,5,600,1,-74,0.8301895285678434,independent_recurrence
1710,9,6,600,1,-80,0.6865315804834637,independent_recurrence
1710,9,7,600,1,-85,0.8886447864643275,independent_recurrence
1710,9,8,600,1,-70,0.7695150798143328,independent_recurrence
1710,9,10,600,1,-74,0.7698952720989312,independent_recurrence
1710,9,11,600,1,-92,0.5605399143740598,independent_recurrence
1710,9,12,600,1,0,0.7936317271284976,propagation
1710,9,13,600,1,0,0.7233347729062178,propagation
1710,9,14,600,1,-71,0.7375988194400791,independent_recurrence
1710,9,15,600,1,-59,0.7511326593108405,independent_recurrence
1717,15,0,600,1,0,-0.9256429858129543,propagation
1717,15,1,600,1,-32,-0.3152151575839689,propagation
1717,15,2,600,1,150,-0.599673278355646,independent_recurrence
1717,15,3,600,1,43,-0.8223651971469339,propagation
1717,15,4,600,1,75,0.782856832720965,independent_recurrence
1717,15,5,600,1,0,-0.8107444497306945,propagation
1717,15,6,600,1,175,0.7470041408351021,independent_recurrence
1717,15,7,600,1,0,-0.7147770936494758,propagation
1717,15,8,600,1,155,-0.6285802475743354,independent_recurrence
1717,15,9,600,1,42,-0.8896830658287396,propagation
1717,15,10,600,1,247,0.5846806050454824,independent_recurrence
1717,15,11,600,1,237,-0.5583700434454102,independent_recurrence
1717,15,12,600,1,173,-0.5405784613363784,independent_recurrence
1717,15,13,600,1,0,-0.7811542092744849,propagation
1717,15,14,600,1,0,0.7538414942786555,propagation
1719,3,0,600,1,-125,0.6867899680494994,independent_recurrence
1719,3,1,600,1,0,0.8522928123511418,propagation
1719,3,2,600,1,-167,0.5139655716034106,independent_recurrence
1719,3,4,600,1,108,-0.5914793304341088,independent_recurrence
1719,3,5,600,1,0,-0.9375397722984958,propagation
1719,3,6,600,1,0,-0.9287218749560444,propagation
1719,3,7,600,1,0,-0.9496319919760644,propagation
1719,3,8,600,1,0,-0.7633651576356718,propagation
1719,3,9,600,1,0,0.9319440472480613,propagation
1719,3,10,600,1,5,0.7967400146144975,propagation
1719,3,11,600,1,0,0.8996260980551916,propagation
1719,3,12,600,1,0,-0.8492298460777401,propagation
1719,3,13,600,1,-103,-0.6984699872488532,independent_recurrence
1719,3,14,600,1,-44,-0.804097416801032,propagation
1719,3,15,600,1,0,-0.8706432210101828,propagation
1735,0,1,600,1,1,-0.40548818606988146,propagation
1735,0,2,600,1,0,0.42508183452822124,propagation
1735,0,3,600,1,562,-0.37802777468328047,independent_recurrence
1735,0,4,600,1,0,0.4699316818336334,propagation
1735,0,5,600,1,1,-0.37761661344726477,propagation
1735,0,6,600,1,7,0.44432891093152194,propagation
1735,0,7,600,1,0,0.3941072978093379,propagation
1735,0,8,600,1,1,-0.465006248374038,propagation
1735,0,9,600,1,0,0.40469858843338863,propagation
1735,0,10,600,1,-112,0.37091922993234977,independent_recurrence
1735,0,11,600,1,25,-0.3737965925404248,propagation
1735,0,12,600,1,0,0.435944384067854,propagation
1735,0,13,600,1,0,0.5037598530687315,propagation
1735,0,14,600,1,0,0.4931368958952883,propagation
1735,0,15,600,1,0,0.4408207096929877,propagation
1737,3,0,600,1,0,-0.8099846738826332,propagation
1737,3,1,600,1,36,0.7144371082799096,propagation
1737,3,2,600,1,0,-0.7908038786478057,propagation
1737,3,4,600,1,8,-0.7403779066807911,propagation
1737,3,5,600,1,47,0.6588475328939715,propagation
1737,3,6,600,1,0,-0.7832020690003113,propagation
1737,3,7,600,1,0,0.6907615898537948,propagation
1737,3,8,600,1,47,0.5937588525009079,propagation
1737,3,9,600,1,11,0.7926870007563673,propagation
1737,3,10,600,1,0,0.7474475430059839,propagation
1737,3,11,600,1,56,0.6207207274206271,independent_recurrence
1737,3,12,600,1,0,-0.6699870574287964,propagation
1737,3,13,600,1,82,-0.7002126996311061,independent_recurrence
1737,3,14,600,1,63,0.6433952404287926,independent_recurrence
1737,3,15,600,1,96,0.5830688541650837,independent_recurrence
1740,0,1,600,1,46,-0.1255098277360805,propagation
1740,0,2,600,1,198,-0.17946960872464884,independent_recurrence
1740,0,3,600,1,365,0.09082546839344265,independent_recurrence
1740,0,4,600,1,41,0.10960855504324746,propagation
1740,0,5,600,1,-25,-0.13138102570017415,propagation
1740,0,6,600,1,45,0.10624155266981873,propagation
1740,0,7,600,1,286,-0.09061994886086588,independent_recurrence
1740,0,8,600,1,-315,0.12923654252237257,independent_recurrence
1740,0,9,600,1,363,0.12669590012034448,independent_recurrence
1740,0,10,600,1,-48,0.09193393285039365,propagation
1740,0,11,600,1,31,0.09611210215710704,propagation
1740,0,12,600,1,-35,0.0949437703878253,propagation
1740,0,13,600,1,-40,0.10384387486233647,propagation
1740,0,14,600,1,-382,-0.10223102777313259,independent_recurrence
1740,0,15,600,1,-30,-0.11638431225050733,propagation
1746,0,1,600,1,0,-0.7849771158181956,propagation
1746,0,2,600,1,0,0.9674192542543153,propagation
1746,0,3,600,1,40,-0.6677823815861459,propagation
1746,0,4,600,1,0,-0.7039114368875687,propagation
1746,0,5,600,1,0,0.6784523715483217,propagation
1746,0,6,600,1,69,0.7142954361342099,independent_recurrence
1746,0,7,600,1,207,0.5996377833703621,independent_recurrence
1746,0,8,600,1,96,0.7285203254749808,independent_recurrence
1746,0,9,600,1,0,0.6336293691548168,propagation
1746,0,10,600,1,0,0.9112320375616685,propagation
1746,0,11,600,1,0,0.5015189283184215,propagation
1746,0,12,600,1,436,0.650641260018449,independent_recurrence
1746,0,13,600,1,1,-0.7897390214344111,propagation
1746,0,14,600,1,0,0.8167647763445155,propagation
1746,0,15,600,1,0,0.8471412519433881,propagation
1753,4,0,600,1,157,0.8968280091618266,independent_recurrence
1753,4,1,600,1,-16,-0.6688293342872367,propagation
1753,4,2,600,1,61,-0.6952008781700223,independent_recurrence
1753,4,3,600,1,-55,0.8067267986411807,independent_recurrence
1753,4,5,600,1,144,0.8201256008032604,independent_recurrence
1753,4,6,600,1,0,0.6944721323268287,propagation
1753,4,7,600,1,0,0.6384575231084373,propagation
1753,4,8,600,1,0,0.716511841978361,propagation
1753,4,9,600,1,107,0.6842221258822974,independent_recurrence
1753,4,10,600,1,157,0.5888845612739816,independent_recurrence
1753,4,11,600,1,156,0.7825431590526013,independent_recurrence
1753,4,12,600,1,113,-0.8311395125395554,independent_recurrence
1753,4,13,600,1,179,0.5179084268898284,independent_recurrence
1753,4,14,600,1,0,0.7575253210375005,propagation
1753,4,15,600,1,150,-0.8237749738858633,independent_recurrence
1755,15,0,600,1,216,0.5793183203405803,independent_recurrence
1755,15,1,600,1,-234,0.5528698160014314,independent_recurrence
1755,15,2,600,1,-215,0.6667366994722332,independent_recurrence
1755,15,3,600,1,39,0.7056475299624148,propagation
1755,15,4,600,1,-180,0.4435928739643064,independent_recurrence
1755,15,5,600,1,185,0.5119368067299969,independent_recurrence
1755,15,6,600,1,198,0.4899295663598061,independent_recurrence
1755,15,7,600,1,-187,-0.5897627638387016,independent_recurrence
1755,15,8,600,1,-171,-0.5058093393385237,independent_recurrence
1755,15,9,600,1,-30,0.5668561218870691,propagation
1755,15,10,600,1,191,0.5488322761278158,independent_recurrence
1755,15,11,600,1,-114,-0.733751042058328,independent_recurrence
1755,15,12,600,1,-226,0.5236502029067651,independent_recurrence
1755,15,13,600,1,-282,-0.6173104051803636,independent_recurrence
1755,15,14,600,1,191,-0.5067258285190506,independent_recurrence
1776,3,0,600,1,-345,0.5944756273061785,independent_recurrence
1776,3,1,600,1,118,-0.7956346814042703,independent_recurrence
1776,3,2,600,1,-345,0.5597551812392005,independent_recurrence
1776,3,4,600,1,118,-0.6275192264347158,independent_recurrence
1776,3,5,600,1,118,-0.5865421469759116,independent_recurrence
1776,3,6,600,1,-350,0.6564817454277011,independent_recurrence
1776,3,7,600,1,-246,0.6217501154968572,independent_recurrence
1776,3,8,600,1,110,-0.5551611118331098,independent_recurrence
1776,3,9,600,1,99,-0.5855516875065955,independent_recurrence
1776,3,10,600,1,100,-0.565925300766055,independent_recurrence
1776,3,11,600,1,-354,0.5143140592918165,independent_recurrence
1776,3,12,600,1,56,0.5952703652548424,independent_recurrence
1776,3,13,600,1,-353,0.5157749515605901,independent_recurrence
1776,3,14,600,1,136,0.8190475323595244,independent_recurrence
1776,3,15,600,1,-88,0.6431838113518926,independent_recurrence
1780,4,0,600,1,272,0.2909276925199839,independent_recurrence
1780,4,1,600,1,-126,-0.35251327132708843,independent_recurrence
1780,4,2,600,1,319,-0.5658776364735675,independent_recurrence
1780,4,3,600,1,-123,-0.27988106391904394,independent_recurrence
1780,4,5,600,1,43,0.592177586775861,propagation
1780,4,6,600,1,-23,0.6060241115319189,propagation
1780,4,7,600,1,-119,-0.2790257421316746,independent_recurrence
1780,4,8,600,1,270,-0.31146919651148675,independent_recurrence
1780,4,9,600,1,369,-0.3548595531380453,independent_recurrence
1780,4,10,600,1,-137,-0.4482712333143386,independent_recurrence
1780,4,11,600,1,272,-0.39642103842596765,independent_recurrence
1780,4,12,600,1,378,-0.5234555232789413,independent_recurrence
1780,4,13,600,1,-67,-0.3177260543702883,independent_recurrence
1780,4,14,600,1,306,0.5337283535241558,independent_recurrence
1780,4,15,600,1,-109,-0.3774699130721901,independent_recurrence
1795,15,0,600,1,-206,0.3260949004376786,independent_recurrence
1795,15,1,600,1,52,0.35042157866592,independent_recurrence
1795,15,2,600,1,-219,-0.3135498673561405,independent_recurrence
1795,15,3,600,1,-28,0.4356014707094148,propagation
1795,15,4,600,1,-193,0.2892398191797401,independent_recurrence
1795,15,5,600,1,425,-0.2768897600813473,independent_recurrence
1795,15,6,600,1,422,-0.2694152777451145,independent_recurrence
1795,15,7,600,1,282,0.3196555126033842,independent_recurrence
1795,15,8,600,1,-215,-0.27097129932800773,independent_recurrence
1795,15,9,600,1,-222,0.2750953204594541,independent_recurrence
1795,15,10,600,1,428,0.24444037102219515,independent_recurrence
1795,15,11,600,1,285,-0.3640116483042312,independent_recurrence
1795,15,12,600,1,-216,0.2581057265626834,independent_recurrence
1795,15,13,600,1,-223,0.27259978916690036,independent_recurrence
1795,15,14,600,1,-179,0.3002732051704405,independent_recurrence
1811,3,0,600,1,-44,-0.5602757884435654,propagation
1811,3,1,600,1,362,0.5081507900276876,independent_recurrence
1811,3,2,600,1,-60,0.723443919343026,independent_recurrence
1811,3,4,600,1,6,0.6602298559809763,propagation
1811,3,5,600,1,-59,0.7400605620338697,independent_recurrence
1811,3,6,600,1,-60,0.7539718981353292,independent_recurrence
1811,3,7,600,1,-95,0.6314010843809332,independent_recurrence
1811,3,8,600,1,-56,0.7109045651984777,independent_recurrence
1811,3,9,600,1,-57,-0.5486858812459543,independent_recurrence
1811,3,10,600,1,-50,-0.5798216389109864,propagation
1811,3,11,600,1,-46,-0.5679303758776869,propagation
1811,3,12,600,1,-43,-0.5812136953740363,propagation
1811,3,13,600,1,-47,-0.6159859857626665,propagation
1811,3,14,600,1,-45,-0.5836575460574372,propagation
1811,3,15,600,1,-83,0.7583217486113742,independent_recurrence
1812,3,0,600,1,162,0.7753709423565244,independent_recurrence
1812,3,1,600,1,95,-0.7008195428463847,independent_recurrence
1812,3,2,600,1,41,0.6321010980835522,propagation
1812,3,4,600,1,40,0.6190024662875419,propagation
1812,3,5,600,1,41,-0.5969334280551855,propagation
1812,3,6,600,1,-404,0.39693178921804684,independent_recurrence
1812,3,7,600,1,39,-0.6252010917069815,propagation
1812,3,8,600,1,161,-0.6573666862168291,independent_recurrence
1812,3,9,600,1,160,0.6720959889455138,independent_recurrence
1812,3,10,600,1,161,0.818398257367428,independent_recurrence
1812,3,11,600,1,0,0.6399117373338815,propagation
1812,3,12,600,1,162,0.7419063753548788,independent_recurrence
1812,3,13,600,1,144,0.6381425074438196,independent_recurrence
1812,3,14,600,1,0,-0.6905104698679011,propagation
1812,3,15,600,1,110,0.6737832063228939,independent_recurrence
1815,11,0,600,1,308,-0.5734878226199704,independent_recurrence
1815,11,1,600,1,-152,0.606817218659469,independent_recurrence
1815,11,2,600,1,-54,0.8636621435200432,independent_recurrence
1815,11,3,600,1,-151,0.5176498122768695,independent_recurrence
1815,11,4,600,1,-119,0.5389159646119167,independent_recurrence
1815,11,5,600,1,-118,0.7695024269576219,independent_recurrence
1815,11,6,600,1,-89,0.3792149978533907,independent_recurrence
1815,11,7,600,1,319,0.6818085485144308,independent_recurrence
1815,11,8,600,1,-74,0.6088237147137328,independent_recurrence
1815,11,9,600,1,-154,-0.7944195971395314,independent_recurrence
1815,11,10,600,1,-157,0.6732831055704988,independent_recurrence
1815,11,12,600,1,256,0.5760766878934269,independent_recurrence
1815,11,13,600,1,-103,0.8636068022370087,independent_recurrence
1815,11,14,600,1,-55,0.5605748931665308,independent_recurrence
1815,11,15,600,1,-153,0.6674001235228281,independent_recurrence
1822,0,1,600,1,0,-0.7862958695331739,propagation
1822,0,2,600,1,414,0.6700878399361238,independent_recurrence
1822,0,3,600,1,0,-0.8963717551632004,propagation
1822,0,4,600,1,226,0.7382841874940821,independent_recurrence
1822,0,5,600,1,61,0.8212666919284061,independent_recurrence
1822,0,6,600,1,0,-0.7455846202082158,propagation
1822,0,7,600,1,0,0.8485973843600795,propagation
1822,0,8,600,1,0,0.4825063114029709,propagation
1822,0,9,600,1,0,0.8615018718702813,propagation
1822,0,10,600,1,0,-0.8554991279549585,propagation
1822,0,11,600,1,0,-0.8021868172567274,propagation
1822,0,12,600,1,42,-0.7549274126707363,propagation
1822,0,13,600,1,0,-0.908113856428092,propagation
1822,0,14,600,1,460,0.6823683496442741,independent_recurrence
1822,0,15,600,1,0,0.830744580161376,propagation
1842,3,0,600,1,-84,0.6755411237268004,independent_recurrence
1842,3,1,600,1,-71,0.7031714398040722,independent_recurrence
1842,3,2,600,1,0,0.8334755591784077,propagation
1842,3,4,600,1,0,0.8581871029426852,propagation
1842,3,5,600,1,0,0.7276455111767788,propagation
1842,3,6,600,1,5,-0.5930510639327211,propagation
1842,3,7,600,1,1,-0.8108045455548989,propagation
1842,3,8,600,1,-1,-0.8327522672025626,propagation
1842,3,9,600,1,0,0.8461710624435684,propagation
1842,3,10,600,1,123,0.581501793829445,independent_recurrence
1842,3,11,600,1,-100,-0.7393197708684978,independent_recurrence
1842,3,12,600,1,1,-0.833207999847542,propagation
1842,3,13,600,1,-242,0.4798693981555409,independent_recurrence
1842,3,14,600,1,-91,-0.6897512094455215,independent_recurrence
1842,3,15,600,1,92,-0.8091408624107538,independent_recurrence
1848,15,0,600,1,2,-0.5859950339754854,propagation
1848,15,1,600,1,392,0.571280640243779,independent_recurrence
1848,15,2,600,1,0,0.5780289119206243,propagation
1848,15,3,600,1,127,-0.6228667724640032,independent_recurrence
1848,15,4,600,1,-85,0.733777577499579,independent_recurrence
1848,15,5,600,1,417,-0.5232330624801019,independent_recurrence
1848,15,6,600,1,-38,-0.5951602225147881,propagation
1848,15,7,600,1,0,0.5817743692732813,propagation
1848,15,8,600,1,411,-0.5549038944146679,independent_recurrence
1848,15,9,600,1,2,-0.6019578340630555,propagation
1848,15,10,600,1,18,-0.6095141062665955,propagation
1848,15,11,600,1,18,-0.6395244084314786,propagation
1848,15,12,600,1,0,0.6205421098497128,propagation
1848,15,13,600,1,2,-0.5453409809840466,propagation
1848,15,14,600,1,0,0.6369436944780567,propagation
1874,6,0,600,1,-130,-0.24228454764147073,independent_recurrence
1874,6,1,600,1,-130,-0.3262874211937653,independent_recurrence
1874,6,2,600,1,336,0.24598929753392126,independent_recurrence
1874,6,3,600,1,336,0.38070774900100757,independent_recurrence
1874,6,4,600,1,-35,0.357523349578605,propagation
1874,6,5,600,1,286,0.1992677750579059,independent_recurrence
1874,6,7,600,1,-339,0.3696801091750953,independent_recurrence
1874,6,8,600,1,68,-0.400818368748163,independent_recurrence
1874,6,9,600,1,285,0.1834140054514352,independent_recurrence
1874,6,10,600,1,91,-0.16993054807095656,independent_recurrence
1874,6,11,600,1,-276,0.2109665333479577,independent_recurrence
1874,6,12,600,1,168,-0.22645325101487032,independent_recurrence
1874,6,13,600,1,-142,0.3800084122127983,independent_recurrence
1874,6,14,600,1,-125,0.5141096587063785,independent_recurrence
1874,6,15,600,1,-318,0.29752883126497354,independent_recurrence
1877,6,0,600,1,1,-0.370762638911738,propagation
1877,6,1,600,1,78,-0.3792312037932132,independent_recurrence
1877,6,2,600,1,86,0.44570078617415154,independent_recurrence
1877,6,3,600,1,46,-0.358249211641804,propagation
1877,6,4,600,1,-151,0.32879313279759464,independent_recurrence
1877,6,5,600,1,-390,0.35093634001381957,independent_recurrence
1877,6,7,600,1,47,-0.3589331506802927,propagation
1877,6,8,600,1,60,0.5011283072261294,independent_recurrence
1877,6,9,600,1,-412,0.4120651866875594,independent_recurrence
1877,6,10,600,1,34,-0.448041971256179,propagation
1877,6,11,600,1,96,0.4351601802623727,independent_recurrence
1877,6,12,600,1,-286,0.4884746116026696,independent_recurrence
1877,6,13,600,1,-319,0.45202967088166046,independent_recurrence
1877,6,14,600,1,-298,0.415004629258952,independent_recurrence
1877,6,15,600,1,-418,0.40393749678364754,independent_recurrence
1885,11,0,600,1,-343,0.49595520493510414,independent_recurrence
1885,11,1,600,1,-386,0.735670683493895,independent_recurrence
1885,11,2,600,1,93,-0.40336844217874196,independent_recurrence
1885,11,3,600,1,-22,-0.543447011848752,propagation
1885,11,4,600,1,-333,-0.5393028307005325,independent_recurrence
1885,11,5,600,1,-302,-0.44073892310841,independent_recurrence
1885,11,6,600,1,-413,-0.7199910934335245,independent_recurrence
1885,11,7,600,1,126,0.4504346530519799,independent_recurrence
1885,11,8,600,1,-342,-0.5035411438319058,independent_recurrence
1885,11,9,600,1,134,-0.4845384410680362,independent_recurrence
1885,11,10,600,1,112,-0.4799595513794697,independent_recurrence
1885,11,12,600,1,-224,0.5111669389939324,independent_recurrence
1885,11,13,600,1,-335,0.4088089702288083,independent_recurrence
1885,11,14,600,1,126,0.4936898918638325,independent_recurrence
1885,11,15,600,1,-336,0.4598807683541429,independent_recurrence
1900,4,0,600,1,2,-0.7962340661699566,propagation
1900,4,1,600,1,0,0.9983728140141193,artifact
1900,4,2,600,1,539,-0.5809782725354612,independent_recurrence
1900,4,3,600,1,426,-0.6316997488014664,independent_recurrence
1900,4,5,600,1,0,-0.8049642083956384,propagation
1900,4,6,600,1,85,0.5649734539560857,independent_recurrence
1900,4,7,600,1,0,0.6275819476989998,propagation
1900,4,8,600,1,0,0.6957245565676347,propagation
1900,4,9,600,1,17,-0.8032301013213,propagation
1900,4,10,600,1,0,0.9524768946948052,propagation
1900,4,11,600,1,2,-0.31503938018432637,propagation
1900,4,12,600,1,186,-0.6374949824190485,independent_recurrence
1900,4,13,600,1,175,-0.6570396671927824,independent_recurrence
1900,4,14,600,1,0,-0.8747551247694098,propagation
1900,4,15,600,1,42,0.769549691209794,propagation
1901,14,0,600,1,73,0.7591060373878802,independent_recurrence
1901,14,1,600,1,63,-0.7667889211237524,independent_recurrence
1901,14,2,600,1,50,0.6987146935179068,propagation
1901,14,3,600,1,1,-0.7802461925335656,propagation
1901,14,4,600,1,136,0.6361144851400596,independent_recurrence
1901,14,5,600,1,47,0.7199682050620657,propagation
1901,14,6,600,1,63,-0.7344938220622457,independent_recurrence
1901,14,7,600,1,0,0.5148948371297097,propagation
1901,14,8,600,1,2,-0.48365412508992184,propagation
1901,14,9,600,1,-4,-0.4307435992304894,propagation
1901,14,10,600,1,73,-0.7775613250761525,independent_recurrence
1901,14,11,600,1,63,-0.7209124922169384,independent_recurrence
1901,14,12,600,1,0,0.7362690716545878,propagation
1901,14,13,600,1,-1,-0.8248280805358092,propagation
1901,14,15,600,1,61,0.7150868154586543,independent_recurrence
1905,6,0,600,1,96,-0.5999824335024626,independent_recurrence
1905,6,1,600,1,152,-0.37620785157462017,independent_recurrence
1905,6,2,600,1,-450,-0.5584722040747668,independent_recurrence
1905,6,3,600,1,-449,0.36473253749558004,independent_recurrence
1905,6,4,600,1,-449,0.4754186573967512,independent_recurrence
1905,6,5,600,1,152,0.4166215610409027,independent_recurrence
1905,6,7,600,1,69,0.6620292032208809,independent_recurrence
1905,6,8,600,1,-158,0.5713801050304687,independent_recurrence
1905,6,9,600,1,-187,0.4420626345742221,independent_recurrence
1905,6,10,600,1,-111,0.4193855046248098,independent_recurrence
1905,6,11,600,1,-450,-0.6364386048258831,independent_recurrence
1905,6,12,600,1,-450,0.4154485228972083,independent_recurrence
1905,6,13,600,1,-402,0.32348205732170243,independent_recurrence
1905,6,14,600,1,-328,-0.5215293521022261,independent_recurrence
1905,6,15,600,1,-450,0.4829185362562971,independent_recurrence
1932,7,0,600,1,0,0.7492446881033451,propagation
1932,7,1,600,1,-5,0.7608730602140448,propagation
1932,7,2,600,1,0,-0.5487652913573345,propagation
1932,7,3,600,1,191,0.5704613422263969,independent_recurrence
1932,7,4,600,1,0,0.6456763757224518,propagation
1932,7,5,600,1,0,0.7431475893002579,propagation
1932,7,6,600,1,76,0.4668120175547559,independent_recurrence
1932,7,8,600,1,0,0.7405375430224049,propagation
1932,7,9,600,1,-89,0.6989417527200251,independent_recurrence
1932,7,10,600,1,0,0.735739385624989,propagation
1932,7,11,600,1,0,0.7361267507349557,propagation
1932,7,12,600,1,-6,-0.6736679840748813,propagation
1932,7,13,600,1,0,0.7458432368431066,propagation
1932,7,14,600,1,-91,0.6532573788044709,independent_recurrence
1932,7,15,600,1,6,0.7086802431796776,propagation
1940,8,0,600,1,9,-0.6132699966875246,propagation
1940,8,1,600,1,375,0.5158609731730996,independent_recurrence
1940,8,2,600,1,167,0.5158065446292514,independent_recurrence
1940,8,3,600,1,9,0.6526991745045847,propagation
1940,8,4,600,1,9,0.5654881121358011,propagation
1940,8,5,600,1,199,-0.5521708708256009,independent_recurrence
1940,8,6,600,1,52,-0.5359410790070614,independent_recurrence
1940,8,7,600,1,2,-0.7794680410864205,propagation
1940,8,9,600,1,26,0.3828496342423945,propagation
1940,8,10,600,1,0,0.7084454736109652,propagation
1940,8,11,600,1,297,-0.4848165384061194,independent_recurrence
1940,8,12,600,1,154,0.4570505946155109,independent_recurrence
1940,8,13,600,1,2,-0.6941045700019868,propagation
1940,8,14,600,1,19,-0.6303780624555376,propagation
1940,8,15,600,1,0,0.616202629101624,propagation
1948,1,0,600,1,102,0.6969533511443688,independent_recurrence
1948,1,2,600,1,365,0.4896482508190189,independent_recurrence
1948,1,3,600,1,-97,0.5539959668186366,independent_recurrence
1948,1,4,600,1,172,-0.6534764696321264,independent_recurrence
1948,1,5,600,1,-18,-0.5927697516612948,propagation
1948,1,6,600,1,365,0.49431414428599124,independent_recurrence
1948,1,7,600,1,1,-0.5268940669938226,propagation
1948,1,8,600,1,365,0.47955144058028093,independent_recurrence
1948,1,9,600,1,-243,0.4787584523135294,independent_recurrence
1948,1,10,600,1,108,0.776409623937748,independent_recurrence
1948,1,11,600,1,52,0.5313635368244444,independent_recurrence
1948,1,12,600,1,148,-0.6710678252959361,independent_recurrence
1948,1,13,600,1,221,0.7485951775640882,independent_recurrence
1948,1,14,600,1,179,-0.6693207055602077,independent_recurrence
1948,1,15,600,1,-17,0.6394877405583851,propagation
1952,3,0,600,1,-433,0.4453480887489904,independent_recurrence
1952,3,1,600,1,-171,-0.579207531344839,independent_recurrence
1952,3,2,600,1,34,0.8534683249110052,propagation
1952,3,4,600,1,184,0.5900494507571864,independent_recurrence
1952,3,5,600,1,-283,0.6659950636592342,independent_recurrence
1952,3,6,600,1,-30,0.8167285685019442,propagation
1952,3,7,600,1,-217,-0.5772492534307443,independent_recurrence
1952,3,8,600,1,-65,0.8110058461053914,independent_recurrence
1952,3,9,600,1,191,0.46548220817107466,independent_recurrence
1952,3,10,600,1,185,0.583345870204995,independent_recurrence
1952,3,11,600,1,192,-0.5936188428357944,independent_recurrence
1952,3,12,600,1,-124,-0.5394403312691174,independent_recurrence
1952,3,13,600,1,-436,-0.46073143695178875,independent_recurrence
1952,3,14,600,1,-79,0.7382553889459517,independent_recurrence
1952,3,15,600,1,-7,0.7375507933728642,propagation
1962,9,0,600,1,-149,-0.37226557241239683,independent_recurrence
1962,9,1,600,1,0,0.6384744153441155,propagation
1962,9,2,600,1,145,0.6235043387460278,independent_recurrence
1962,9,3,600,1,1,-0.7358329753287793,propagation
1962,9,4,600,1,109,0.7872046050868515,independent_recurrence
1962,9,5,600,1,51,0.8146837978847571,independent_recurrence
1962,9,6,600,1,-173,0.6924997706769388,independent_recurrence
1962,9,7,600,1,99,0.7551316655989543,independent_recurrence
1962,9,8,600,1,65,0.7972704110479945,independent_recurrence
1962,9,10,600,1,-54,0.5948859706273859,independent_recurrence
1962,9,11,600,1,-229,0.36978365337811114,independent_recurrence
1962,9,12,600,1,-34,-0.8091693537314772,propagation
1962,9,13,600,1,-215,0.6368086428029119,independent_recurrence
1962,9,14,600,1,-151,0.6374062797789167,independent_recurrence
1962,9,15,600,1,0,-0.8258522382379165,propagation
1966,2,0,600,1,173,-0.5692687995616256,independent_recurrence
1966,2,1,600,1,456,0.4413571317443591,independent_recurrence
1966,2,3,600,1,-295,0.5710234219955413,independent_recurrence
1966,2,4,600,1,0,-0.5186944944112433,propagation
1966,2,5,600,1,178,-0.5937391547022909,independent_recurrence
1966,2,6,600,1,175,-0.5770245785921988,independent_recurrence
1966,2,7,600,1,173,-0.5690885451545722,independent_recurrence
1966,2,8,600,1,173,-0.5846527994075634,independent_recurrence
1966,2,9,600,1,175,-0.6183032212662883,independent_recurrence
1966,2,10,600,1,174,0.5863601730525121,independent_recurrence
1966,2,11,600,1,175,-0.6138304008728255,independent_recurrence
1966,2,12,600,1,0,-0.5092664661057348,propagation
1966,2,13,600,1,0,-0.6360193335652711,propagation
1966,2,14,600,1,0,-0.5281658873556889,propagation
1966,2,15,600,1,168,-0.5580426895797759,independent_recurrence
1973,11,0,600,1,98,-0.2390254257089171,independent_recurrence
1973,11,1,600,1,-73,0.18102302308223797,independent_recurrence
1973,11,2,600,1,29,-0.1963659772386526,propagation
1973,11,3,600,1,-2,-0.25001088955386164,propagation
1973,11,4,600,1,483,0.2874580844820694,independent_recurrence
1973,11,5,600,1,42,0.24804314560865445,propagation
1973,11,6,600,1,-79,0.17199647267112844,independent_recurrence
1973,11,7,600,1,0,0.2770098014045038,propagation
1973,11,8,600,1,-92,0.15975748678676416,independent_recurrence
1973,11,9,600,1,48,-0.2751941252351304,propagation
1973,11,10,600,1,494,0.31744393110519004,independent_recurrence
1973,11,12,600,1,317,0.2886741646097097,independent_recurrence
1973,11,13,600,1,-94,-0.18550985785453958,independent_recurrence
1973,11,14,600,1,-50,-0.28413375816217346,propagation
1973,11,15,600,1,54,-0.28417905905298185,independent_recurrence
2005,3,0,600,1,97,-0.7325816365451171,independent_recurrence
2005,3,1,600,1,-6,0.9467365247465845,propagation
2005,3,2,600,1,0,0.7864446600777565,propagation
2005,3,4,600,1,178,-0.3594304671859612,independent_recurrence
2005,3,5,600,1,0,0.959956855398602,propagation
2005,3,6,600,1,0,-0.9142428806116902,propagation
2005,3,7,600,1,-42,0.6329643130555364,propagation
2005,3,8,600,1,372,0.4325162998144416,independent_recurrence
2005,3,9,600,1,0,-0.9502850486930701,propagation
2005,3,10,600,1,511,0.48216267215353087,independent_recurrence
2005,3,11,600,1,-5,0.8892080678863681,propagation
2005,3,12,600,1,0,0.9722557752667123,propagation
2005,3,13,600,1,-58,-0.5551820567537633,independent_recurrence
2005,3,14,600,1,0,0.965893796249453,propagation
2005,3,15,600,1,-25,0.9419389657415136,propagation
2030,15,0,600,1,40,-0.550371739796697,propagation
2030,15,1,600,1,232,-0.5211169776035474,independent_recurrence
2030,15,2,600,1,-278,0.5718850965456124,independent_recurrence
2030,15,3,600,1,236,-0.48975671070081156,independent_recurrence
2030,15,4,600,1,-271,0.43842106547969306,independent_recurrence
2030,15,5,600,1,-151,0.5552511775719329,independent_recurrence
2030,15,6,600,1,-242,0.5972446874575725,independent_recurrence
2030,15,7,600,1,236,-0.44458035174610605,independent_recurrence
2030,15,8,600,1,236,-0.439200744934137,independent_recurrence
2030,15,9,600,1,-27,-0.6280242165086304,propagation
2030,15,10,600,1,-274,-0.4665180955826408,independent_recurrence
2030,15,11,600,1,-188,0.47777740143666164,independent_recurrence
2030,15,12,600,1,236,-0.5976578750594871,independent_recurrence
2030,15,13,600,1,0,0.6498699151551779,propagation
2030,15,14,600,1,-142,0.49384674594776085,independent_recurrence
2033,2,0,600,1,0,0.7029662843252102,propagation
2033,2,1,600,1,0,0.5055369929538478,propagation
2033,2,3,600,1,523,-0.5761374869015945,independent_recurrence
2033,2,4,600,1,1,-0.6717955592567818,propagation
2033,2,5,600,1,0,0.6914334326551144,propagation
2033,2,6,600,1,0,0.6616144440453409,propagation
2033,2,7,600,1,0,0.6491836080022093,propagation
2033,2,8,600,1,523,0.5180783812063147,independent_recurrence
2033,2,9,600,1,2,-0.6790435019960116,propagation
2033,2,10,600,1,2,-0.5717406335510806,propagation
2033,2,11,600,1,4,-0.6561098443948323,propagation
2033,2,12,600,1,0,0.5074518492269665,propagation
2033,2,13,600,1,153,0.5735466396080634,independent_recurrence
2033,2,14,600,1,1,-0.5911815677310237,propagation
2033,2,15,600,1,86,-0.5668675077906667,independent_recurrence
2040,1,0,600,1,0,-0.7625531115686521,propagation
2040,1,2,600,1,4,-0.8267651067515822,propagation
2040,1,3,600,1,0,0.9128727606025717,propagation
2040,1,4,600,1,-14,0.8612560827543344,propagation
2040,1,5,600,1,-78,-0.8594009798307669,independent_recurrence
2040,1,6,600,1,-73,-0.8524006198576302,independent_recurrence
2040,1,7,600,1,-26,-0.878318259340554,propagation
2040,1,8,600,1,-16,-0.8878397875828123,propagation
2040,1,9,600,1,0,-0.7392243991819997,propagation
2040,1,10,600,1,0,-0.7015581512503257,propagation
2040,1,11,600,1,0,-0.7300868937972244,propagation
2040,1,12,600,1,2,0.9267866563402362,propagation
2040,1,13,600,1,0,0.9573822957222852,propagation
2040,1,14,600,1,26,0.8401804145286428,propagation
2040,1,15,600,1,-106,-0.8323309969729535,independent_recurrence
2047,10,0,600,1,-210,0.44275298899049065,independent_recurrence
2047,10,1,600,1,192,-0.4833695713085143,independent_recurrence
2047,10,2,600,1,70,0.6176884288694551,independent_recurrence
2047,10,3,600,1,-23,0.8507609787584652,propagation
2047,10,4,600,1,-227,-0.6029068255956542,independent_recurrence
2047,10,5,600,1,223,0.72348253108968,independent_recurrence
2047,10,6,600,1,-219,0.4598758890729898,independent_recurrence
2047,10,7,600,1,-221,0.5883412365085512,independent_recurrence
2047,10,8,600,1,-113,0.6344605456417226,independent_recurrence
2047,10,9,600,1,248,-0.5013438628160528,independent_recurrence
2047,10,11,600,1,122,0.6914562451047902,independent_recurrence
2047,10,12,600,1,49,-0.6228032699839086,propagation
2047,10,13,600,1,-95,-0.7685278578540512,independent_recurrence
2047,10,14,600,1,260,-0.6255987910696164,independent_recurrence
2047,10,15,600,1,247,0.6946255479123155,independent_recurrence
2059,11,0,600,1,0,0.8701233088908344,propagation
2059,11,1,600,1,0,0.7339389108387566,propagation
2059,11,2,600,1,0,-0.848804430280442,propagation
2059,11,3,600,1,0,0.8109074906844226,propagation
2059,11,4,600,1,-14,-0.8057443000415623,propagation
2059,11,5,600,1,0,0.8207957445168781,propagation
2059,11,6,600,1,0,0.8152237462000826,propagation
2059,11,7,600,1,0,0.8539491656932243,propagation
2059,11,8,600,1,0,0.8501668126995728,propagation
2059,11,9,600,1,0,0.7570651610189371,propagation
2059,11,10,600,1,0,0.9320503673486235,propagation
2059,11,12,600,1,0,-0.7441790936956928,propagation
2059,11,13,600,1,0,-0.8180875651204499,propagation
2059,11,14,600,1,0,-0.7643427652638117,propagation
2059,11,15,600,1,22,0.5848967898401338,propagation
2062,7,0,600,1,-483,0.5737519396452712,independent_recurrence
2062,7,1,600,1,0,0.7676619879500284,propagation
2062,7,2,600,1,0,-0.7057355699895849,propagation
2062,7,3,600,1,-156,-0.47230152806142695,independent_recurrence
2062,7,4,600,1,0,0.66663937897843,propagation
2062,7,5,600,1,0,0.7196940278390305,propagation
2062,7,6,600,1,-123,-0.5749172895229194,independent_recurrence
2062,7,8,600,1,0,0.6935156847796304,propagation
2062,7,9,600,1,-1,-0.6910553341126211,propagation
2062,7,10,600,1,-1,-0.6702112073451936,propagation
2062,7,11,600,1,-496,0.49145209906332316,independent_recurrence
2062,7,12,600,1,-1,-0.6296459150394108,propagation
2062,7,13,600,1,-6,-0.5397508877792937,propagation
2062,7,14,600,1,-503,0.49122999703168974,independent_recurrence
2062,7,15,600,1,-254,-0.5035953891740181,independent_recurrence
2074,2,0,600,1,0,-0.8668133767955932,propagation
2074,2,1,600,1,-136,0.7914955643151403,independent_recurrence
2074,2,3,600,1,0,-0.6137442694823997,propagation
2074,2,4,600,1,-129,0.7371390144944202,independent_recurrence
2074,2,5,600,1,45,0.6133010011885722,propagation
2074,2,6,600,1,-129,0.7909749926718714,independent_recurrence
2074,2,7,600,1,0,-0.7531971827860952,propagation
2074,2,8,600,1,0,-0.7996946573061274,propagation
2074,2,9,600,1,0,-0.7525662389284477,propagation
2074,2,10,600,1,0,-0.78762365590908,propagation
2074,2,11,600,1,0,0.8335475475334194,propagation
2074,2,12,600,1,-114,-0.7916444614520322,independent_recurrence
2074,2,13,600,1,0,0.7511344515960431,propagation
2074,2,14,600,1,0,-0.6297255839030785,propagation
2074,2,15,600,1,-14,-0.6841137397862938,propagation
2088,11,0,600,1,0,0.8801601446531936,propagation
2088,11,1,600,1,226,0.3307413003661764,independent_recurrence
2088,11,2,600,1,0,0.9329332717554466,propagation
2088,11,3,600,1,81,-0.4336926764005932,independent_recurrence
2088,11,4,600,1,45,0.6783115162904796,propagation
2088,11,5,600,1,0,0.879649918478214,propagation
2088,11,6,600,1,0,-0.8960560452042226,propagation
2088,11,7,600,1,1,-0.9109479136991606,propagation
2088,11,8,600,1,0,-0.9206303793424689,propagation
2088,11,9,600,1,-30,0.3419789839016613,propagation
2088,11,10,600,1,0,0.9391949973589222,propagation
2088,11,12,600,1,0,0.922308196942073,propagation
2088,11,13,600,1,0,0.9346124047614478,propagation
2088,11,14,600,1,0,-0.46153859526858754,propagation
2088,11,15,600,1,1,-0.5837911883436762,propagation
2089,14,0,600,1,48,-0.6486362220783918,propagation
2089,14,1,600,1,0,0.5572008524929634,propagation
2089,14,2,600,1,0,0.40921627566893487,propagation
2089,14,3,600,1,577,-0.4115455094684953,independent_recurrence
2089,14,4,600,1,54,0.42283209733207305,independent_recurrence
2089,14,5,600,1,138,-0.6965982373001024,independent_recurrence
2089,14,6,600,1,24,0.48599507333028547,propagation
2089,14,7,600,1,195,0.5808589227515895,independent_recurrence
2089,14,8,600,1,96,-0.6533626515112392,independent_recurrence
2089,14,9,600,1,0,0.3551191936616984,propagation
2089,14,10,600,1,511,0.4381935430128392,independent_recurrence
2089,14,11,600,1,22,0.5363057025232665,propagation
2089,14,12,600,1,-1,-0.5683249274972578,propagation
2089,14,13,600,1,65,0.5108167404870314,independent_recurrence
2089,14,15,600,1,500,0.40288450382115787,independent_recurrence
2090,2,0,600,1,87,-0.6693695848419708,independent_recurrence
2090,2,1,600,1,150,-0.7375294285369033,independent_recurrence
2090,2,3,600,1,-92,0.7205999602523057,independent_recurrence
2090,2,4,600,1,-19,0.6081929012818743,propagation
2090,2,5,600,1,-28,0.7936490739465959,propagation
2090,2,6,600,1,-33,0.6412855695110087,propagation
2090,2,7,600,1,-28,0.7469747615824823,propagation
2090,2,8,600,1,-33,0.7431379793409618,propagation
2090,2,9,600,1,209,0.4817053133941683,independent_recurrence
2090,2,10,600,1,-164,0.6734752007705296,independent_recurrence
2090,2,11,600,1,53,-0.8768499003847982,independent_recurrence
2090,2,12,600,1,13,0.7304688580217431,propagation
2090,2,13,600,1,0,0.7257739626947743,propagation
2090,2,14,600,1,-82,0.41076300505103747,independent_recurrence
2090,2,15,600,1,-60,0.8069235923748418,independent_recurrence
2092,7,0,600,1,0,0.8619450727489766,propagation
2092,7,1,600,1,0,-0.9033156156625239,propagation
2092,7,2,600,1,0,-0.8149972413620321,propagation
2092,7,3,600,1,0,-0.9026935722090033,propagation
2092,7,4,600,1,-43,0.7260564294297831,propagation
2092,7,5,600,1,0,0.8395149558274155,propagation
2092,7,6,600,1,0,0.8263385577363987,propagation
2092,7,8,600,1,0,0.8100885219836996,propagation
2092,7,9,600,1,-253,-0.3247122930608207,independent_recurrence
2092,7,10,600,1,0,0.8424196712415104,propagation
2092,7,11,600,1,-72,0.6253788926001884,independent_recurrence
2092,7,12,600,1,0,0.8899533621400967,propagation
2092,7,13,600,1,0,0.8697210079960704,propagation
2092,7,14,600,1,0,0.788467255062341,propagation
2092,7,15,600,1,0,0.9876505837726757,propagation
2097,7,0,600,1,-77,-0.6395935290007574,independent_recurrence
2097,7,1,600,1,34,-0.7614677010144876,propagation
2097,7,2,600,1,43,0.8620420636694185,propagation
2097,7,3,600,1,119,0.8156003457961922,independent_recurrence
2097,7,4,600,1,-93,-0.506780736295764,independent_recurrence
2097,7,5,600,1,22,0.8886535115062802,propagation
2097,7,6,600,1,44,-0.8162918159905256,propagation
2097,7,8,600,1,187,0.5855233093964,independent_recurrence
2097,7,9,600,1,-90,0.5828097264925078,independent_recurrence
2097,7,10,600,1,21,0.7686399866273997,propagation
2097,7,11,600,1,-92,0.5821381893241594,independent_recurrence
2097,7,12,600,1,-124,-0.6752234188293369,independent_recurrence
2097,7,13,600,1,-114,-0.8507699759562013,independent_recurrence
2097,7,14,600,1,-151,0.7050666126850085,independent_recurrence
2097,7,15,600,1,-138,-0.6725009697162944,independent_recurrence
2099,2,0,600,1,0,0.701332838186327,propagation
2099,2,1,600,1,0,0.5839608769639848,propagation
2099,2,3,600,1,-262,-0.4471106275639295,independent_recurrence
2099,2,4,600,1,-42,0.5784412084175478,propagation
2099,2,5,600,1,-10,0.5908409063712171,propagation
2099,2,6,600,1,-95,0.5236182560826848,independent_recurrence
2099,2,7,600,1,0,0.6554606553807093,propagation
2099,2,8,600,1,-548,-0.4800619950852263,independent_recurrence
2099,2,9,600,1,-63,0.693138065785915,independent_recurrence
2099,2,10,600,1,-548,-0.6331464260467142,independent_recurrence
2099,2,11,600,1,-549,-0.5720681857504815,independent_recurrence
2099,2,12,600,1,-66,-0.48902919121700694,independent_recurrence
2099,2,13,600,1,-2,-0.6408766408269879,propagation
2099,2,14,600,1,-10,0.6352165455639721,propagation
2099,2,15,600,1,-549,-0.6242545164444638,independent_recurrence
2106,12,0,600,1,216,0.6899865252915167,independent_recurrence
2106,12,1,600,1,145,0.5402420205047115,independent_recurrence
2106,12,2,600,1,0,0.5679910372699173,propagation
2106,12,3,600,1,127,0.8545803095093445,independent_recurrence
2106,12,4,600,1,147,-0.521412986891256,independent_recurrence
2106,12,5,600,1,184,-0.4426661864670814,independent_recurrence
2106,12,6,600,1,196,-0.48171046581931865,independent_recurrence
2106,12,7,600,1,-317,0.641636721888421,independent_recurrence
2106,12,8,600,1,198,-0.5738952424323509,independent_recurrence
2106,12,9,600,1,-317,-0.4879193332944009,independent_recurrence
2106,12,10,600,1,-292,-0.6683780461012073,independent_recurrence
2106,12,11,600,1,-318,-0.46493621286923426,independent_recurrence
2106,12,13,600,1,-237,-0.4311511204067727,independent_recurrence
2106,12,14,600,1,-189,0.6239630956510281,independent_recurrence
2106,12,15,600,1,-318,0.4863280150234965,independent_recurrence
2107,15,0,600,1,554,-0.4406877889499979,independent_recurrence
2107,15,1,600,1,0,0.5310411578320092,propagation
2107,15,2,600,1,0,0.5768132183563718,propagation
2107,15,3,600,1,0,0.533557999091495,propagation
2107,15,4,600,1,1,-0.31850273870947926,propagation
2107,15,5,600,1,0,0.4997705859271029,propagation
2107,15,6,600,1,92,0.27159378054944,independent_recurrence
2107,15,7,600,1,59,0.3354436910364268,independent_recurrence
2107,15,8,600,1,0,0.4717957005876273,propagation
2107,15,9,600,1,560,0.369180533359385,independent_recurrence
2107,15,10,600,1,1,-0.44907854596828384,propagation
2107,15,11,600,1,296,0.4495254725358774,independent_recurrence
2107,15,12,600,1,1,-0.360807048677832,propagation
2107,15,13,600,1,1,-0.3739962873368213,propagation
2107,15,14,600,1,1,-0.3179229012913655,propagation
2114,6,0,600,1,54,0.7733656945559503,independent_recurrence
2114,6,1,600,1,-253,0.5805115173264267,independent_recurrence
2114,6,2,600,1,0,-0.5264872597761017,propagation
2114,6,3,600,1,-66,-0.5919262585629542,independent_recurrence
2114,6,4,600,1,121,-0.5945960647934938,independent_recurrence
2114,6,5,600,1,221,0.4079395541595358,independent_recurrence
2114,6,7,600,1,27,-0.5901996295649368,propagation
2114,6,8,600,1,-193,-0.5576143994698834,independent_recurrence
2114,6,9,600,1,-286,-0.41330080712557093,independent_recurrence
2114,6,10,600,1,-250,0.5432928608082583,independent_recurrence
2114,6,11,600,1,-254,0.4477508339588208,independent_recurrence
2114,6,12,600,1,212,0.6795465196791864,independent_recurrence
2114,6,13,600,1,221,0.5632737589161068,independent_recurrence
2114,6,14,600,1,-117,0.4105707429705206,independent_recurrence
2114,6,15,600,1,-295,-0.7106836905140379,independent_recurrence
2124,4,0,600,1,0,0.7227947183831894,propagation
2124,4,1,600,1,-2,-0.6600715529237974,propagation
2124,4,2,600,1,208,0.48221708437608546,independent_recurrence
2124,4,3,600,1,0,0.6111341358513437,propagation
2124,4,5,600,1,-139,-0.3886320202508132,independent_recurrence
2124,4,6,600,1,0,0.5873416458092311,propagation
2124,4,7,600,1,-1,-0.7509783020980071,propagation
2124,4,8,600,1,-1,-0.725628456351549,propagation
2124,4,9,600,1,0,0.7543161043457541,propagation
2124,4,10,600,1,1,-0.7740042025981418,propagation
2124,4,11,600,1,-45,-0.5054228836898154,propagation
2124,4,12,600,1,273,-0.47328206835444586,independent_recurrence
2124,4,13,600,1,1,-0.7811101732907422,propagation
2124,4,14,600,1,0,-0.7781126661154391,propagation
2124,4,15,600,1,2,-0.6865089480127072,propagation
2125,0,1,600,1,0,0.902099615783153,propagation
2125,0,2,600,1,-70,0.5750819082534386,independent_recurrence
2125,0,3,600,1,0,-0.7993287133954329,propagation
2125,0,4,600,1,0,-0.8830013704584815,propagation
2125,0,5,600,1,0,-0.9306085552105376,propagation
2125,0,6,600,1,79,0.662779811608183,independent_recurrence
2125,0,7,600,1,12,-0.7485602899769147,propagation
2125,0,8,600,1,0,-0.9455113224313139,propagation
2125,0,9,600,1,0,0.9328311630901038,propagation
2125,0,10,600,1,0,0.9557350076821505,propagation
2125,0,11,600,1,252,0.4136467551259154,independent_recurrence
2125,0,12,600,1,0,0.885313065737571,propagation
2125,0,13,600,1,0,0.9273659488004424,propagation
2125,0,14,600,1,-23,0.8289688967179475,propagation
2125,0,15,600,1,42,0.45081422900141915,propagation
2146,2,0,600,1,-48,0.46250006554288026,propagation
2146,2,1,600,1,-49,0.5012107291812395,propagation
2146,2,3,600,1,-48,0.4452563755322897,propagation
2146,2,4,600,1,-48,0.49433229515872956,propagation
2146,2,5,600,1,-48,0.476202581768049,propagation
2146,2,6,600,1,-48,0.44898429056930683,propagation
2146,2,7,600,1,-48,0.4910500728206152,propagation
2146,2,8,600,1,-48,0.5009719499872602,propagation
2146,2,9,600,1,-48,0.498282766986397,propagation
2146,2,10,600,1,-48,0.4747463149748298,propagation
2146,2,11,600,1,-48,0.47377866183155143,propagation
2146,2,12,600,1,-49,-0.5337386834619005,propagation
2146,2,13,600,1,-48,-0.5070887653964079,propagation
2146,2,14,600,1,8,0.5850503358643488,propagation
2146,2,15,600,1,0,0.5052395540921478,propagation
2152,1,0,600,1,-26,-0.333084983697165,propagation
2152,1,2,600,1,0,0.5058047052090495,propagation
2152,1,3,600,1,0,0.49541779023847793,propagation
2152,1,4,600,1,0,0.4919043783466871,propagation
2152,1,5,600,1,0,0.6195022512683286,propagation
2152,1,6,600,1,0,0.50090606854581,propagation
2152,1,7,600,1,0,0.48847028643742324,propagation
2152,1,8,600,1,0,0.501088534292918,propagation
2152,1,9,600,1,553,0.29560856818555087,independent_recurrence
2152,1,10,600,1,0,-0.42240626725946373,propagation
2152,1,11,600,1,0,-0.4005560003883431,propagation
2152,1,12,600,1,0,0.5952783213229923,propagation
2152,1,13,600,1,0,0.5045981881499515,propagation
2152,1,14,600,1,0,0.30693948113021907,propagation
2152,1,15,600,1,0,0.33547915353502217,propagation
2172,7,0,600,1,-135,0.5661128405532933,independent_recurrence
2172,7,1,600,1,0,-0.9477015854137373,propagation
2172,7,2,600,1,0,0.9886586399823938,propagation
2172,7,3,600,1,0,0.9529603962841843,propagation
2172,7,4,600,1,0,-0.9347661034599457,propagation
2172,7,5,600,1,0,0.9896523720954132,propagation
2172,7,6,600,1,0,-0.9462868655615265,propagation
2172,7,8,600,1,70,-0.45794328271668644,independent_recurrence
2172,7,9,600,1,0,0.8458559370646545,propagation
2172,7,10,600,1,0,0.9076679940368708,propagation
2172,7,11,600,1,39,0.8725337915026785,propagation
2172,7,12,600,1,0,0.9853898278486808,propagation
2172,7,13,600,1,-9,0.7851389789107008,propagation
2172,7,14,600,1,-70,-0.660343447073626,independent_recurrence
2172,7,15,600,1,0,0.8710088661134228,propagation
2175,2,0,600,1,-447,-0.6919070570416589,independent_recurrence
2175,2,1,600,1,-447,0.658543185543028,independent_recurrence
2175,2,3,600,1,0,-0.6557849997404884,propagation
2175,2,4,600,1,-351,0.624305072335081,independent_recurrence
2175,2,5,600,1,-73,-0.5584687529199269,independent_recurrence
2175,2,6,600,1,0,-0.580189980672883,propagation
2175,2,7,600,1,0,0.5826040842693473,propagation
2175,2,8,600,1,0,0.6063928668915822,propagation
2175,2,9,600,1,-447,0.6121478983453585,independent_recurrence
2175,2,10,600,1,-1,-0.5736689847686289,propagation
2175,2,11,600,1,-447,0.579459311832025,independent_recurrence
2175,2,12,600,1,10,0.7178123618305974,propagation
2175,2,13,600,1,-447,0.5977976920047375,independent_recurrence
2175,2,14,600,1,-447,0.5592532902017837,independent_recurrence
2175,2,15,600,1,-447,0.6256094943672772,independent_recurrence
2176,7,0,600,1,291,-0.5141523081756937,independent_recurrence
2176,7,1,600,1,1,-0.6197149551246304,propagation
2176,7,2,600,1,480,-0.7309443903905278,independent_recurrence
2176,7,3,600,1,45,0.610672267476389,propagation
2176,7,4,600,1,505,-0.701886787064606,independent_recurrence
2176,7,5,600,1,544,-0.5726197205987927,independent_recurrence
2176,7,6,600,1,341,-0.5816028169354587,independent_recurrence
2176,7,8,600,1,41,-0.6525694396257578,propagation
2176,7,9,600,1,70,-0.7244327855567909,independent_recurrence
2176,7,10,600,1,-4,0.853233673732357,propagation
2176,7,11,600,1,53,0.5259580405420887,independent_recurrence
2176,7,12,600,1,10,0.8312981762037642,propagation
2176,7,13,600,1,78,0.7381170996117031,independent_recurrence
2176,7,14,600,1,103,-0.6010485915145373,independent_recurrence
2176,7,15,600,1,1,-0.5649312695729369,propagation
2179,2,0,600,1,145,-0.7585940265285683,independent_recurrence
2179,2,1,600,1,4,-0.6224576015805013,propagation
2179,2,3,600,1,145,-0.708042069877835,independent_recurrence
2179,2,4,600,1,20,0.7540741761522053,propagation
2179,2,5,600,1,145,0.8572684881271364,independent_recurrence
2179,2,6,600,1,243,-0.5700411968061757,independent_recurrence
2179,2,7,600,1,0,0.7461238808149336,propagation
2179,2,8,600,1,0,0.7361609120073004,propagation
2179,2,9,600,1,145,-0.71034884535903,independent_recurrence
2179,2,10,600,1,145,-0.6868423299843596,independent_recurrence
2179,2,11,600,1,145,-0.7007259008301063,independent_recurrence
2179,2,12,600,1,8,-0.6701604328846109,propagation
2179,2,13,600,1,8,-0.7026175990831124,propagation
2179,2,14,600,1,98,-0.7792957837247877,independent_recurrence
2179,2,15,600,1,145,0.6975606437506587,independent_recurrence
2182,7,0,600,1,113,-0.5426085721578362,independent_recurrence
2182,7,1,600,1,-260,0.4324363738711641,independent_recurrence
2182,7,2,600,1,-351,-0.665389336941179,independent_recurrence
2182,7,3,600,1,-249,0.4473444718282419,independent_recurrence
2182,7,4,600,1,-305,0.3243371416164802,independent_recurrence
2182,7,5,600,1,115,0.5500359443580025,independent_recurrence
2182,7,6,600,1,-538,-0.3554276069011885,independent_recurrence
2182,7,8,600,1,-176,-0.6117928450513006,independent_recurrence
2182,7,9,600,1,-190,-0.7232306902664125,independent_recurrence
2182,7,10,600,1,87,-0.4185235898264874,independent_recurrence
2182,7,11,600,1,-294,0.48324787624588955,independent_recurrence
2182,7,12,600,1,-362,0.4435950348594855,independent_recurrence
2182,7,13,600,1,107,-0.6361088918861632,independent_recurrence
2182,7,14,600,1,0,0.5990608286181934,propagation
2182,7,15,600,1,104,-0.40790146940910094,independent_recurrence
2187,0,1,600,1,-59,-0.7181700597074656,independent_recurrence
2187,0,2,600,1,52,-0.7265080315018703,independent_recurrence
2187,0,3,600,1,-45,-0.8741738282433048,propagation
2187,0,4,600,1,-59,-0.8099330055402592,independent_recurrence
2187,0,5,600,1,0,0.6849522414824043,propagation
2187,0,6,600,1,238,0.7918702203192313,independent_recurrence
2187,0,7,600,1,418,-0.5695632115663927,independent_recurrence
2187,0,8,600,1,0,0.6996115908893391,propagation
2187,0,9,600,1,-11,-0.8415196104368634,propagation
2187,0,10,600,1,413,-0.5140132319157376,independent_recurrence
2187,0,11,600,1,120,0.6926140618098678,independent_recurrence
2187,0,12,600,1,55,-0.7195285675443314,independent_recurrence
2187,0,13,600,1,44,0.8324497195409538,propagation
2187,0,14,600,1,120,0.7824158690326809,independent_recurrence
2187,0,15,600,1,0,-0.7406731249488689,propagation
2193,6,0,600,1,0,-0.8908679771052684,propagation
2193,6,1,600,1,0,0.9576975985270265,propagation
2193,6,2,600,1,-16,-0.6782034158183978,propagation
2193,6,3,600,1,0,0.48462615485156324,propagation
2193,6,4,600,1,0,-0.8253014767092294,propagation
2193,6,5,600,1,0,0.9463183372531198,propagation
2193,6,7,600,1,0,0.9481248312941455,propagation
2193,6,8,600,1,0,0.9493932063750511,propagation
2193,6,9,600,1,-1,-0.7741272275454907,propagation
2193,6,10,600,1,0,-0.7029523573774465,propagation
2193,6,11,600,1,-112,-0.540693029855405,independent_recurrence
2193,6,12,600,1,0,-0.841630090698029,propagation
2193,6,13,600,1,0,-0.802972290089629,propagation
2193,6,14,600,1,0,-0.9170698287488123,propagation
2193,6,15,600,1,-1,-0.736506331087544,propagation
2196,14,0,600,1,136,-0.6250771168158212,independent_recurrence
2196,14,1,600,1,497,-0.5217332137422854,independent_recurrence
2196,14,2,600,1,223,0.7027948878273478,independent_recurrence
2196,14,3,600,1,103,-0.5939984735718343,independent_recurrence
2196,14,4,600,1,478,0.6575023195170897,independent_recurrence
2196,14,5,600,1,478,0.5994293226360552,independent_recurrence
2196,14,6,600,1,258,0.760710999236762,independent_recurrence
2196,14,7,600,1,60,-0.656108857718051,independent_recurrence
2196,14,8,600,1,478,0.6355753841755228,independent_recurrence
2196,14,9,600,1,0,0.6040312841490866,propagation
2196,14,10,600,1,136,-0.7685109626935642,independent_recurrence
2196,14,11,600,1,0,0.6796895900983847,propagation
2196,14,12,600,1,-27,0.6490232614973117,propagation
2196,14,13,600,1,478,-0.6718198702402208,independent_recurrence
2196,14,15,600,1,215,-0.6579612033970654,independent_recurrence
2205,15,0,600,1,0,0.6900762885594328,propagation
2205,15,1,600,1,-440,-0.622171192411238,independent_recurrence
2205,15,2,600,1,0,-0.6513983430620387,propagation
2205,15,3,600,1,-27,0.5522339239366365,propagation
2205,15,4,600,1,-24,0.6674204133894159,propagation
2205,15,5,600,1,-1,-0.7056577976904276,propagation
2205,15,6,600,1,-1,-0.7134118716233633,propagation
2205,15,7,600,1,1,-0.7252366657933836,propagation
2205,15,8,600,1,-1,-0.6984483287337543,propagation
2205,15,9,600,1,0,0.7288877579460573,propagation
2205,15,10,600,1,0,0.7192631597632884,propagation
2205,15,11,600,1,0,0.7562026256128638,propagation
2205,15,12,600,1,0,0.7767947902709494,propagation
2205,15,13,600,1,0,0.6887043372550514,propagation
2205,15,14,600,1,0,0.7248913173908682,propagation
2215,15,0,600,1,0,0.8437585481259059,propagation
2215,15,1,600,1,-2,0.7743349670145185,propagation
2215,15,2,600,1,-163,0.8044827678870966,independent_recurrence
2215,15,3,600,1,-131,0.7416420847279276,independent_recurrence
2215,15,4,600,1,-121,-0.6452222971845567,independent_recurrence
2215,15,5,600,1,-120,0.6273149167975083,independent_recurrence
2215,15,6,600,1,-119,0.662108243631959,independent_recurrence
2215,15,7,600,1,-117,0.6345457699130204,independent_recurrence
2215,15,8,600,1,-119,0.6318814318979632,independent_recurrence
2215,15,9,600,1,-119,0.609957652965897,independent_recurrence
2215,15,10,600,1,0,0.6097970372956137,propagation
2215,15,11,600,1,-133,0.628895682535577,independent_recurrence
2215,15,12,600,1,-466,0.5645210299511988,independent_recurrence
2215,15,13,600,1,0,-0.6207986300517903,propagation
2215,15,14,600,1,-126,-0.6473428470483369,independent_recurrence
2222,0,1,600,1,154,0.8330129900976758,independent_recurrence
2222,0,2,600,1,155,0.7891393022079585,independent_recurrence
2222,0,3,600,1,112,0.8077416015001839,independent_recurrence
2222,0,4,600,1,197,0.49037299211547863,independent_recurrence
2222,0,5,600,1,0,-0.7344429858816269,propagation
2222,0,6,600,1,0,-0.8657883474858359,propagation
2222,0,7,600,1,89,-0.7126489950040027,independent_recurrence
2222,0,8,600,1,19,-0.719856939048055,propagation
2222,0,9,600,1,-17,0.6792129205406011,propagation
2222,0,10,600,1,167,0.8591558212419254,independent_recurrence
2222,0,11,600,1,46,0.6724642479049644,propagation
2222,0,12,600,1,14,0.8043805182121558,propagation
2222,0,13,600,1,0,-0.7750743272290807,propagation
2222,0,14,600,1,111,0.8887361098233786,independent_recurrence
2222,0,15,600,1,154,-0.6567789186217479,independent_recurrence
2241,9,0,600,1,0,0.9776713213661337,propagation
2241,9,1,600,1,-12,-0.6680456560612155,propagation
2241,9,2,600,1,0,-0.9323216742932349,propagation
2241,9,3,600,1,-99,-0.6540562475505639,independent_recurrence
2241,9,4,600,1,0,-0.8949655517138945,propagation
2241,9,5,600,1,22,0.9031588793825219,propagation
2241,9,6,600,1,0,0.9281141057072314,propagation
2241,9,7,600,1,56,0.9083896121743679,independent_recurrence
2241,9,8,600,1,17,0.8937230174800417,propagation
2241,9,10,600,1,0,0.9951814995915977,artifact
2241,9,11,600,1,0,0.9986557172926541,artifact
2241,9,12,600,1,209,-0.7011629029796627,independent_recurrence
2241,9,13,600,1,111,-0.7683286573683907,independent_recurrence
2241,9,14,600,1,192,-0.771225505354773,independent_recurrence
2241,9,15,600,1,0,0.4585857157672793,propagation
2243,13,0,600,1,348,-0.4407548624198163,independent_recurrence
2243,13,1,600,1,267,0.3184198088971558,independent_recurrence
2243,13,2,600,1,333,-0.42342755063499293,independent_recurrence
2243,13,3,600,1,-124,0.40042009079602203,independent_recurrence
2243,13,4,600,1,520,0.2689554023701309,independent_recurrence
2243,13,5,600,1,515,-0.25982138740808836,independent_recurrence
2243,13,6,600,1,396,0.42472121137297175,independent_recurrence
2243,13,7,600,1,332,0.4226333206305148,independent_recurrence
2243,13,8,600,1,-100,-0.25933412942020984,independent_recurrence
2243,13,9,600,1,15,0.4454364269857975,propagation
2243,13,10,600,1,381,-0.338564716526369,independent_recurrence
2243,13,11,600,1,-82,-0.4298354770652986,independent_recurrence
2243,13,12,600,1,124,0.48866742856770684,independent_recurrence
2243,13,14,600,1,354,-0.2614912788424946,independent_recurrence
2243,13,15,600,1,258,0.2748107284487754,independent_recurrence
2250,3,0,600,1,0,0.7759898723937391,propagation
2250,3,1,600,1,0,0.5591058480276536,propagation
2250,3,2,600,1,-108,0.6334350908523942,independent_recurrence
2250,3,4,600,1,-365,-0.5737517271635609,independent_recurrence
2250,3,5,600,1,-506,-0.5254650100035887,independent_recurrence
2250,3,6,600,1,0,-0.558494928705678,propagation
2250,3,7,600,1,0,-0.6651473607549415,propagation
2250,3,8,600,1,0,-0.6445734727242818,propagation
2250,3,9,600,1,0,-0.6467415997043776,propagation
2250,3,10,600,1,-265,-0.5588151576290749,independent_recurrence
2250,3,11,600,1,0,-0.7220450082872834,propagation
2250,3,12,600,1,0,0.7981872811356943,propagation
2250,3,13,600,1,-129,0.5321906488248055,independent_recurrence
2250,3,14,600,1,-120,-0.5593162908181328,independent_recurrence
2250,3,15,600,1,-107,-0.4856905292160784,independent_recurrence
2258,3,0,600,1,439,0.5601345050681307,independent_recurrence
2258,3,1,600,1,0,0.6186426166697502,propagation
2258,3,2,600,1,110,-0.5928585843161854,independent_recurrence
2258,3,4,600,1,129,0.598413892111098,independent_recurrence
2258,3,5,600,1,0,-0.6046517489940274,propagation
2258,3,6,600,1,0,-0.6247914496332734,propagation
2258,3,7,600,1,-110,0.5019702967815133,independent_recurrence
2258,3,8,600,1,14,-0.5802589181630441,propagation
2258,3,9,600,1,0,0.7294345167776289,propagation
2258,3,10,600,1,367,-0.5018495127361388,independent_recurrence
2258,3,11,600,1,170,0.6242008335730941,independent_recurrence
2258,3,12,600,1,-3,-0.6956142145069896,propagation
2258,3,13,600,1,154,-0.5990725511591275,independent_recurrence
2258,3,14,600,1,175,0.5620508708980054,independent_recurrence
2258,3,15,600,1,-44,-0.5229968723122184,propagation
2273,4,0,600,1,-103,-0.6408540682057755,independent_recurrence
2273,4,1,600,1,0,0.779461247356344,propagation
2273,4,2,600,1,0,0.7092233769320516,propagation
2273,4,3,600,1,0,0.549516862210752,propagation
2273,4,5,600,1,1,-0.4972035472091121,propagation
2273,4,6,600,1,0,-0.6624017571609992,propagation
2273,4,7,600,1,0,0.7181989797984412,propagation
2273,4,8,600,1,0,-0.714298243892449,propagation
2273,4,9,600,1,-238,0.6235498802068815,independent_recurrence
2273,4,10,600,1,0,-0.6707050961784989,propagation
2273,4,11,600,1,0,-0.7098498649219503,propagation
2273,4,12,600,1,-238,-0.7416845394210132,independent_recurrence
2273,4,13,600,1,0,0.6849259646982578,propagation
2273,4,14,600,1,0,-0.7310917432357873,propagation
2273,4,15,600,1,0,0.809545464641952,propagation
2279,2,0,600,1,0,0.6936877338247338,propagation
2279,2,1,600,1,0,0.9379386144922119,propagation
2279,2,3,600,1,166,-0.3438091867788918,independent_recurrence
2279,2,4,600,1,56,0.896634066568956,independent_recurrence
2279,2,5,600,1,0,0.9533133813796834,propagation
2279,2,6,600,1,0,0.9189638500126466,propagation
2279,2,7,600,1,0,0.9347159519705868,propagation
2279,2,8,600,1,0,0.9506894454670347,propagation
2279,2,9,600,1,0,0.9128754164011847,propagation
2279,2,10,600,1,8,-0.846380107375002,propagation
2279,2,11,600,1,0,-0.7519426410279985,propagation
2279,2,12,600,1,0,0.9626935368056191,propagation
2279,2,13,600,1,133,0.7061373478265378,independent_recurrence
2279,2,14,600,1,102,0.4887277944135794,independent_recurrence
2279,2,15,600,1,-85,0.4593870903541121,independent_recurrence
2300,2,0,600,1,0,0.7989917349698072,propagation
2300,2,1,600,1,200,0.5817809772031001,independent_recurrence
2300,2,3,600,1,309,-0.48948814545463337,independent_recurrence
2300,2,4,600,1,0,0.8060165606210203,propagation
2300,2,5,600,1,0,0.8571958321351834,propagation
2300,2,6,600,1,0,-0.5992669266551343,propagation
2300,2,7,600,1,0,-0.7308602982503678,propagation
2300,2,8,600,1,0,-0.9402080480794255,propagation
2300,2,9,600,1,274,0.6849536602216305,independent_recurrence
2300,2,10,600,1,1,-0.6370938295558383,propagation
2300,2,11,600,1,21,0.5890309421366633,propagation
2300,2,12,600,1,1,-0.7627715627839192,propagation
2300,2,13,600,1,1,-0.5805305519188666,propagation
2300,2,14,600,1,0,-0.9352739941354897,propagation
2300,2,15,600,1,0,-0.6050029610351222,propagation
2302,14,0,600,1,69,0.41775376350102095,independent_recurrence
2302,14,1,600,1,83,0.37607073418453885,independent_recurrence
2302,14,2,600,1,67,0.38424804268354695,independent_recurrence
2302,14,3,600,1,79,-0.43698199766697116,independent_recurrence
2302,14,4,600,1,-145,0.4374768467845887,independent_recurrence
2302,14,5,600,1,69,0.41471912178499876,independent_recurrence
2302,14,6,600,1,58,0.34648287622086693,independent_recurrence
2302,14,7,600,1,101,0.4615367635279565,independent_recurrence
2302,14,8,600,1,-202,-0.3270778907145471,independent_recurrence
2302,14,9,600,1,83,0.44277322199832175,independent_recurrence
2302,14,10,600,1,57,-0.40295342673841855,independent_recurrence
2302,14,11,600,1,94,-0.45749344475736026,independent_recurrence
2302,14,12,600,1,100,-0.4019315294244936,independent_recurrence
2302,14,13,600,1,69,-0.3911496365957717,independent_recurrence
2302,14,15,600,1,163,-0.44731981072414795,independent_recurrence
2319,10,0,600,1,-46,-0.41190610077988393,propagation
2319,10,1,600,1,134,0.5744074508517533,independent_recurrence
2319,10,2,600,1,0,-0.7317699247671493,propagation
2319,10,3,600,1,0,0.7657869282161557,propagation
2319,10,4,600,1,176,-0.7327684581326116,independent_recurrence
2319,10,5,600,1,309,0.6709074302395398,independent_recurrence
2319,10,6,600,1,1,-0.6382455196489171,propagation
2319,10,7,600,1,0,-0.5481811701328125,propagation
2319,10,8,600,1,108,0.7598065602563493,independent_recurrence
2319,10,9,600,1,134,0.5623133734572175,independent_recurrence
2319,10,11,600,1,90,0.6840503830246504,independent_recurrence
2319,10,12,600,1,139,-0.699239751675114,independent_recurrence
2319,10,13,600,1,14,0.7598788201330278,propagation
2319,10,14,600,1,17,-0.5618662124908582,propagation
2319,10,15,600,1,0,-0.683480500598705,propagation
2333,15,0,600,1,53,0.6203245071660328,independent_recurrence
2333,15,1,600,1,67,0.8369199873903642,independent_recurrence
2333,15,2,600,1,32,0.7104583755967534,propagation
2333,15,3,600,1,0,-0.784678202087055,propagation
2333,15,4,600,1,58,0.7156620625116706,independent_recurrence
2333,15,5,600,1,53,0.7990092413984028,independent_recurrence
2333,15,6,600,1,-93,-0.43517731695068224,independent_recurrence
2333,15,7,600,1,57,0.8070213699763459,independent_recurrence
2333,15,8,600,1,44,0.7774688725055283,propagation
2333,15,9,600,1,68,0.5861335158322603,independent_recurrence
2333,15,10,600,1,0,0.6640152222408598,propagation
2333,15,11,600,1,25,-0.7616516365610791,propagation
2333,15,12,600,1,56,0.844016921104809,independent_recurrence
2333,15,13,600,1,51,-0.7712569688957692,independent_recurrence
2333,15,14,600,1,40,0.640025450859666,propagation
11286,6,0,4320,1,0,0.6942700203964584,propagation
11286,6,1,4320,1,370,0.5930962918642775,independent_recurrence
11286,6,2,4320,1,-375,-0.5619074701924789,independent_recurrence
11286,6,3,4320,1,1102,-0.28544165147858713,independent_recurrence
11286,6,4,4320,1,-101,-0.5891880861707625,independent_recurrence
11286,6,5,4320,1,0,0.5642716254216184,propagation
11286,6,7,4320,1,-897,0.2791675215905257,independent_recurrence
11286,6,8,4320,1,0,0.694153270384998,propagation
11286,6,9,4320,1,0,0.7264499096941479,propagation
11286,6,10,4320,1,0,0.7288052242454065,propagation
11286,6,11,4320,1,0,0.7276375674112838,propagation
11286,6,12,4320,1,-294,0.5259657395216301,independent_recurrence
11286,6,13,4320,1,0,0.7006853598452638,propagation
11286,6,14,4320,1,0,0.6450001089139487,propagation
11286,6,15,4320,1,-1377,0.3595204792898459,independent_recurrence
11294,15,0,2880,1,152,0.6553353412128079,independent_recurrence
11294,15,1,2880,1,177,0.3788869082857901,independent_recurrence
11294,15,2,2880,1,0,-0.6725817072246157,propagation
11294,15,3,2880,1,-335,-0.5302743231361214,independent_recurrence
11294,15,4,2880,1,-74,0.7959879445824644,independent_recurrence
11294,15,5,2880,1,-251,0.822932773201212,independent_recurrence
11294,15,6,2880,1,-248,0.8270529081022511,independent_recurrence
11294,15,7,2880,1,-243,0.8140271022684222,independent_recurrence
11294,15,8,2880,1,-265,0.824323067025469,independent_recurrence
11294,15,9,2880,1,-244,0.8064759182614596,independent_recurrence
11294,15,10,2880,1,0,0.7298287580587803,propagation
11294,15,11,2880,1,-252,0.6239619440238238,independent_recurrence
11294,15,12,2880,1,0,0.7698330832257361,propagation
11294,15,13,2880,1,-338,0.8440519995661349,independent_recurrence
11294,15,14,2880,1,-641,0.7508522098142854,independent_recurrence
